,mz,rt,/home/zzy/data/raw-mzml/good-mzml/QE_TEST/SA5.mzML,/home/zzy/data/raw-mzml/good-mzml/QE_TEST/SA4.mzML,/home/zzy/data/raw-mzml/good-mzml/QE_TEST/SA1.mzML,/home/zzy/data/raw-mzml/good-mzml/QE_TEST/SA3.mzML,/home/zzy/data/raw-mzml/good-mzml/QE_TEST/SA2.mzML
1,371.1617,18.8,1309479725.2644916,1147915583.1498997,941257500.6417707,1123417162.2110581,1153365195.774081
2,442.2233,17.84,64130.8859981648,84307.75914648667,69668.81615282553,42716.1964477708,34480.425859051655
3,292.1118,3.1,94425574.5289531,90997981.01067375,96006783.16297421,92809973.01177907,105273070.52980734
4,502.2395,22.82,411656056.17843187,392369541.7565277,357755627.17554265,393274762.651243,407872944.8525455
5,342.1706,3.23,0.0,0.0,0.0,159724.75653564866,0.0
6,455.1791,17.06,2089200.6614749806,2184659.343294203,1831069.0816843081,2194822.753895788,2131209.763328368
7,408.1344,28.84,5716519.033138418,5450856.575072674,5242848.486365787,5420291.408498346,5562502.775576594
8,359.2447,0.73,60568740.5457999,58576138.936742686,50486252.69818189,62646738.59753512,62147308.79811815
9,527.3126,27.0,28375443.687724367,26628871.272420708,27880991.421461876,27048519.263363488,35822255.84959825
10,571.3155,5.62,1336749.052964474,996955.9634159389,633524.4124570104,1198729.1971085072,922896.0883875345
11,360.9916,28.73,1083665.6749967998,913029.4273602141,654386.1191348928,594235.8548008811,1026951.6192003537
12,312.1234,23.55,854969756.3949962,956397179.5588334,1079192466.3173668,949414641.0422176,994287660.2170848
13,205.0975,3.47,0.0,9525.173422871012,0.0,0.0,5568.220386198722
14,338.0867,3.2,58153139.58465305,63209205.14546933,61280069.786118366,62125579.23384135,69741608.38416803
15,444.0999,19.56,169278750.764599,148802969.49859443,142099510.26651025,146101178.8061733,147232949.60814223
16,397.1778,4.56,120681880.39017624,197101432.72169995,186452024.37668073,226883595.55887276,286811357.69967055
17,454.2245,3.27,9354425.747790108,5884767.560028721,9732954.669195946,8802465.304438379,9066221.337559596
18,442.2246,3.31,38009236.026134364,34533337.51362681,40999200.31018947,38719897.94386056,42077146.62672087
19,510.2657,3.66,17235901.45548979,13807043.119113863,13289372.452063099,10182907.592029097,15882752.280426102
20,310.1077,23.68,578628046.8244021,614036694.6383734,627945565.6303121,584391542.2676029,624546546.3049943
21,200.1107,3.38,154440354.79875937,136834701.49374598,169698572.21630925,160224432.9962181,179278346.82056552
22,309.1601,4.31,1129965885.7650921,1058484717.2636462,1137542594.938682,1108652051.6586037,1294253305.214559
23,478.0977,22.69,181627954.7088452,201267562.11612558,184297819.02142185,201304122.54580352,206847713.82189858
24,329.1535,0.53,1376323069.9883237,1322904760.8073807,1329199402.453229,1426733960.255887,1466913997.9417984
25,374.2121,19.34,591401562.0379194,562677125.9756327,421754048.1528357,565602134.3907244,554923884.8236284
26,408.1383,27.0,361948893.6229725,341744487.66985613,342114630.3205258,352251837.98230386,353662892.47872937
27,313.1736,12.18,0.0,0.0,0.0,11769.960845290361,0.0
28,453.2091,15.48,288421175.3218279,283421604.52829576,285071052.53410536,337691342.67408305,279797539.4091558
29,495.2201,25.98,16908330.2695075,19074399.100975916,17076311.48550435,17289381.02935032,16337920.596113171
30,376.1461,12.58,4971.152368896157,0.0,0.0,17959.23987760811,0.0
31,531.1575,12.35,257118622.82553613,277852528.1021705,305049288.3474158,328024898.9763603,309486760.19105786
32,407.2218,3.22,255266.09421652494,493983.2052637415,585601.4903841115,255236.44291720694,286392.82551406726
33,345.2429,24.7,11593346.425716488,11469056.883860461,12152419.700944984,11280511.597629875,11863684.282470193
34,268.1912,4.17,297785351.6813922,315062095.7846101,345136721.2578783,314811864.8994176,357329926.3026022
35,416.9913,24.88,124564572.86798824,134873731.0933053,95578896.10040343,129651662.96355167,133099127.40862335
36,264.1751,12.26,1834653876.8570616,1913238037.9446106,1356706581.966057,2204032350.372672,1878545169.3378906
37,320.141,3.38,1734055.0640863641,1605503.8181191767,1766924.1401044263,1590659.8608954467,1870748.0168218382
38,414.1554,5.02,345020188.1314695,345672107.81054586,353241179.9254497,368684076.753595,385760987.0803355
39,270.1856,10.04,1707313790.8378923,1474796357.4183102,1094618008.5195076,1806628694.604578,1440863607.5733397
40,261.1965,6.81,423420074.98962253,453742393.81834984,434080485.89462185,441392435.733837,442970226.9175656
41,340.1549,4.82,4821273884.950166,4719972917.160904,4564743956.452318,4848014183.12657,5305972046.939491
42,214.1091,5.47,761355295.9351765,747117857.9792519,747058132.1036751,732449317.3887223,859601695.948556
43,288.2324,9.72,749639683.4225034,636121822.3446064,407774668.6800582,764312714.9654198,627236398.2311435
44,315.2323,28.21,173916962.9736759,143792672.80418134,146261121.73573145,140534655.34520617,170133456.8972273
45,286.1917,4.19,184805245.30250826,197609602.80110586,216890471.8187768,188304148.97872913,239360655.6777616
46,277.0646,6.46,36814201.17427133,36566910.15241676,43594100.952044666,38635437.305966824,39041865.02407924
47,399.0764,11.55,73824013.51613651,60337176.21568707,32828773.197808407,71884578.7353747,53607670.68604474
48,317.1647,3.81,710976951.0453503,595432172.2960284,658447256.9529452,623115181.2305331,771084011.911383
49,308.1106,31.54,3614963.135975648,2394778.6531021283,2572238.087719491,2662659.9471429847,3897803.2138629397
50,408.1721,16.69,218765397.26925507,223487616.24920082,208539689.33989477,217418651.36840323,237897484.53446993
51,302.2482,11.46,3607434471.005411,3169525606.046956,2259198113.1799664,3161353169.46115,3171501078.6100755
52,256.1812,4.3,327271.4102089715,128483.21310481627,0.0,9362.01441573449,0.0
53,279.186,5.24,1938670536.1817431,1908040918.1613743,1047272791.1628355,1684823554.5457537,1643620293.5532048
54,245.2016,9.63,936044295.7001039,821717152.0715797,582157238.1498948,802322585.3850006,795476320.1338542
55,180.1022,5.88,873323427.0155214,899123960.6587764,948012175.4690276,889339935.2168533,835628420.0165346
56,355.2022,4.54,405541.98677673226,658227.5410069462,452960.6971607758,365622.14741697547,138977.45942139623
57,337.2127,3.67,1188724857.4551992,1181312131.2860975,1240086686.957665,1219300469.819201,1426676337.8534896
58,310.1264,5.46,179143408.99110433,186456582.99457443,193785620.48645583,186955928.8688347,208252226.9046898
59,327.1377,4.98,266626523.9178397,282661956.5256059,306132678.4829637,332408199.67166424,337499495.6520039
60,384.1448,4.12,1173498370.9901218,1140535006.2357278,1125127616.6053126,1137563615.300544,1291661535.966383
61,235.1808,3.59,489514410.2796773,460551523.39656323,456847104.7102345,435483897.4706285,526614439.77262235
62,195.092,3.47,398433435.94720876,329351071.0420991,345845877.6060848,315371718.0422977,419748220.68491906
63,438.1831,15.79,824409633.3825747,863180389.9018887,982249886.9046694,990347941.8475695,959022604.5822114
64,361.1206,31.63,33269675.093635015,22560363.223475177,27288082.774434138,27319145.15304985,34504319.462241635
65,242.1179,28.54,6113942.913792523,4794096.328054875,4832489.301953236,4808568.59687104,5912699.553536287
66,430.2596,12.4,336816863.38073516,385927761.95110345,377305014.5550068,445801162.0382172,387659320.5772092
67,180.1749,5.13,759385213.9427307,810489356.5388991,757474081.282819,786831993.2228451,918583110.0719587
68,484.1241,14.2,64301715.90042614,66322751.057489336,49972900.88366553,74817617.88229942,68201817.0430861
69,480.214,12.53,1300977956.9248333,1372178587.8299818,1083489807.7710118,1495427678.5283399,1392903837.1577845
70,254.1543,5.53,749936193.8039782,836937848.2881194,981672155.311063,804752292.1197761,933157543.2981392
71,285.0211,4.73,84637799.39215738,90189843.22973578,93242010.4387181,88193140.08000126,98949496.0209955
72,311.0813,6.9,1037931443.8337948,1007578580.3896626,980144884.0662894,1056149192.1260737,1022260248.578188
73,397.0101,22.36,28487713.999238253,12615950.353517763,1522383.7681125775,14866570.729900485,6424543.941832233
74,338.2515,25.73,1424059831.6182222,1733932052.386777,994920729.5098256,1502379375.9244843,1453379745.733582
75,377.2121,31.73,1598228.7166749318,1318157.904565023,936134.4360921823,1059813.8194593657,1819305.1720701093
76,381.0328,21.77,54191222.683796406,56715740.38599016,47113732.512326844,54989386.58297044,57444895.19177212
77,312.1379,16.03,519722405.96093,509177750.9781892,540765567.4783484,569610627.945768,513862189.2211697
78,404.0377,4.96,4562361.016494284,4359086.0602466855,3691780.9409594163,5127840.247279054,5375632.605178129
79,354.2431,20.1,5997937598.172979,5285430408.685067,3836128622.6260033,5240276486.983289,5042322893.802474
80,324.1962,10.37,1623144222.2530758,1470372516.3521075,1277210863.7327502,1510508639.8138936,1466628647.7942872
81,607.3258,31.43,43778.20988317333,0.0,0.0,0.0,0.0
82,470.233,16.51,391723997.89229226,415878979.0999291,342006940.50232285,438479921.1325171,427194070.0618653
83,427.2148,4.56,35892876.09234368,38165479.94170639,45002240.31130348,41295835.63000326,41830333.65883832
84,349.2128,3.51,200687154.56127322,205261240.56390303,243767018.84846586,202157867.4290026,223342027.49666813
85,296.147,11.56,611552666.81405,539122183.0140859,315377940.94977987,632067663.1637269,514950668.6459738
86,318.2795,21.48,1486113602.720574,1324735440.5742397,997950937.5892439,1336923548.2884226,1327070665.4611487
87,914.5281,31.9,116550090.4621267,77510369.87515609,90589071.13064986,99930263.93921718,126896220.32550305
88,294.0696,27.18,70658617.65573286,69080763.9217968,69591963.25591527,69799182.00699514,89416494.92623207
89,266.1656,6.6,226030230.4683742,232005320.1152381,248127733.84276655,236419801.75299966,225883874.41297054
90,345.1816,3.96,204205247.50175676,218175956.1104585,213535853.43354014,219326115.57839143,245147118.58218375
91,383.2796,31.08,0.0,0.0,0.0,0.0,8413.228119306967
92,333.1409,0.69,9705915.701238979,10764325.10535022,12709016.636694703,9652744.982901795,11984433.18783008
93,359.1641,3.75,7056195.705136833,5649682.949360254,6680453.553989038,5607263.860796399,7077980.538414763
94,416.2781,18.82,475605934.88077724,512047233.1806359,494072965.9577922,521119925.31942725,527756508.3806875
95,346.1026,5.38,75924701.82941957,76242772.31509702,89337657.25219212,74219199.96695106,84893262.84777409
96,411.1968,32.46,58964493.471171446,52520935.83479263,60669277.61507948,58129657.815632924,84531140.2660769
97,325.2167,25.52,209686006.79829335,262376346.00510484,205479761.98887596,207384404.28162608,198827230.43495443
98,1019.4501,4.42,8620220.5499895,7905908.382699352,9159199.882382113,8437566.692038765,9046111.158722484
99,435.0574,29.24,436815813.5471416,387220138.7780294,388914890.93215466,392433682.3099409,451748737.3942086
100,364.0951,26.23,810835483.0981752,818233614.4053873,881920512.079135,875973472.7437798,883637924.4653492
101,214.0711,0.39,16096052.034678232,16641145.08531943,14564795.073062824,19014889.53850358,18721373.24590847
102,201.139,5.19,42864599.1137395,41108210.12713701,43800136.96541165,43220419.743263766,50062983.38896567
103,469.271,5.32,50512847.5813607,47595138.008471385,57923646.339959234,45450769.58881037,48767731.84421147
104,312.1961,12.8,344819962.4958344,355175462.8197959,358508326.27028036,400198946.20768476,356100138.4000036
105,239.0742,4.98,158217773.97733754,160408713.35559464,159565488.75560534,154672090.68766263,181958938.219546
106,307.2271,17.16,91187799.35816048,90232139.48670979,93877219.0964739,86364238.33387223,92035547.12568937
107,325.1552,4.26,125573248.61590803,122852685.14092189,127448927.8591306,120822457.68720779,145726618.41579777
108,329.2188,3.51,1087404973.953259,965030111.8403687,1069355695.9253951,976108390.5252194,1082545376.6610236
109,471.2655,12.04,153779101.05880126,163668765.46269426,119318154.77944076,176826589.43305206,158528586.37446147
110,612.3079,25.45,1101911.1428883953,1352155.7249010233,1161092.2033393644,1248712.3025938352,1276687.9955547124
111,337.2178,12.76,223185407.3787819,222500064.6786571,227678873.2282591,268843280.15421194,234936815.98311806
112,368.1744,3.61,27502031.963656798,25326116.145724885,38781283.56521653,23561285.668036282,27309816.938757807
113,441.2428,8.49,885053394.0983126,897833201.1401908,620771761.7170272,912984961.7046564,883309348.0792862
114,484.1621,15.56,1131365028.205481,1157973884.1547253,1006969665.8489323,1348859187.9563344,1207518916.2000172
115,258.1129,16.48,112880382.87473617,112774292.34512712,120382022.79958996,131215577.1920069,113218971.84556593
116,316.1774,3.48,162646392.75049078,162435197.3722995,184221675.6729198,165885668.1809657,182691615.5556496
117,222.1855,4.24,1149303892.2964277,996602201.3533235,959098344.0920148,1117395492.6072507,1252251657.7302635
118,836.3872,29.97,26314865.962381475,21726998.78735869,17637197.110626798,21237953.236492798,23218160.469066452
119,308.1761,3.89,192448916.8927469,202627793.19247514,215409978.37981248,210285687.3924489,221628636.45196557
120,438.1718,6.15,181516814.16483453,185989402.8128156,187404488.08133036,192780605.01681653,188634739.38929576
121,256.0972,15.21,331570430.6031407,326148142.3582603,338249861.28865665,382002795.148583,325263404.4506432
122,278.125,0.74,5113135.4091409715,7166158.514763196,3910281.9950014893,6609417.776169555,7198824.690697592
123,615.3171,25.55,18418962.105299942,20374456.944823682,11649730.08395553,18315286.469010334,17401079.058673613
124,335.1508,4.25,589734811.6053796,575726718.8093009,654531957.8440299,573840807.4627442,651543529.2007325
125,694.2874,26.0,979205838.7021065,1069446864.2271049,937403231.0966895,983402712.7927172,982891339.7984757
126,328.1912,6.32,863074663.3989623,873552940.7445511,906404632.5494397,890275396.493067,867793412.7851422
127,247.1809,5.05,785106967.5125203,746761674.4351375,695837033.7207159,751952876.257955,828002686.5875018
128,168.175,3.84,395671314.85246724,379726949.60313404,421932276.8175912,386576343.2546811,431419869.59644425
129,348.146,0.38,7896953.245493373,9153910.493196156,6616831.288889006,7272639.058195249,8296610.528330298
130,632.253,31.25,866393430.6969013,688787504.5024681,769323959.4474056,813351134.1939037,836666291.6829641
131,548.2435,21.65,295622342.014394,250028642.93294674,256058119.62238884,252558298.99185887,274164767.41968167
132,557.2076,4.45,41906144.868469566,43341697.03280145,19691898.683807462,43166066.82431956,39221113.71734719
133,484.1872,8.27,772960060.1663156,706312181.0452423,537928250.4227322,737243041.8699493,723306464.7511804
134,451.2019,7.69,160263668.07832864,166753567.1546216,144503750.90412134,159133518.34931964,155594243.58208334
135,470.3062,28.07,1500998718.2414613,1217258856.1982696,544873257.491104,1307799611.0483675,1361217280.6281016
136,449.1636,25.67,238806337.22835106,253211620.1140385,223461622.57271641,242893388.68419945,238654533.72813058
137,448.1331,29.02,557123215.8120667,482027442.2415457,460820355.92032534,478159808.2630045,551146672.599331
138,349.1841,4.85,594791302.8358723,586575292.5686878,728963176.6397785,626000348.8031952,722560565.1878734
139,420.1372,13.49,366669356.4790751,356284329.9877862,382088189.3903473,408306337.47188187,375404285.8171073
140,367.1672,10.91,458411671.3595418,428107414.254748,455398495.94354576,409365267.4641002,426561128.8662998
141,355.1028,3.56,568740.9583314334,650829.859605826,495339.9347858986,704858.5569657319,754562.8837817085
142,311.201,21.35,277609142.2460439,233164096.48621848,235663342.22515595,222854505.65110865,229027838.33886564
143,295.1808,5.2,455929227.472029,416285048.84881395,357293890.4883914,447667701.24815786,449805304.8065132
144,517.3543,31.04,4515035.331445953,3773229.658556669,4636695.379978266,3832419.442715341,4253382.95992311
145,289.1218,25.08,382402733.1499977,463028791.6524804,396848238.9823507,373531620.6140592,379729754.4201844
146,269.1056,3.42,273638963.8224219,262506678.64324653,282882481.9172696,261653856.4056477,296900132.0640484
147,278.1906,9.98,3061685238.147399,2682804283.160662,2261782315.670816,3329880024.04522,2699266028.164775
148,231.1495,23.99,754013227.9998144,780789898.2574962,809632861.7692442,788892594.9217373,780251499.343509
149,325.1715,8.18,1156857587.814744,959528040.4139524,589648857.9426076,1018621339.2496629,940944869.4993724
150,528.1878,10.33,346970537.2874187,302652245.7680333,220299427.48548198,354678450.812329,296570637.88963413
151,475.1149,4.43,55388397.44987984,55001400.53703329,57488187.50250995,57668929.65933865,58197616.64727728
152,172.1195,0.48,470097230.11173564,490706091.0690986,494120385.0805953,489190617.21313643,482670014.80619997
153,432.196,3.53,15769029.457244437,15230859.390665732,16563574.35181498,15948588.067475408,16598798.369182598
154,387.2535,28.93,578567591.4463837,460458990.4390094,479042280.32658255,465790110.58257985,562735267.176026
155,255.1132,10.35,605674727.0121531,528200270.2756472,553605754.7547874,601201809.0257465,512475417.91364443
156,282.1605,5.14,655615501.296479,636974588.1529441,605893123.2506127,619816590.6803973,670500525.7446115
157,242.0807,0.65,176033944.1604755,158613003.21464914,189494448.83672816,184938135.76109135,177434518.1549721
158,375.184,12.42,902597705.1584438,1023571738.3474302,890264834.6987127,1164667628.590787,1031123735.6123766
159,315.0726,11.46,18436697.838909946,13352324.586357992,12381416.339768073,17968749.06017895,12099687.05158917
160,433.2156,6.05,252001277.10612127,256446952.13242203,269018744.6063601,257147858.96450597,245837036.09904477
161,206.1404,3.65,634276833.7893411,710361781.6580837,864635209.3316511,704796570.0497679,956433340.2376497
162,288.1598,0.63,226086472.4565364,213997034.71565628,216253165.490302,230682761.21399695,233246467.32355106
163,415.212,27.01,618658605.1272376,587723803.4014596,619531922.9687405,606179223.3839183,708227387.9392452
164,403.0429,27.36,462711654.70297784,355188548.6250282,389266511.34527355,368815820.8132963,463790483.2265835
165,406.2092,3.63,161550155.21773565,164015370.104333,180849523.4054286,152646226.53082708,175972794.4411324
166,352.2124,14.58,843543165.2438257,820989707.3634319,450415670.8054699,970081980.664843,773685751.5157573
167,510.1585,13.11,234527273.87740096,236380842.14746666,157559376.71711308,262437220.88638654,231439594.27708203
168,319.0753,7.82,36729580.177739866,36132312.052800015,37042067.17946807,34187542.978711314,33883933.744819686
169,845.4837,11.12,98765208.59690365,101200022.30792823,110185688.66974172,102253693.45206738,112468605.88484639
170,535.1584,28.18,708756106.396628,601758710.5203118,629003956.1128726,620553519.2150884,730450275.2671466
171,540.2617,12.53,326942930.1563624,336573496.30654645,283428532.06204563,373978941.29403484,332291994.7924201
172,980.5722,31.51,221656166.16410533,180319320.00137746,167595606.51669466,193070115.63098148,209561734.67649457
173,445.1468,9.18,126983294.82658915,116163805.77420765,89669442.79984164,118076264.09875694,114489940.66593018
174,289.2278,5.51,1355116251.885895,1406932917.619956,1454155510.8430295,1387027152.0272639,1412365239.0691555
175,483.0852,29.62,597301553.352388,537261321.7635329,545584534.8009126,545606450.1936306,608279898.3411777
176,1270.4492,25.87,6314872.40906927,8534832.670773936,7661251.383388296,7886967.389014797,8268785.981803868
177,720.4344,24.9,710548669.663488,671580382.0703428,630714568.6114266,701550859.9364699,686095898.0646095
178,564.3096,31.34,176488.98895983043,122877.53830429338,163162.3240780778,181340.47866117276,165651.6509354913
179,412.1925,27.1,2385984.8799503455,2221420.904067645,2375864.404849078,2327436.3758608587,3005428.0567287467
180,847.4508,22.58,98928586.05996504,58769384.68861624,11105998.861895386,65211968.82005237,43198936.15031802
181,294.1604,4.47,40858290.25579244,40148144.05590458,37717588.709691994,41637995.39281256,45445562.25507183
182,329.1321,31.5,2561729555.54028,2223893210.2220116,2346777455.3236094,2233917137.062819,2726745110.819711
183,465.0944,29.04,1153927885.9709194,1029758078.2073503,1059997601.9865873,1059944370.2760274,1163202537.7504678
184,296.1859,4.58,919278569.5806026,939578052.074825,1038016682.660926,935562674.0056056,1038601492.1580734
185,221.1111,3.81,539350444.4293032,591266692.0396752,620496895.0484991,622980348.3318113,637907766.5284529
186,304.2023,0.64,184755916.98044693,185196687.56255835,168469946.1547295,194196301.64909446,193112991.21618718
187,496.2429,4.61,92249.5914544519,0.0,0.0,0.0,0.0
188,379.1657,25.46,629592056.289848,745832913.642342,664524123.3580879,646863089.3305746,640095748.3726037
189,390.1578,4.43,60392747.25721512,51657654.062631816,43435085.55356151,59021030.87422028,57301714.03465566
190,391.1479,3.22,30497012.585099116,18682138.361801136,28854476.49443333,30037741.799062595,31495871.30121598
191,502.1781,15.95,1921377750.1608284,1898572263.012018,1441466381.389119,2058004949.1405618,1887988595.488498
192,285.0673,24.71,222006757.67551476,224446399.4629538,227242676.4408559,217713738.7441788,218078382.7314081
193,371.1269,7.93,93990.58191202258,189512.26045404782,283946.76734698104,86995.78953232603,157528.82282620465
194,445.1641,14.47,240490633.06924856,235730678.49219403,251950116.82798514,267601912.12780833,229873390.02979106
195,308.2587,24.82,954914179.079505,1048238630.1438723,906135893.1357709,963612728.2175509,966516726.5431999
196,588.9704,29.71,391333172.05824465,330834778.58846,347738427.489796,338131893.1091336,391920353.79536253
197,245.1401,0.67,123442045.02772328,99239245.79391733,104988654.34466796,135291513.28338635,132751091.81604539
198,376.1405,13.82,1113201125.604494,1171254726.1812322,935953364.6169927,1315906018.3656938,1121240861.3179164
199,393.2178,9.77,538860504.0077807,472532497.18270123,374690210.0778963,471818894.24933875,482446514.4471832
200,451.1654,28.92,581132903.8321862,514119028.639368,528051130.1875935,518212993.8207399,564419118.828036
201,227.1142,0.67,30669077.844502766,25763820.419075433,24786743.645989917,32858891.829212558,29746253.39876281
202,616.0869,27.03,61025251.09111475,56229344.087054156,58187116.003276184,55976141.4069656,67850557.54753022
203,442.1894,15.4,277975633.06909806,272782813.1593353,164207883.6540797,321655662.81280506,275841572.9033377
204,398.1981,10.87,1019697152.78838,961511505.1677914,1017783066.1072685,912849964.1328831,957097363.7065749
205,267.1859,7.84,1062543525.9253048,1084601105.2842026,1049174995.3844674,1095942115.6142461,1055712014.9292383
206,460.1987,10.97,42550959.46964538,36315666.96233576,35898860.20836572,37929130.93939836,36634425.45665381
207,493.2638,17.94,3880868340.709126,2507862431.017295,459440281.9672546,2779243949.106984,2017966805.8794656
208,417.1284,25.33,112771433.30653799,128167399.63493848,111693132.03603283,113900268.21744904,114274194.78111789
209,299.1579,16.58,549584030.8473755,273307988.993904,30620273.392049324,290910472.7008804,173585815.82613283
210,399.167,3.98,402459885.7173055,414245752.65482026,471866681.32106537,413669458.4774036,443433252.81006455
211,186.0916,6.19,17553195.97083317,18007612.39913326,17565055.082076203,17340132.43103279,17025080.383634377
212,307.1669,6.47,881943470.9478765,1004135632.7322791,1135999505.8769703,1090384436.4960363,1168154592.672295
213,316.0351,28.12,63878185.55856109,41558542.75313786,41842797.61035444,43804706.56357512,59015912.511291064
214,810.4564,32.31,8229646.731283294,6321595.430990372,7126017.467146924,7587300.376322807,8967392.790267544
215,394.1403,12.58,141380497.47930607,139730643.07501763,110027537.16013604,148514443.71368647,130424975.54388388
216,463.0861,31.42,2970256161.466431,2517886016.7742224,2688146050.0171385,2654205413.9953794,2866502358.235498
217,486.2011,28.25,323139685.3583634,417008061.0751337,453080894.2184293,438204237.0633447,562293741.5864007
218,308.1431,4.04,190008027.60203636,168656261.6239907,212684155.12941718,192008032.9654455,204773256.384264
219,416.1636,9.18,248042730.9624035,243299038.56359,176312351.66340342,244013782.62948316,234236590.73901108
220,351.1959,32.56,3767822.14815923,4554261.509073282,5311119.519316353,5587467.36229774,11042333.74904394
221,392.2006,21.74,13003338.411694277,12046610.462049024,12414291.869379073,12071675.738321811,12005604.295927938
222,204.0303,0.67,4143265.5427722014,4395184.885568643,6052810.533792157,6242777.27222147,4357835.310130651
223,302.1754,3.41,194780593.2765023,192866919.34482083,227335108.71627554,195386677.73827264,223622046.8337522
224,339.2167,31.5,561507.0178231176,334935.9541939625,192839.78328037035,1512946.7362972144,244126.21859489498
225,331.0439,27.22,82707659.34129284,53975008.89836556,57424448.78088572,53626065.20745699,84219390.65324195
226,192.1385,13.66,4669886772.65304,4772453266.009267,4781391932.754425,5670008932.496514,4674398441.436752
227,340.3695,29.46,262350133.85167256,227931048.36285394,143810435.54579437,227810515.9088897,261696447.91361228
228,555.253,3.66,827935562.4453617,788418190.163156,866176028.0898958,773625981.9688938,842767199.7151043
229,178.1354,29.3,21524.73145201451,12825.080142513943,21891.955741670048,14235.233640409075,0.0
230,305.1084,29.94,3265776798.6702776,2750185406.9384613,3038495756.8991146,2769611283.7506704,3491672006.684408
231,109.0763,0.71,275046406.0487475,285174020.59956163,280089335.06327,287070149.79159456,294196300.36079514
232,204.1386,18.06,3470123551.3294387,3494768361.133437,3618747580.5753613,3478445040.5080867,3559343521.825222
233,114.128,0.61,63919465.526156045,60785400.46891336,64410478.77349189,59016530.59414177,57326756.47387767
234,291.1957,32.3,296570243.7157447,247036717.2695942,281207255.12954485,287356413.33377826,392903082.24226874
235,146.1177,0.46,144676.01155383285,121611.49400511474,71045.84264876628,93016.34640577386,99299.45890889193
236,362.2122,32.34,1365842.2584496941,1489897.8401566166,1366798.5892746854,1259961.3805369886,2704110.7124345754
237,220.9536,8.56,32647987.57048912,32772742.86985244,32680341.52559738,32602647.39124806,29647095.985238984
238,279.1595,31.24,2622074.5052572833,2371636.1774467574,2635684.427148168,2640284.573205081,3177326.056447805
239,275.2123,4.48,1042926233.4473436,1050804352.85869,1025915104.428076,1061466068.3908306,1194009607.1725712
240,215.049,2.29,1578073.0723060407,1725955.2877210027,2175161.2856471604,1583089.588829428,1966390.4986107596
241,428.2553,6.94,493879520.76640034,521594876.2676004,605401940.6604725,506296008.81484824,499819532.5372294
242,214.0996,3.81,763669081.7547786,781108117.6212388,830205560.4097911,749760935.7635313,876804380.2404622
243,427.1176,4.43,200207.1333436377,25713.421525084123,10207.036369618289,146184.50264096967,333545.9248695035
244,347.2223,12.95,144548367.0116764,147247916.6890114,147211459.42130545,182845655.1729883,148766296.82848147
245,488.1642,6.66,140155182.32315487,143028330.95383254,156812749.10737678,143998101.6008329,141052476.36589545
246,489.229,10.63,492895424.70488423,455841965.06510615,363105302.1334448,527876773.3933271,458277305.1418006
247,245.1752,32.84,9769108.270251423,6746366.5326667,13920004.675054494,5373184.252503543,6784489.155213611
248,233.0924,9.39,3104803.649064771,3128629.7058379604,3062272.481578194,3182365.906084975,2698526.5547475955
249,558.2312,22.12,129749539.90991497,130887331.15591685,119958783.46585515,122949293.60620703,133544996.82157972
250,406.2343,3.49,630876971.4214132,613744720.9680305,724227115.6882961,661688079.470796,725970206.5028667
251,445.1615,5.13,78849670.05915828,76145329.03908612,75674037.02101494,75038242.63664462,82068962.81616426
252,417.1186,3.38,53026108.20922882,38637535.70305518,51527506.40423618,49175238.426943414,52760584.55586167
253,529.2294,31.03,2071296.6446999502,2970030.8040855643,2186066.2070850255,2500707.78881404,2620830.218485493
254,359.1972,3.76,370576648.8979457,342221810.81418264,363283779.8053043,345608390.52138805,400788004.4553989
255,313.1776,3.3,219447380.15137157,210842089.16253793,238532401.35202587,220571716.1720398,238248595.0159508
256,330.1505,10.87,461211691.7837747,446085856.4978075,384602609.40166384,425743585.8364529,451584956.4791073
257,433.2228,22.78,171670377.4124729,154420947.3040375,157145568.83750904,154582394.6025028,155959218.04967114
258,234.1128,11.29,204135326.65753552,161217216.85593063,166651697.18489653,162187709.7014256,160940161.92594567
259,413.1203,7.36,106311986.04050851,111646487.09273133,104941878.68783648,115722483.95677805,116392047.42013419
260,328.1583,3.23,190898984.64405605,147985537.47999913,149954200.31685108,181807706.97296295,184565410.47742662
261,163.0868,5.67,248092828.13170755,259899195.016023,272287516.9918231,253883156.33996135,273738495.0549902
262,316.2025,3.69,314677.55975076626,200283.75918467,0.0,0.0,64639.391644678835
263,223.0869,10.36,1140030815.9565248,1156287355.5430255,1299746584.1376333,1405341373.4726527,1311327688.4027839
264,119.0606,5.09,241884868.52995312,251158655.0932093,278336240.53509784,245398581.16824558,302921888.76754457
265,185.9776,10.78,0.0,0.0,0.0,14391.737865629906,0.0
266,226.109,3.91,532807520.9805317,521185563.95066714,531078728.1942209,534021188.9441191,599612304.7259961
267,296.2012,6.79,1495662596.6515472,1602472703.7538786,1686255903.9958906,1626955005.0250733,1630604995.0570476
268,425.2443,5.75,312144700.47042334,287637794.925807,264479288.8665917,290980235.1802308,272504540.4418516
269,457.2343,8.54,1365639317.8337944,1422686830.3665855,1378935871.1878219,1398797617.4683993,1399296438.2270641
270,223.0757,20.71,910560193.8559093,803113405.4533879,779578482.0083275,898297957.5487082,790229098.405463
271,433.8753,3.66,108920033.62865356,110748331.48939377,117481992.6978252,113094736.2497668,130746113.18103877
272,156.1024,0.7,84990639.09873159,83874972.76564793,79773122.99012834,93809959.17509183,94485062.0460198
273,329.1947,6.5,175156693.71087113,185131386.79298487,205703727.65950465,186176113.4084242,192038814.55431685
274,175.0392,29.32,104639.05234789425,98352.41811610223,73450.00344796503,109459.49332001229,104216.72188695456
275,225.0913,18.59,228995668.16605788,229684951.27355194,231339105.0896182,227013397.18596506,227865638.9975339
276,189.0549,7.76,16083006.230956558,14968939.498555155,15959139.126939263,15004367.427941896,14793614.679598188
277,331.2597,6.35,906950.6663860296,1228450.4264960692,2331493.5851337044,941842.9120058331,783257.6960797682
278,386.2444,7.83,1237711949.2779884,1286388246.6082294,1317935558.081938,1302027105.516463,1343489168.7545776
279,318.2431,17.87,2560784675.9630938,2616624379.3796215,1803876550.765186,2571611727.1193643,2577558337.4546266
280,325.115,0.71,0.0,821906.1108809018,0.0,0.0,486049.7981391816
281,447.0931,6.49,170554669.13337812,175910952.75925413,190749289.75413135,169152701.3480256,172496846.38586164
282,265.1914,0.52,107619578.2986946,105370375.8730663,95442467.89859658,112681818.9236396,107538423.42164767
283,249.1965,0.53,163913712.58487198,155057552.50664145,149566189.41718167,160601320.54840964,170733744.659086
284,385.13,4.31,95647817.91775058,93465408.89186762,91182463.80984856,99560221.86538841,102274125.93978743
285,343.1441,4.43,389939873.0875695,410163117.7637502,421659052.2623992,401546266.3624846,465368463.8082655
286,153.0525,0.73,10248623.437265808,10491963.928587042,15531030.258228382,11508165.167479353,10983082.701967277
287,395.2136,10.74,2119298847.8996155,1910902873.647078,1909124312.4030924,1858949793.768709,1960422632.5515218
288,381.2543,11.96,694140510.9687892,620327863.8212456,664763034.5248104,734193447.5973201,639800502.3946501
289,453.2618,4.65,46252430.63936953,52796235.57522538,116510600.88048244,59647584.722618714,66879915.197574824
290,330.1276,5.37,1336473434.9027607,1313225988.8778088,1554214937.7885172,1460049469.052047,1541168500.595432
291,426.9846,18.32,185280922.9853338,183802338.05981788,113035119.14734215,187308155.2338765,182669893.26792634
292,347.1257,3.77,58750080.94465494,45452670.72831923,47982166.51802938,53683877.710672066,63293659.51640334
293,618.2413,7.85,135177461.37791958,142385090.72674915,152430254.53628018,139985310.97268134,140743219.7909921
294,526.2182,22.99,1101956786.0112412,943230590.5097985,792121899.6761839,934729428.2616655,821474159.1792365
295,334.1667,29.42,541168777.0661063,451727711.1405856,448301948.05580413,462736992.35572064,528556575.90059865
296,330.0588,25.49,10618625.535080118,16115678.036147032,10932852.71627569,10915549.81020498,10565802.30464925
297,397.1709,6.3,56155245.32095565,56618156.396953,53385916.913023636,54538033.440052286,53102608.83761065
298,455.0447,26.69,240393896.6831367,237189459.40411174,247925328.0302062,246938518.65485373,253875424.85686308
299,315.1507,7.49,245596389.66110793,264417465.16405857,285268651.00744987,274100104.44017345,278445192.63523746
300,469.2471,6.87,88724012.88028215,88112347.67555003,89339785.79259282,90833239.11836362,85951228.93840647
301,352.1827,4.98,176958817.85118246,169972288.0143435,158804409.19643486,189007147.34443256,195316321.21530902
302,322.1417,5.2,132624.66253134268,133071.82080984692,109698.40281071968,45599.27275381788,0.0
303,501.2732,5.19,57385710.21452767,55561268.82561989,51096715.06621961,59515183.77267243,59606997.95531613
304,402.193,26.29,1158241526.6843517,1185733534.6103718,1282852757.2436018,1212384580.4148343,1262198535.2408733
305,287.1294,3.5,700687811.3407707,648067878.4967798,712989877.212392,681782796.2419794,819639501.5644281
306,341.1534,3.65,98505914.80145368,87291254.56966957,88515060.55045812,96305063.27442262,101545786.55827264
307,481.2105,3.76,62232312.183037266,52081949.46822859,72998360.064788,49144253.20465425,72010413.4267237
308,435.1603,6.27,337231293.67322713,343118128.66207653,400375997.70168406,346615983.25819254,361626597.888467
309,444.1198,26.94,862436595.9964057,826218565.1577523,861066801.7989109,852515396.1045098,820566392.4609364
310,541.1432,21.78,284043472.39489454,275436022.21752465,207046435.39677513,266702782.32019728,267189422.33156607
311,479.1505,6.72,70731106.57747167,72078902.13694987,62740397.51214875,83035188.67869098,83497958.04572731
312,592.2687,31.23,300259.7750101319,538188.4864983353,1391123.174720349,1095823.8841659408,793291.0392531668
313,428.2715,18.45,1102615899.5494354,1150952448.7825031,939714792.9326059,1172895889.8525288,1206342202.3374133
314,546.2835,6.35,91634034.13331598,87757336.21831593,96734607.66697967,96914562.57993138,94840421.2636938
315,475.245,8.92,362398278.30745727,339350876.248191,312493093.9048833,348188464.6619478,330296446.4779564
316,573.345,4.0,22973338.3907699,23212179.34221229,22737005.661635693,23039977.09618949,26555325.108060576
317,435.2513,5.3,193894001.54158205,228385417.77152914,324864457.67119014,287688236.2606022,318706706.3127922
318,434.1696,12.47,602975123.6724358,597855918.8203735,445253515.89344084,691963358.4767256,580693411.0889344
319,485.1897,5.36,154384717.83620593,158444227.56907612,137971786.80763918,158567102.97527838,161857075.93894666
320,478.1566,26.04,324829880.3432809,379788125.63982725,343678105.04405403,327015186.61619854,325332753.73915505
321,409.3332,3.6,32593461.23387951,23447490.309042953,19936818.276554346,18234619.95169051,27818335.376958013
322,228.0344,6.12,161185346.315586,175112418.15853956,172460984.20630237,166814973.5885649,170674473.53601032
323,639.3782,13.59,59751073.522219025,57120242.592223056,65232648.0477356,63440852.52588063,62678703.687348075
324,628.1028,31.88,10270768.734236103,8895308.877645737,10494999.685393138,10999212.11512201,17258415.46523699
325,342.101,13.17,672479372.1788973,709221050.454864,495435047.59145665,825724787.5959859,722835895.2169092
326,507.2328,14.96,478507620.020758,480824124.6708638,356228108.0046199,542029501.2111789,485441233.7470053
327,518.1657,27.7,517989922.7683393,449222509.6448378,480971679.76858747,454593251.1989596,512704982.76394874
328,414.2869,3.9,151411889.03213894,134521146.1672404,99609538.33805418,150592707.00116807,169436406.43086892
329,481.2928,4.53,88282645.9864122,96069585.17291236,112691725.10465471,112282855.20031156,130766587.66539738
330,501.2341,14.91,887480508.0500242,796827943.3330112,408195751.90319157,959586012.2382241,760382258.6528895
331,334.065,5.01,50033911.028309315,63430024.56783715,54514782.95243532,82859687.4696954,100921736.57052204
332,310.1417,14.83,1274577332.7816167,1280706907.369907,957935870.1091483,1479155717.8140142,1298349646.5040936
333,448.1989,14.0,331308390.20635647,398267312.9108454,470257302.07506096,443502988.21177506,453297816.4434506
334,354.1278,5.45,173975888.4057783,167706869.6103015,161558221.88560152,175691583.04171848,184452975.23961008
335,592.1,8.04,791580.6133438156,764575.9767311729,437733.12953271193,829160.6906437567,611398.2504799716
336,401.0475,8.76,266670848.8074828,260086080.9867898,264129915.86657697,267705761.2070254,257849103.36654595
337,501.2064,10.11,410247516.7596723,398444619.7096253,314895045.18418324,426125662.012502,386342066.58343875
338,321.1004,7.93,0.0,0.0,0.0,31496.57383468903,0.0
339,471.1261,3.42,2876623.4940121705,2395939.484128055,2729541.829469494,3587301.192996785,2685265.2253418197
340,499.2512,25.07,0.0,0.0,0.0,29452.10289627241,0.0
341,376.0834,5.45,267032250.17009562,272285051.2558772,264558972.10049254,271986230.6293848,293199621.09980613
342,557.0014,30.6,644613067.3189341,663197222.7060841,669999273.0324208,659652849.5341581,726743654.5680692
343,519.1241,26.61,826089356.2535763,811063121.2055291,870559432.6200583,858847400.6495904,868754001.1656561
344,388.1065,14.27,173322532.31559864,172319544.21244946,173364169.8047108,198224338.04545456,172052871.52912223
345,521.1902,26.74,455759836.4553223,433559438.07304066,458047757.4842279,455139683.93921876,464150180.68051744
346,327.0132,21.84,59598880.229671516,51609959.1779374,53089675.41135745,51336632.98934209,51482402.55884371
347,474.2298,21.81,104212696.8835606,99199778.24080317,74252117.40019214,95864281.9499319,94358781.9749395
348,434.1906,10.11,562300078.8499168,504607456.98465765,372635107.86938566,553405362.3237786,479709361.7522285
349,438.0895,25.94,94537223.74224174,103943547.05890003,96319873.95371504,99188523.3384991,98757380.7290976
350,370.1367,28.13,685360379.5718515,570373705.7592704,565043505.7239892,577340486.5886785,677268820.5824461
351,331.0959,31.27,11174433.118183559,5120014.450032319,5585493.123495921,5840436.163655075,8437572.708945695
352,227.1546,5.28,1703880982.2375739,1681686836.5343156,1682755803.3043313,1659406804.4073558,1952579282.7389083
353,354.0792,17.5,184450185.97624505,177132830.41201565,151010368.22295973,175882200.06969866,174381010.00911584
354,490.1997,16.42,426152967.1259444,462366860.21008605,443136879.8266763,519842509.0139248,476606557.395576
355,514.2032,6.92,4573320.343892961,4718355.893423575,2731681.7941196095,4347302.511928903,4804392.804553833
356,561.195,24.58,1434008790.0109508,1406911367.2604058,1086976979.192754,1433470949.5411148,1376328459.283774
357,500.1637,11.27,186115374.67945018,159080988.64010313,104461445.88195354,178590143.36341158,152295659.2179865
358,638.1764,32.39,57411545.87495947,45785242.82998492,55787246.94753438,59142934.07201471,93211123.86920355
359,389.0905,17.37,350044432.4539169,349283867.4796203,362802530.1113467,324353877.3878621,335617956.3134776
360,413.0816,30.81,29777999.72460993,30571934.74561937,33032557.45251878,30179242.888117034,35688479.49030961
361,174.0554,6.67,457089.0285404844,365789.5156028321,471355.9590691696,246085.48124198458,577735.8151991307
362,813.2673,19.72,16973897.846889406,15692719.615123946,11273279.122771654,16076612.297827968,15869357.336396372
363,365.1615,15.12,320122568.9563519,329907757.6509656,332656955.21329147,365172287.5918709,323165292.1192718
364,362.2557,3.55,258040499.61496425,232993295.22501624,244444654.26837286,228605849.6381004,268210167.31914335
365,272.9874,5.72,552456.0966251699,485926.07757141837,255445.11548944708,377432.0717617397,393985.034420748
366,454.2611,6.3,72705836.77539398,68216697.9260905,77280234.32050982,74992983.41957751,68782045.60976258
367,463.2515,19.58,217196336.6146125,195480289.657152,129530898.08222726,195585369.8533862,188388048.76103285
368,283.1445,8.0,126252358.60351369,127460133.62898949,142834954.3232214,126400533.79012178,127487211.14289889
369,162.0551,3.57,230189543.16765618,223892004.55279943,240105825.84133217,235727202.80845135,233554553.729894
370,480.1033,7.54,34824473.89651111,35347736.51998544,28931398.17170018,36297217.2939233,35847053.992816634
371,370.2497,5.43,706804762.1537131,712528764.9286852,722464351.7480191,699671570.3489141,765268858.7846451
372,974.3051,25.81,6917932.32731911,7417400.292995588,2613693.45728714,6623618.6380163655,6534804.372585851
373,517.2377,24.68,200151050.19123822,198164602.87753013,117443767.15117666,215268441.12327963,193052487.46547198
374,441.277,3.93,31261587.76090558,33001249.742603574,31290435.210511457,29886058.58372424,30552725.622744467
375,408.2512,10.02,188288326.12395942,159859823.70845202,159671114.91686273,175716604.86904475,152274222.00843313
376,517.2263,24.49,1263.5210512467593,2090.2464740883556,0.0,6305.74962488876,4092.0234384155287
377,418.1047,10.13,596515263.9824454,531659073.2320312,515366337.29231054,630357231.9441615,533284222.83771896
378,280.0753,21.51,82730743.24595886,68786739.85768886,68860847.29066923,69010851.67230305,68918052.64805652
379,381.2768,5.49,74922846.10436781,71828079.18328013,50544239.6925737,73007817.1634187,72141413.40152583
380,368.2088,3.76,144235599.4966606,125697656.9471418,169683589.43390796,131313993.66546196,160160392.66395587
381,353.1502,6.32,455415898.182104,461242016.9102068,480023937.27958053,480156830.8979089,470474112.8889488
382,383.1484,6.73,364166121.22703654,378135668.22896224,326714680.2850147,377671562.72673243,373314730.34123474
383,380.1764,3.45,26517335.055881612,27412561.47604379,27501037.98935963,26509492.44916573,29102303.216186725
384,405.0976,8.34,404600835.4839213,417568078.1888888,497520440.1847922,415625503.79794216,425068858.60398436
385,396.1673,6.28,202929029.62769443,198624969.76407936,178667138.8479937,201981124.04776382,192432357.678115
386,374.2346,8.96,9764040.152859427,8732576.649432193,5908795.713108629,8892247.693018435,8425858.051314797
387,251.1546,9.7,1983524822.9711275,1818378469.690772,1859873039.3088472,1794562193.9889627,1858905334.282122
388,545.175,31.11,279503212.1559616,207032693.68924692,238738935.9952176,246875052.38108426,268765906.66223234
389,376.0298,4.86,124920995.25113897,107712580.4524197,105872119.03595197,122306358.61550115,127104771.08055922
390,601.1757,32.09,10584000.581372857,9377218.744804665,8114492.856867451,9560157.56768702,18333260.182630442
391,416.2226,29.69,813167213.6042719,715643850.844451,737052272.0843787,706316077.6335821,816066656.4284557
392,443.1742,8.98,475545352.80609435,432494747.44025135,297652085.8294972,462975723.27563584,428997107.5013268
393,378.1618,27.56,384896020.22038144,307102110.39814013,326190067.6620281,312733383.11952424,368639642.9033478
394,284.1066,4.14,98057723.1379835,92286718.96579474,97909770.69484311,100682829.27440062,115733291.74706425
395,384.2087,20.9,527095050.47935486,453418850.8145577,494208393.5743526,532168132.6372055,459539464.17526686
396,367.127,7.58,779883605.1951133,615095123.0318,126100231.74343927,537199825.3218751,381515897.5699811
397,312.171,5.04,406291.65577877965,430321.0836303261,77955.63375799257,347942.80177488184,120153.8906014006
398,429.2181,9.92,563860229.030921,505062831.83676887,393659326.2732826,581939739.4905292,482282052.5914781
399,367.0083,24.89,104733508.07759762,101943537.60615331,102974690.00376047,106520787.91851808,107354663.9622427
400,350.0698,19.83,157248342.35560083,168610860.44056186,167109908.8721686,174993679.20264873,178429832.2868078
401,229.1339,3.46,642855.2359234986,152137.0303063084,1775554.040786217,499186.28411364794,498694.5898928947
402,500.2781,5.63,423689257.585243,420614468.8273714,300460571.19889367,393034388.0954747,397953113.2964259
403,335.0465,21.38,43251400.384623654,37466894.49877472,33356381.449424393,37512385.189102605,37155398.22951308
404,366.0302,17.69,168653954.59489426,169320095.77306685,171304205.77931282,168847795.56827426,170793979.94934094
405,509.1157,28.48,443650627.65318,390822243.4808917,399434040.5062717,400282094.7524514,444909549.65057755
406,525.1956,28.92,163022000.1817066,129729377.16829857,138713884.7414084,131352501.45715931,157974463.21396244
407,548.2226,7.94,64062062.652645916,56871853.4656333,50336985.19581398,55208899.76272303,53957128.18316545
408,539.2545,3.81,136539793.19415087,122924250.01806651,145846755.43485186,143719440.8071691,144961835.9585809
409,398.1717,3.71,7096565.691541793,6746236.098541329,7787552.218948777,7300999.183404446,7372933.369120714
410,393.1651,4.53,393587846.6460923,380133429.1447485,416468702.8709832,399278871.4754151,442191874.306724
411,358.1444,28.17,525030911.22023976,475939248.42242527,527505223.11301947,485155456.4455308,554754781.057318
412,606.403,3.69,34546383.096500956,31980123.71308718,29403173.921364788,34105703.513034396,30598135.085824985
413,261.1351,3.69,625672657.2065519,627126335.2743822,690188922.7174242,649700997.3386322,650954500.3238888
414,580.2813,5.61,1677352.7928680158,1608157.4765748184,611564.3366659493,1131397.0256905057,1132325.5327684511
415,495.9274,11.97,457189444.45052475,442262817.1922352,414993017.28363943,507000153.8317489,434270564.7791035
416,310.1354,6.77,361456572.3589827,427359841.7905039,236758658.99044746,460978316.901401,455939218.2789933
417,407.1632,4.73,385931297.75248325,368588446.769305,412362352.4542849,398675610.35384595,436510849.8523402
418,351.132,31.49,0.0,12825.62499126429,0.0,44347.56566696607,0.0
419,324.0194,17.48,191952195.27436256,187613887.88426995,187967355.95386449,185698700.33415875,188470445.54941857
420,529.2255,3.79,118695726.23232841,125264403.22930372,139321723.42546654,130012771.75839378,127966905.28594682
421,365.1977,20.65,1044111942.4092957,663813149.8642322,193790132.14922947,638881308.5957853,444235925.9226487
422,570.3564,11.89,148483570.77259806,131711083.88123745,118176649.60214414,154083391.70979416,123907184.46347134
423,373.1237,3.83,364470.2185364262,199036.73259896683,0.0,91583.5271161829,220841.16423470972
424,308.1973,4.87,202854928.9940911,205077817.52428055,192375138.3124295,222457130.34564018,243312840.23903114
425,525.2655,3.81,157117490.58246285,140795586.33757323,135996083.75967383,158095372.22315156,158772589.8436228
426,476.1245,17.39,427925313.3017189,437182728.67274797,467969484.7374704,438385487.7890756,453325756.12445873
427,613.2143,7.2,29382120.16625312,29733066.9771299,29663598.298111163,28079024.00252635,30882064.563429832
428,271.1445,5.13,473170946.7019735,472313705.6258147,436177268.73428947,495760405.7795184,561190994.3217604
429,468.1606,4.82,11563270.502140153,10727450.369224042,13893688.449263342,12000296.625930727,14271029.969372557
430,959.5238,9.56,9437212.58026358,8716892.566509753,8520287.649043754,8361440.445306188,8163077.136957399
431,412.3216,9.67,799611626.7539666,610502054.3397847,312869853.8580156,653410891.5542794,599956728.688602
432,213.1026,4.18,688647163.9635546,529355527.1640454,481593140.39739186,629381313.480625,718904935.462237
433,361.1652,8.63,8215060.090694389,8698287.361581076,8970458.06257111,8504236.060944306,7353756.156073149
434,432.0224,6.08,279970457.1549501,342266492.5434915,237716795.51326513,387566934.6640656,381383072.3455942
435,421.2743,32.0,73620461.04208168,63368585.86907976,87390177.27486247,80313094.54415241,109754644.65253814
436,363.1458,4.39,787124738.1008599,752295528.0475769,778800766.3264406,800764469.8385801,844352045.1091734
437,633.2536,8.13,81948714.60798343,81080885.24817541,45005967.35064144,81430849.53947003,75752208.76778677
438,546.1429,19.93,311661342.54683006,270620992.0131035,276010071.65077627,269278816.54011244,279154979.9928143
439,329.0901,25.78,349329054.82568276,485154128.55564153,398452045.17901105,440748780.2204439,455771885.20874107
440,563.3466,3.44,20261488.185306855,20067025.404218324,20964892.98554579,19403701.60791797,21211570.1008441
441,609.2975,0.41,36057001.71110393,35356357.99226883,30919467.889355578,38956155.07860619,38013475.58184359
442,192.077,3.51,2560384.0770520726,2417267.3322615526,2576892.2444038093,2105650.677688864,2890355.943064733
443,401.3059,33.26,15558462.287284538,15643550.107042857,14632735.560072903,15550061.89455928,21002081.401740205
444,359.2223,14.09,46483956.85287226,44924140.9781023,44728750.13125562,55155525.50245322,47116157.251937725
445,560.2081,24.06,492814540.80105585,571460556.0599875,431495052.212191,574224727.7976053,562936513.0568608
446,435.2035,8.01,1168486515.2071185,1142264386.2508662,892894381.3218062,1179110584.8746905,1145715046.9098737
447,486.9446,30.96,110071.59520445317,139120.9750330242,75478.0138407852,112784.61831541387,86822.55759464578
448,168.034,1.01,4830492.870283817,5440822.866436278,4794573.358848043,6000624.646372052,5292578.381148045
449,126.0551,0.58,16327365.240955075,11457623.875615181,29014247.640605718,16666661.685646668,18556416.44734341
450,459.0061,11.48,83583824.42953981,75876483.4937111,75128617.95068201,90037287.96939044,76205185.3957511
451,465.1014,26.17,87374903.69732231,116467395.06062046,89101537.05128314,84760029.60244042,84756484.98374768
452,377.1615,3.56,155939874.01270398,154176374.73873085,186248896.73965517,154526852.4739285,179074027.3228854
453,542.2177,4.23,65354887.003032744,65202594.67530443,73347668.75156257,74022763.51026402,67837431.32679039
454,524.0375,6.77,255158229.9409839,257574641.65816763,256531530.3532839,253317402.77219376,242487632.64435393
455,392.2588,32.02,1023770285.4707384,1044276273.8317494,921395281.5344685,1058463700.2238377,1156915671.7955792
456,248.0504,1.93,198661357.19253263,198337000.92540517,195345781.68914968,202841957.4442595,212381105.83334023
457,587.2879,5.68,251888781.58573693,238034572.62669083,206597300.7803323,255299289.9727487,234294873.685226
458,433.1941,27.77,495273246.4977151,428343143.6162825,447083542.2942394,445192382.54205877,496971631.06601465
459,469.2588,31.19,1927763.8540210305,1135140.737362138,1184890.3899282352,896188.6164873996,1790555.7000229752
460,522.32,3.8,40691129.77573864,30454121.541476436,35910789.490740195,37016631.89785078,42993890.43336297
461,494.2667,17.95,0.0,0.0,36147.7771838396,13086.069002810227,0.0
462,448.2466,4.72,112510347.66880558,109033746.62195197,129214136.69465649,122340552.12609786,128509850.57505277
463,136.062,0.68,136840034.22202745,135381137.26399836,136397043.32572478,131478780.32622011,134619568.61883008
464,608.2283,24.89,61108622.14413494,77099644.55219917,94565852.31808087,82470913.69668183,93055334.26037478
465,344.1864,4.68,1526395152.6929379,1529764120.9955826,1640366213.589318,1583864248.0071578,1686919040.1257057
466,343.1227,31.55,8115789.681962561,5780231.307378568,6372768.7890077215,6533632.125623168,8225175.702782014
467,384.1746,6.22,1922767732.881554,1993223829.3379586,2130406136.1680026,2005760820.699987,2032372571.1639223
468,358.1681,3.9,245537576.47054857,249037909.5444286,270812349.9175944,239659542.57803768,278371523.36646986
469,416.1894,4.88,67984177.51689793,85062793.60374147,101746998.1016613,101465762.37250441,125678864.3135394
470,311.1391,21.38,248786007.62619758,217020874.15343896,212522043.7272726,222116663.0556499,214403476.70000505
471,468.2152,16.42,7331965.433374801,7287153.14927648,8053703.325557552,8666230.520241898,7312841.74750228
472,296.1397,3.59,230432.59809635088,473483.96909853886,0.0,331434.2696187283,197988.80635183022
473,305.2478,25.52,18667818.951572035,21819722.61258101,16214637.231038982,18911679.845765013,18345650.465661313
474,199.0869,3.54,472697419.8645941,471663067.96198875,547460384.4333315,486629140.2622076,531718961.88204616
475,318.1605,16.59,950837057.0030006,916874581.3320698,650742199.0141705,886080179.2264132,944465544.8895222
476,196.0893,4.69,377122003.5141021,394036150.18283844,448128851.5812386,378918508.2485875,434075289.8686709
477,283.1081,20.71,385748312.07475126,338690685.4165566,335119450.3743117,391179903.8553765,334135805.2391446
478,361.2741,32.54,1334612.6475984685,1449261.7239800792,1716841.2790789744,1698385.8584566282,2994616.8320234884
479,378.9846,4.66,202753499.00669348,202847735.07752162,228219055.02532744,203297003.8295586,227194731.98538363
480,428.1573,3.6,68159383.05338003,63553523.95164102,70856715.72076619,61065529.19693008,73881188.98407194
481,479.0273,29.01,281993857.56773126,260306892.1538049,289754471.15067947,273488145.05756825,306100751.82686013
482,545.2394,8.52,47180272.713777974,48485667.217635676,52236079.66390273,49195101.59079325,47724600.44549047
483,417.3371,34.29,46942560.76582203,44337329.94887606,39247410.891064666,43815033.12421843,63621336.87216644
484,366.1023,3.97,34697696.88415588,29246347.580095865,29040765.621886186,32026705.621456623,37533775.67529526
485,358.1567,3.6,52021769.055325836,43523648.1006863,40970672.41155772,33096873.49912696,49440276.80826366
486,515.1369,31.53,1657239408.8727322,1364779100.3085558,1483215941.6107924,1455007873.344601,1878597006.8550637
487,218.0815,3.62,40491.19566951963,251919.27370173953,0.0,0.0,0.0
488,412.2713,4.09,238938021.45817572,255629573.99337792,262110657.8439008,254484475.34846503,286885933.3831689
489,413.1977,4.45,311716063.58781064,325945893.264541,365587221.3168341,323818445.976634,356374176.0696264
490,348.1599,26.66,353120865.14039916,162703491.85349306,24724772.09480787,147493623.2598765,73753852.76073013
491,521.1688,26.24,486002712.7623508,452067204.8351228,511008396.1170106,499636233.0254456,498943611.78946
492,462.1587,7.92,77048833.11524563,73141144.30416147,53714297.03169214,75013163.28139009,72686332.92426106
493,367.25,3.78,245468201.53691462,224810418.29466933,264887607.844755,231937896.3026887,291196288.5915283
494,430.1702,30.1,1256022065.801878,1410838402.6001163,1557326256.382001,1460270451.2535157,1684011134.0218358
495,285.1059,17.53,848906733.6098676,807920013.4634169,835488406.9240797,831002574.9567355,825167747.5598186
496,331.0574,25.63,451733175.20147794,519614018.85832185,460240014.5147874,460282308.9706375,475268287.81529653
497,263.0819,13.51,72997857.39831175,73008358.58278817,73121342.79414813,88036488.92247294,72207809.77538946
498,323.1031,13.13,182525425.02931464,180732856.3342659,181706998.18182164,212311055.00351796,185389222.52880847
499,411.1757,5.16,775921311.0071129,843652139.4217578,809640654.7505622,791109719.8724657,828223459.1259644
500,600.1922,31.71,545899.8592023011,526475.5427761555,459564.2601571772,311787.25720140856,609443.9769974222
501,394.2354,9.04,253449851.56121767,262858684.35741863,254686053.9617418,277113557.11269844,271482889.7237405
502,361.0511,27.45,243269680.42630756,183294756.74890694,191558214.8238823,194690589.84604752,237765705.65580323
503,353.1138,27.31,808172375.9588037,663440468.3661011,679645821.4936677,677827186.9387132,760747806.2453247
504,326.1424,10.02,1200036854.590442,1210670819.0057096,1092883291.7041929,1329471190.0807579,1214650712.338848
505,342.1818,13.53,277800518.01803166,270931109.3255032,290885849.5597642,323835593.9162026,290606511.5163639
506,521.2669,31.26,682773833.774952,589868024.6046219,680419870.8661208,652816970.7709626,772258439.7766311
507,455.2485,21.56,333697963.3639727,321423190.9120096,197487615.26731676,307050472.0638158,309988216.886464
508,309.0905,31.4,572123923.9880282,515825098.028791,544322739.6677153,537357945.8227838,582647559.2270072
509,451.1527,12.96,49870646.69097637,50404887.347883984,51764294.0366946,60778489.65281032,48732820.68779963
510,356.0036,25.92,51958922.52635023,59912687.32673512,46556818.38745722,52166167.6513552,49672321.0530453
511,499.2245,3.85,73686880.19112675,66988403.617476344,118358974.76208153,59096346.307891026,111568265.07774681
512,555.0217,31.71,1860368400.817823,1522107377.3576994,1713920007.9600096,1675016474.9658132,1931178769.34034
513,397.2353,4.55,360090664.8757084,368891787.25369537,377585146.3305864,380682175.8490747,420007236.59959173
514,427.0565,13.54,278783049.3896063,266374647.8816426,167699932.67522305,323334933.82541037,272629181.6680551
515,449.1876,26.12,628881933.2518747,724958895.3818269,599969863.0973203,696874109.0462137,689211133.9133307
516,472.2313,3.32,36383526.22894905,30684240.83086456,40740761.595903724,30638832.69122207,39218419.09748028
517,325.1778,5.91,56465364.15395011,53575601.25402384,59651870.71166013,59414174.04217049,56886065.57139362
518,402.148,8.36,434980675.0996968,414557705.37421143,190137885.09122944,401843056.8716586,344558323.8251176
519,417.1676,7.42,216429192.93198037,143849734.42920315,22146593.485743914,114724268.31434049,71233252.93402363
520,341.1516,3.23,648020.3824672854,493362.4123163776,248348.05363020475,406387.9527379739,656933.783418889
521,346.1366,25.77,1161092436.316143,1305906536.191679,1175787060.379394,1174492565.5510051,1170589667.7342925
522,555.1401,15.73,151182972.04824632,152584826.64523214,116028426.12257671,170255882.65346408,149148238.9217255
523,373.1527,3.92,319979218.1400387,324641437.1394164,313254025.4118562,316639708.800317,349160452.5394792
524,458.1654,8.58,49327823.14547558,50036886.10664478,52046008.87417667,48586075.56513652,51202462.42512741
525,419.0735,28.45,338847619.73919344,301344206.34330076,301818239.2124009,298839187.3662896,351122843.20773864
526,306.0312,7.8,148489069.72450492,173501747.8605791,139637025.5079794,180184475.5003497,182033690.0530692
527,336.1349,5.79,507067781.5679445,582173917.2815467,638379039.0731336,593587807.205181,581683352.9870372
528,464.1764,9.29,188570935.4124836,174203173.2942677,143603905.35272732,178077071.0264156,178064295.74243703
529,508.2468,4.21,44715022.79173275,43979793.60501201,46053419.0166017,44884191.57754018,48774194.40242864
530,349.1353,8.26,1018306323.9633375,1048427320.3610845,847216316.9541972,1056365634.3386368,1066589205.4795029
531,444.2405,7.39,123026760.04100583,135851765.64190495,159310967.3146824,139375883.02075464,145495021.42971155
532,455.1126,12.99,489670740.9904671,503061260.21098685,393660001.5098787,559362723.9398752,524339130.11879104
533,462.3714,31.92,1010330786.939192,764425172.0303698,493822647.3814583,794538190.1217986,1007445708.3660374
534,330.1717,14.37,983345763.5279943,958128210.0777149,761876842.5805914,1121835181.4085155,953519009.1033334
535,332.168,32.29,1233702670.5551305,1176958779.3763824,1340810120.8660946,1295571389.2052367,1568730816.9358158
536,426.1931,4.11,185771.8810650878,289629.6418412307,0.0,49581.79188952886,163727.501320899
537,482.0828,29.82,229968157.51816615,192343536.09634876,199567965.20926914,197387019.60724998,240849635.68700454
538,569.2878,19.14,570877832.4686512,498455298.8376087,504102993.4475995,506639290.1325334,493243418.52596116
539,285.1037,14.45,161626118.71447226,163225600.69845462,168920404.14187878,199362921.91073444,161881063.5611466
540,408.021,8.95,981076846.6921965,869193782.8885188,683342453.3115965,886934115.1678437,821109687.3839359
541,282.1241,4.85,413018430.5582264,421629002.3362521,541622533.536159,419650716.0082194,433451854.1249743
542,240.1709,14.87,303265333.6881452,304004559.40341073,295362990.06865406,366469362.3984494,313693138.0999197
543,440.1114,31.18,165252979.51568547,109554156.36654451,107522841.22200379,116521861.11191493,148740774.53904462
544,358.0847,30.6,327766965.1365298,345467025.7975418,350567622.7707274,338434954.1513896,403620948.5646244
545,391.157,4.31,140639374.0764441,139472667.69055495,179922116.97965527,152463658.98162317,181284363.9580367
546,451.1196,27.58,50842743.298666015,40050920.61401737,40334172.8198227,40473330.313484475,47123199.25032181
547,341.209,5.99,1169656506.1004457,1111750054.5421238,1089390373.4427872,1180106006.7959275,1120502710.021632
548,182.0638,5.56,88321470.33164142,95446614.06487256,96549749.94779259,88717431.69906728,109765195.04962419
549,298.119,3.85,286697158.3524923,256776518.34189636,269015408.49977434,260233701.1441103,309068535.25525546
550,478.2096,24.25,510260628.32396436,528259469.6240373,543200697.0729411,527616995.9631571,529188819.6390224
551,237.1026,11.02,1062266465.1257085,938720445.1811602,916424168.1442277,925171406.7645988,908903831.3284386
552,530.1312,29.04,71877014.87481771,45394144.49215875,14366958.873158101,40867837.78208221,30833207.58230432
553,497.2805,31.66,1048301621.3801732,1019175316.9928274,1314158770.2649379,1251688764.9554548,1580469827.5326257
554,338.1651,3.53,171942018.68687615,159941115.91474614,172716066.3189394,159082707.23959237,180876956.49056724
555,341.1074,5.61,327815831.1838398,323990691.52648765,317686431.6152897,323414669.7949288,361787722.37442684
556,307.0461,26.98,208500.1318328011,136841.88975516288,236128.45021526288,270567.511274827,285081.00127532036
557,457.1769,27.31,397062734.2165286,338879012.9776856,352877557.61126125,343681211.857325,426496727.83583385
558,308.1284,16.25,1606825833.771765,1658631609.9572213,1748614488.8793018,1959773596.8620067,1774849277.9458451
559,516.1956,9.37,2015118979.2172217,1871858321.550963,1075255103.5964603,1707064442.0761778,1488634915.9642737
560,235.0539,12.75,134963424.95548514,137706917.50013447,145126932.4630382,168389780.77851933,137664994.27373418
561,461.2417,12.58,879670140.0248549,860571895.278182,651716821.9409801,915296748.0975878,792382012.8677653
562,391.0094,20.71,66535237.57259106,55833974.13181481,55848807.20387774,67223846.60172373,54131478.53176577
563,566.2912,25.38,407798221.0375719,542559002.6364756,379882559.1960265,459288178.57950383,473554519.4689994
564,514.1702,6.27,169282524.26483423,204388608.97710568,99430037.71042073,208020652.76919726,211316473.76461568
565,447.2248,21.25,212302130.15026796,194770216.56720865,197989915.25371113,192082866.0276936,192583103.3739769
566,455.0601,31.41,153977264.23024487,105272734.89718693,121818316.03497662,117785703.11031011,148544026.56688038
567,391.1858,4.53,407603682.01461697,410004927.87089694,337647649.4999237,448946930.39568305,469296338.00167453
568,504.9956,31.67,300777791.0508918,194264872.42633072,228577424.24288625,243034709.755267,311093026.6126112
569,385.214,10.49,1132351277.205612,1153369597.7493167,1005966714.3697841,1306619103.9056814,1142111479.7276201
570,372.102,4.87,303167701.086481,307151611.81270754,321766889.0975635,301246118.01708835,311695507.43782353
571,370.2129,14.1,2474441216.334405,2475585897.6722283,1990841993.9118204,2884022706.812603,2478892001.3131366
572,487.1672,4.14,159304896.36188313,155636135.00565165,162192210.68025985,170218518.91902176,177920609.68363336
573,360.0348,7.85,843801152.2110548,833122096.9967641,806836442.0268856,842546751.0804974,842559361.8282086
574,363.1621,21.98,600646648.472025,544690424.0060647,552445984.3849145,531528971.3534453,534017755.46127915
575,429.1478,17.68,1274054969.064588,1218600472.9420743,1346704904.1694887,1294920691.0708086,1289453862.7561295
576,446.1722,5.74,139834644.3667805,109006482.21103959,24448074.2267977,97496571.3858416,75400562.12321138
577,318.1131,21.31,253791503.4419404,231169551.91463077,237247330.8908303,225266549.32773656,230958504.8390089
578,275.108,3.71,247423748.6868059,226479503.82620138,236375850.46726462,249227408.9746724,263551469.0762114
579,348.153,13.39,784453909.1473938,801877894.2911918,642788775.4684292,901141050.7338307,842829368.5954834
580,344.1876,4.65,1564801774.8666637,1551129250.9067295,1699986617.1432722,1584369555.1889915,1791482584.0662732
581,378.1078,4.04,394571306.90744686,365575731.3834765,392567969.54573333,399537458.8730937,451355492.8019482
582,384.1131,8.11,170732318.15984732,150831440.17985642,70282604.5725484,131024455.54082243,112426431.01290943
583,324.0671,29.25,155723570.21940142,125424275.80321468,124378933.8635457,126057965.02774963,174429706.02517277
584,252.1023,25.44,284089393.984124,359410196.75031567,294773555.3830431,294782131.7520567,288731549.43163
585,334.0759,6.89,952572142.9673437,945143389.9878657,889811319.913779,991570176.3027315,982319640.7721578
586,465.2192,5.48,226266595.9097952,229812455.01376933,254812016.7393465,223067821.1315905,265056997.5816829
587,376.1574,21.96,552122361.3176126,539608828.4729375,562419986.8091946,542986188.135344,558315949.1618375
588,483.2316,32.33,5086949014.085961,5089335118.835124,4978722528.151879,5127051312.567956,5772118852.489318
589,376.0887,3.63,100451499.60781974,94107637.99937421,98114711.24426088,92167876.04215056,111483379.6598492
590,283.0306,26.01,999238881.1752869,1122665207.686076,1051501842.0922928,1027278472.8073725,1017609875.3639443
591,254.118,31.97,75116.90757379653,113927.81492324108,177442.0781317299,131753.0681797031,90296.01114356371
592,449.1692,29.21,769114923.6457682,654883539.0838192,642778535.9549283,661858250.3999412,758782175.3919628
593,315.1142,14.48,176190603.94878823,176662272.8667262,177906944.49388233,204814959.95649484,175254289.743051
594,532.2739,19.98,241293530.4013055,220183869.91338384,108178270.97651024,229553778.06796944,212202132.71410793
595,493.9543,27.1,123086825.51486388,118745095.89202204,116977796.0967083,124038027.0773901,128879775.68672413
596,336.171,7.29,3171337714.2349815,3145318383.3327985,3218666594.1246815,3187939508.2713046,3148162783.2959824
597,356.122,31.16,1820888880.5337143,1550645011.040576,1536993454.8599088,1485660079.0023475,1836968205.5102067
598,410.1935,32.33,522765242.81455636,513726203.1680684,520642059.9905629,529307527.33219945,695168151.5441865
599,315.1343,4.17,140456002.8180636,143153257.49262148,154626467.1625723,142151284.35659125,165009092.83502227
600,434.2195,15.14,350297950.4585683,352862727.4566044,341057900.8057125,384639642.3361574,332227565.92749715
601,372.127,27.18,939438028.057818,760440926.7702333,775426183.0546378,744076284.7010174,901980933.5496318
602,283.1808,10.13,1453987549.6065495,1333352854.2195127,1065148522.4528093,1585633481.96044,1366822203.6443439
603,325.9712,5.34,157254167.2159027,164000630.0003236,167411488.89160064,164745374.6157789,196198453.85063586
604,463.9745,29.68,23514.184336820625,2343.531881831197,26566.128702604452,0.0,0.0
605,366.0647,15.99,19323086.4417591,18291782.635308176,16894899.699079845,23311758.989634473,17439766.836912256
606,321.048,10.72,645683204.8670986,592881575.1968958,669802555.2946252,557539713.7658079,612660302.6540159
607,425.1172,12.86,155155389.28629407,167888008.77228338,162910241.61381698,190677379.92071027,161080947.9047194
608,299.1029,23.06,271697559.7317823,231641007.37010375,230384246.43298382,228873426.4860138,227406467.08962116
609,486.1712,4.75,33222233.908138942,28064953.995490175,29118360.361088246,32181391.15074563,35337353.5574103
610,508.1386,6.38,202397715.68791983,199420627.58590698,79286023.26502529,187003737.72779205,169750116.6230274
611,431.2563,4.96,66787376.429290175,63779897.33781755,39558677.786661014,71928037.04974777,63886905.273196355
612,451.215,10.91,596632124.4257625,570439115.1343124,569260952.5166066,580517407.2796526,589557827.6603761
613,441.038,8.8,154462473.26967648,160866956.54754794,160454214.71302637,163446951.02911478,164225837.17483717
614,332.2011,13.54,5152873.404898428,5750027.368551498,4452237.993591713,7118977.667356412,6165292.070940246
615,282.1127,11.65,2389057350.0401635,2092161682.7761102,2022690126.8159032,2205559509.4640384,2084086943.0397592
616,792.491,31.72,35295429.21782602,29194125.1681483,29821765.02031909,30222226.716133796,38169820.17502861
617,399.1458,4.45,326360619.13924164,335570915.3453504,380617304.2316923,359823960.16544884,384543496.002072
618,352.1411,3.64,133812328.45611316,123692728.8599127,154768819.1189862,127374320.65797235,156269346.49285707
619,235.1015,5.44,16978565.666330755,13845439.694212994,3244436.864883082,11877779.091564678,11881401.46895492
620,470.133,15.85,3410930588.8780766,3443180659.6928735,2705926820.3419547,3782062592.4192452,3367407370.629123
621,370.167,3.29,142484824.21249807,106045577.60444133,161483598.1848519,137715859.572479,153167583.2478664
622,372.1496,3.87,249076245.8625834,213567537.2974146,214838938.86949578,230108162.18877307,280358809.39929324
623,432.1065,4.83,242011155.90026936,234028751.80297476,227159257.00751808,267337483.1668855,296819514.50066555
624,320.1624,8.27,283931470.9744113,299646515.81443214,331638228.1436006,318809960.95322216,335164480.86514616
625,239.118,27.67,578711743.9986513,460817171.8125109,449035113.6162726,471715282.081171,566638000.1041446
626,470.177,14.32,97381973.74486147,95215925.8464636,68434950.63787796,102143375.40273446,91857194.50217305
627,414.0492,23.29,126938912.46504043,125222118.9822388,129088228.10514766,125738828.60719182,124763276.03845699
628,309.1058,30.86,1784662627.6406524,1844730666.7603915,1907668187.263217,1856984990.0197215,2142970725.942442
629,393.2289,12.6,355336594.4409914,256862063.7951522,73235182.7632205,334536019.3171289,245373975.8232627
630,359.1477,28.14,132847345.54722461,120587875.65249535,136465588.36552566,120240971.36139724,136343967.09334695
631,442.123,21.08,204878351.8052856,181250656.04421884,190090780.46508235,212524058.58417,182302655.93182203
632,467.0676,28.04,107284615.37873974,100779904.15054965,110120133.07018262,100877670.44664644,113917025.50210226
633,520.2235,12.83,358649407.6926148,353352718.0055991,327666820.29596764,441697297.65303373,377319964.6103428
634,487.1896,4.62,55169428.82774152,54792436.10343398,51659001.910443544,57207038.76516653,55427697.794606656
635,366.139,26.53,0.0,1709.3496258969578,0.0,0.0,0.0
636,473.1112,28.69,624904093.4069939,584745252.5693437,659602875.574433,623089544.2592981,685773121.9544837
637,335.1119,20.41,573257588.61285,498013188.2424184,513151040.92478025,493599956.9605145,500210882.5547364
638,299.0829,12.71,4608493.620491612,4363345.46397966,4947401.08319534,4993401.937828448,4432408.0072048735
639,355.2246,9.12,1318472904.7205334,1216971398.3471532,1336150425.1054833,1287990715.4726095,1267759741.3792841
640,306.1353,6.47,446590974.60594445,512557786.6331684,259293753.3876585,533336978.7726033,509688013.77817106
641,419.2447,6.31,1077263905.938459,1063912665.9199243,860179150.3453429,1088054962.257907,1035385186.8976223
642,429.0825,5.21,151433570.07070127,148469894.90098816,137342939.29752365,145410357.2684857,153558790.4086622
643,365.2204,3.17,19037448.19391844,14453599.517789414,18074519.975082465,19340141.598598626,19199295.770089865
644,570.2449,13.2,204462420.87040445,200827994.10264742,175507900.2423668,191477195.76987076,193624981.240732
645,511.1598,26.94,438941525.8321285,546444966.5131557,546263579.9765956,579226933.3437135,714871399.5254039
646,538.1702,13.65,229660683.14740258,220130578.6640167,137831361.575153,238383810.1838581,207145653.09166175
647,380.1434,14.8,307307358.2901472,309548807.158126,176889702.73111102,362100336.1382735,304498462.1830673
648,279.1707,9.48,1033226444.2577466,913919573.3793966,966673154.9658029,933027838.4299357,919711616.2525382
649,614.269,9.16,74814756.18898977,81612596.127207,50982866.19765523,80577307.07561018,79307171.44668375
650,440.0284,20.95,83162774.74133447,70347735.61646777,73218759.82395379,89280188.1890726,73832266.91972834
651,569.2495,13.29,304334539.81017834,298518429.2363093,251107174.94420987,333283568.1924367,346817920.8246946
652,348.057,27.85,1247870531.393339,1021844965.4008234,1085273420.530587,1060023500.8389004,1223450279.9207983
653,316.0853,7.21,778063070.0938549,748787011.8466833,683861455.7038777,768995153.8207037,773106848.3116494
654,403.09,5.82,299195160.1613896,262269438.76133695,78465499.74190573,243705540.31658268,217781789.89822423
655,446.1979,6.58,309715369.67391217,302049061.0724138,295671661.2190978,306983633.1350186,296360683.3438203
656,406.1337,31.83,138625.98970953238,79198.4814428019,73269.37273488361,113623.06918507422,111646.00822768467
657,416.1723,6.26,311751302.01160586,299664377.03054976,343315498.6512596,309478353.92548394,315086968.69512117
658,377.0728,27.62,464294739.15258515,393388358.30113053,400875792.3594495,401635562.3587254,461661821.65618753
659,384.0841,24.53,135009739.40688038,141137306.5731128,127137855.77659732,140167251.2222905,135586042.21875653
660,580.2931,28.11,321142275.08164793,274665771.3783942,260595308.18020645,280514082.90031797,289964502.59964126
661,400.1,15.3,791774651.155541,801850744.3481925,816891737.0039486,893423489.4078722,813485197.7793874
662,383.0467,12.77,6253930.083617404,6836401.372164281,7396240.004879151,6570187.876470275,6827082.039412631
663,396.1724,10.12,453754173.56869197,404314751.2663589,409516532.2799296,489363773.34340346,402620558.4693171
664,446.1356,31.11,10024.573965355106,22751.005586343854,4180.468414677332,11542.58368432145,0.0
665,441.2295,6.5,0.0,54157.439942863115,126704.26512445175,0.0,0.0
666,461.1593,25.84,187931.44977585046,241449.52984807504,142572.27774448472,185840.63011294568,195593.43476349852
667,570.1933,3.56,32433475.436918434,29869291.22418757,45085838.14444153,17256774.042676345,40360328.319033206
668,478.9843,31.21,175336443.35350937,109258394.06968062,126916828.20834804,141407139.12810364,168131890.77299047
669,281.0327,18.21,49330629.834139764,49397256.25927612,50861983.05504502,49139089.91113777,49441039.40655098
670,486.2623,3.91,298033143.4223149,251669926.81760612,299135776.35622853,289843068.1469927,323254604.1264883
671,380.1975,3.48,112349831.791832,113165142.93498546,126464353.84397343,117113288.22768192,126452549.05436261
672,394.2106,5.17,161450262.3294726,133105132.80624655,178938301.77288595,167956319.10816127,195527918.42773658
673,369.1023,22.19,197513830.29842266,169797937.63633043,173693656.071099,176336302.41477674,173331143.71312806
674,370.188,21.36,399011030.6395725,345773378.35881823,358100958.27996254,335150454.17483836,340737251.2111255
675,457.1914,26.58,437065706.95723885,418640573.1836833,470771482.4665696,446078947.51176536,462605913.755424
676,589.3107,4.78,194731.93113012376,332468.4318532271,191365.68826265293,290199.9887491893,257763.95188895648
677,249.0887,3.61,0.0,158142.19458512525,0.0,0.0,0.0
678,451.0042,30.33,130515807.41306494,133574780.05575949,127285174.95476305,136939217.7490791,154036975.6996787
679,545.9497,31.49,1932982.7404865324,978653.2943703961,1121375.0433431515,1242808.3129051824,1760479.9067681783
680,636.4969,3.49,4689080.126863606,5052561.939061174,1986749.4041197412,4201890.792177675,4147388.605059662
681,497.2482,31.83,395044597.3486314,321800724.8345923,324882706.58579314,321983667.50692135,392698876.8325217
682,424.1695,16.21,636566256.8069825,661435022.2770981,604299117.4482986,772240034.0468692,688859842.7102183
683,462.2169,22.12,942092366.7579918,834989912.7172124,812458234.6844177,836483588.9998037,825385779.3894185
684,333.1702,32.25,259841288.67271638,217882284.92240325,312993749.58418226,282159747.19697404,365202086.39307266
685,443.0504,31.26,471757427.4921034,441409591.9395901,460700742.7109951,447081688.2694655,469636426.51710516
686,522.1602,23.33,2902613706.427169,3007828986.404116,2634730263.446805,2937556616.7051773,2941205463.35637
687,382.1992,3.41,89417241.60527527,75298037.55519171,92556232.86718655,89963548.2629002,86074186.4915975
688,538.3246,16.75,566967271.9824436,539344855.3372778,560197502.771676,529749147.2960952,569108983.2561226
689,299.0796,14.0,4491714.445973474,4869896.024501564,5446798.213597557,5141462.410150696,5421779.972848183
690,397.132,13.23,419210824.27363366,430833999.3204932,321333793.9377547,479447942.45542204,437219114.1934845
691,150.0777,0.5,172814596.1422331,164186854.77669078,177639236.29924262,192578124.19424057,199743593.73889798
692,415.2749,18.77,1529416513.7312694,1653678143.94725,1599761264.3302531,1692049324.8194966,1703993729.19078
693,224.0063,5.35,10252570.36674989,9245168.797464062,9360618.88712169,9889814.82956002,11011499.662146183
694,234.124,0.48,37902857.22021735,30732562.979980614,34598321.29278543,38716313.449285366,40775435.800265536
695,466.2348,7.44,532145056.39059657,494173489.75205916,357913544.81397945,529002934.8405221,490997684.30329764
696,506.1106,16.41,268807103.2326669,282515910.44809246,237081054.42284858,324842464.8062871,285371203.9066015
697,291.1607,0.5,127777374.4605241,137322366.07033592,146991021.27533367,139938673.69971928,135653252.69564137
698,466.2458,8.67,1052164675.75633,1055647069.7690613,825029807.0447512,1045067593.5941052,1058349529.4385021
699,280.0852,6.63,365150247.03581285,357220873.873148,421055789.44321555,378413522.84201324,382416287.19003695
700,312.0918,5.66,265444614.73853058,325692254.83266973,324091152.41451055,338941656.7651508,433777449.98818034
701,405.2655,3.34,158588917.5918654,128254375.7159932,138216962.74347454,136573220.22460562,144502202.75573057
702,581.157,6.49,457922861.54165024,431724971.7811502,499392541.360323,458806915.04136,486830366.6606903
703,501.1618,21.92,2400776397.2831616,2265527641.5439315,1824566304.1744957,2295316998.2405443,2294659913.5025816
704,371.1067,24.3,381957735.4224656,401445969.57764024,416995085.8572303,403799047.6459602,422400859.61759716
705,499.2284,3.83,48167472.924847245,46789736.78306417,48024711.398105964,42922807.11122702,65837691.77912836
706,551.1891,3.91,9959908.734036691,12167134.210546967,12494695.858979303,13079716.924993403,13542347.51308056
707,513.2369,21.57,2132304442.0450785,1873514694.3697386,1917489700.4899716,1866942079.146948,1919520487.4541109
708,452.1701,17.32,840176956.7162541,864188902.6820985,780884412.1461414,828114436.8126712,868225474.7434905
709,431.0519,10.3,201483083.60607627,188732999.89192846,186599496.41884875,211719737.6855985,187704468.74750376
710,442.0813,26.05,834882.6889341675,802288.0577566585,819247.0490562618,738617.1643123303,728917.5303430937
711,378.135,5.6,258287083.92434308,258474431.3041247,260524641.79899204,263485456.49566105,288422698.2578799
712,528.2506,7.79,239437694.6358134,243631084.80400723,242313890.19228628,244498010.5304953,242383172.97150025
713,406.1855,4.33,105621921.36242566,86247818.01856208,101164515.70086801,102647366.62189169,107608033.59622702
714,392.2338,8.9,462037467.2352941,473301496.58902955,243216028.31870416,480942541.53681695,456214718.75806445
715,371.0355,28.84,59153184.430608094,42520906.2803262,47221596.56205707,47720762.63322084,62081411.76896496
716,470.1877,11.52,338539737.711054,345994048.82544976,362885988.7875235,352247792.0048095,365208459.365905
717,321.0986,3.94,301350.21916871646,222601.92769643437,348822.8369514621,226276.52103578037,1307.7438666959724
718,285.0808,3.46,117871536.0951322,114052425.02875045,121889236.34528536,117576646.11593868,139663644.5994082
719,433.0725,31.21,210657.3231216056,0.0,0.0,0.0,244937.77030621565
720,464.2778,3.69,59410627.96679207,58510257.39506345,61075534.71952195,59750758.848671034,66800144.50499992
721,521.1309,11.36,134726143.8019986,109421479.44171356,66498252.9354666,101767320.03156114,98537089.60601194
722,338.178,5.67,1726378272.8416686,1677247956.6367874,1652660792.942105,1783232723.6255465,1636059707.5006218
723,272.0349,14.77,55874396.0604121,54514121.20822654,55454426.76244773,68786894.25742562,54628171.21211141
724,491.106,13.07,382981308.71828926,407472627.84902656,384201611.32579947,449895914.9758641,398247611.506669
725,486.0967,7.72,260038746.6555139,249329979.55625516,269727736.1265968,263571165.7079522,264828407.0946596
726,439.2235,30.7,442075933.08056283,462249461.35404205,480181105.85800064,455518770.282336,543924391.963135
727,376.1631,9.3,21232.044107734037,0.0,0.0,0.0,50508.58638974649
728,383.1757,28.18,843294459.5942082,750808745.5265508,779112230.430684,740932788.6726925,853101767.722264
729,533.228,18.1,771261956.9614272,755105865.7277696,572902983.5184777,763049483.2546514,737548431.8268774
730,524.3355,13.16,742041501.2049193,796952617.231793,815571020.7770822,931854413.6914109,834129396.5379653
731,313.1746,4.77,55905165.49825892,61121262.494143024,25289518.05941293,63575594.690145075,63413674.50564751
732,407.2218,0.71,332819446.472111,320469093.4370059,262044667.64302096,336690101.93272656,360077485.1398643
733,278.1907,12.4,1058878208.4402429,1118947653.0093312,812949607.4828659,1298121758.339466,1099308667.1898618
734,416.2801,14.59,39306245.14916213,40613298.12047932,42942351.08256365,50533224.07429624,42141553.31688686
735,368.1742,0.52,51335488.498751804,41897933.5755896,20263803.218141604,55275444.22418865,52345893.552825026
736,422.177,6.1,0.0,68115.79513845577,0.0,0.0,0.0
737,316.1774,0.54,73562472.9202212,67132114.56484057,69258677.5576214,75613060.64406864,73607073.66049017
738,256.0972,3.86,39578545.25715104,38853166.26804291,40389665.74282223,38763329.09142331,45014948.79899508
739,348.146,3.27,5070756.539996712,4325755.108843167,4506238.626122089,6155141.6345162755,5571230.533171746
740,292.1118,3.23,47835164.4122414,41459872.77232212,31300790.143405132,45172557.62916227,50261021.0352053
741,502.2373,15.0,259419805.17459643,263448171.4271284,176454651.2831636,307952156.2084075,259409873.0099923
742,367.1673,9.99,52655636.90355327,47321411.76157686,47060156.83357987,55613177.44171244,45782951.80718391
743,475.1151,20.69,8698226.822682938,8352754.712956342,8107502.610232068,8865670.179133952,8873830.632569235
744,282.1605,11.02,338492240.0363752,281862414.3157533,248133778.46948272,281881213.7047208,266441094.34814835
745,329.1535,3.22,1857357909.3361561,1854146924.8664794,1931273175.1164808,1908529285.0005116,2164166462.6672907
746,415.212,22.76,403314005.17331874,349080929.3075718,356776969.08859164,343101766.8273297,351115783.5305033
747,415.212,11.51,154112268.44096178,129638685.73038593,132361783.09826712,147954106.69010082,122604032.21120931
748,371.1068,23.37,153656035.39968088,153095316.00135997,157790061.17153612,154594286.14654565,153564539.43249094
749,847.4477,27.12,17084297.334951058,16731080.285751019,15253321.236695075,15783027.35291452,18912537.674465414
750,296.1843,5.25,113978575.07058318,112059468.38912734,105467611.4400127,114446430.34871306,121421360.08745584
751,304.2024,3.13,5547656.822606858,6620561.586235255,6285967.070642164,6272153.318927408,7302145.617258377
752,379.1652,27.78,0.0,0.0,50976.976958668354,0.0,0.0
753,390.1563,16.06,5023152.8954871055,4855837.351138342,3349079.3597893314,5422653.474278345,4792299.865195763
754,245.1401,3.2,144468662.40449408,127125827.90033497,161273823.06388682,145124014.89570493,158613053.01528147
755,245.14,4.52,154609.5477087802,0.0,0.0,0.0,0.0
756,200.1108,0.7,1147133.1816114783,0.0,0.0,780303.2238237872,0.0
757,461.1615,27.91,154581031.63301304,124706718.32059929,122704387.59124833,121612265.07224506,136482363.33794194
758,359.2447,3.27,33817763.159877256,28386837.782129496,32519997.128184915,33298459.445751976,38105909.812412426
759,302.1755,0.74,43343117.95881351,41385124.14750159,32168770.94472456,46387784.56134954,47482725.88904573
760,328.1582,0.7,167798304.2471969,171928229.34080827,150722305.05605376,180152876.36697084,176280021.70003247
761,475.2462,3.78,161248176.35338095,150053436.5498047,162225045.2882201,163464580.93892354,174720022.21238565
762,485.1903,8.34,163305158.59190515,172498730.284185,149161551.79873577,171158363.9123919,173920628.08514008
763,527.3142,8.09,19332840.716085654,20727721.17085512,21879796.07949235,20530257.58851107,20906189.234024953
764,527.3141,9.86,12048154.895947525,10980006.795641592,12298069.023705624,10828915.267545652,11922277.125344697
765,507.2349,3.92,36152455.42864466,32497784.746597316,35373211.39807387,37142481.22435917,33417791.02419361
766,334.065,4.51,56560626.64502047,51054734.61413878,57219747.8078807,50919097.36447255,58240645.54037994
767,310.1415,4.2,329702045.9052751,325648820.4100954,316398787.045569,320848518.2591036,375640047.5299952
768,441.2756,10.66,33254846.789798263,23677422.413014285,14658109.069415642,28691725.517996542,22101383.960852277
769,400.1474,4.02,157848440.12121344,117494038.77729966,113247546.82132441,148703420.98445117,166643059.2868418
770,258.0336,6.29,118133.32152404328,118501.03402104505,5773.352618296318,0.0,0.0
771,338.0868,0.42,27037825.232309338,26331345.398927595,22071374.807068754,24436666.45758754,28143304.30664812
772,312.171,15.48,25344833.959151696,19856525.20814551,7970844.375574328,20458385.073046304,14235516.243959475
773,229.1339,0.43,24933715.92967852,25000757.65488118,16997406.3236921,26557439.732881032,27021413.59656791
774,296.1398,0.55,37875861.23866764,32023640.063075677,26329917.94551984,39051031.99802173,36533341.27070414
775,374.2121,18.6,423297730.615917,434787633.7176653,270652630.7115655,439434188.0397232,417838946.6726302
776,352.058,5.79,148002254.8821301,153053218.6811856,190048161.0213583,167447190.34499985,187920746.4426204
777,312.1234,20.7,603026393.1045947,526361188.4426089,432206531.5737143,605223778.4519203,481913276.58180285
778,398.1715,0.67,98356884.36495546,100961766.10060257,83110130.04430318,104086516.33807148,99124215.86634547
779,261.1352,0.67,109089984.84130646,104202404.27318312,40702378.04930566,116481558.97856775,123666155.53372231
780,309.1601,5.31,486016534.2736459,497419206.37321466,407255768.2813938,502832851.3095306,529012928.23646706
781,365.1967,7.11,81407177.23205996,82228214.28780921,81392180.35363741,83241075.3015883,82482993.5619979
782,434.1718,18.19,300464544.1156034,293274130.07793534,285392064.40775687,303120960.4746437,306853045.11628973
783,478.0963,26.88,39243845.328982696,35318244.37518269,35538811.16390673,35344093.652132854,53605263.87192285
784,609.2975,3.84,71254547.6274211,72708058.75049347,70706651.09262587,78242240.32127936,75751879.90481679
785,377.1609,21.99,104318578.52742413,107824043.09909283,110721112.99729747,106529153.29079396,110317308.99744757
786,392.2588,28.79,17881452.473562166,15747763.325042402,15345746.713317689,14133115.829899058,14628246.152151
787,469.2562,18.42,3445359.7755696797,3294919.848983612,2943796.1592106214,3182361.8853407414,3394928.495891342
788,311.1388,6.75,63322604.85000616,76236383.02221867,45605521.728261985,82028123.69200617,83904114.54705189
789,205.0974,0.56,62574710.03849224,53744066.21025795,51066149.99552706,58181959.995492585,63574696.21704924
790,462.1587,14.67,19854740.812961627,20467359.795067616,14383575.844303377,22254508.808442656,20903707.68945308
791,338.0864,15.35,175930897.63287503,171554368.76454028,175893084.5488878,214784392.94235247,175735652.20677853
792,263.0818,10.43,19077372.99203337,16477380.925496541,19319561.201930188,19440549.174455807,17692173.399472516
793,263.0819,20.88,99695788.16859081,80382698.18512799,94177644.6379061,95798186.30195844,78508047.06507832
794,444.1012,24.53,102195413.75657143,104184261.18623677,103696945.87468207,105860007.71478517,105542927.99094391
795,448.1449,5.66,223239166.72592726,240232251.98355556,238773796.25726315,259065054.71835205,261588334.7985484
796,472.2297,16.61,101940833.99450466,113394310.49600233,86297708.47510041,119971552.72938678,112842352.91255616
797,227.1139,10.94,66153023.20511047,58576009.686317526,58683792.9413763,59818631.77913697,60920327.93896889
798,237.1025,21.95,100761548.18980142,90452737.29718132,91116508.89801365,88851338.00995846,89521160.54001907
799,566.2939,7.62,365183588.8810793,388086081.900671,360195228.71170604,396770939.0381454,397055827.37997806
800,513.2059,8.68,297444295.25186086,304284763.9910244,287012318.0857763,288251715.25260544,275440187.59913665
801,385.2121,21.04,111392807.28476517,100211798.38846287,109847166.13140252,118435614.75180747,100526582.35281649
802,315.1343,9.78,30760154.285190143,33213458.231358174,49646275.12194751,33213304.991057836,34866596.078719646
803,434.219,5.99,50480681.71739961,49186273.50683656,55448503.122245125,56258568.672987305,50592050.256810375
804,283.1809,9.64,451394117.6693415,382439046.50759673,297620040.17696464,378689223.7913862,382695394.48784035
805,486.1712,4.03,17595383.343640883,14459429.033306045,13824960.698521275,17227030.52034232,20320781.378246702
806,408.136,19.74,326662127.3249749,292533740.2179611,205083581.90600646,282862220.1008519,288327569.6675716
807,408.1384,28.56,357176612.7470132,304441951.07471263,314703375.7579602,301162362.92937785,357063140.3196676
808,393.2272,9.13,120319390.71308973,117681843.00661576,109367331.9647302,118777564.77178276,109978987.04100862
809,397.1758,10.05,108142822.28109165,96759631.24349767,106626565.56117442,117232577.01285498,98534174.40200959
810,397.1779,3.72,0.0,0.0,7695.20979667209,0.0,0.0
811,353.1138,26.0,293803178.2561504,356080098.4565672,301703144.0183217,293476348.72498125,296180470.62985593
812,466.246,9.43,812130092.5225607,699896916.0134209,469238067.8396919,723004638.750018,670660642.8593017
813,371.1609,9.24,594217296.310256,570189864.4293518,703452179.1419481,625517296.6122477,654904003.2669461
814,487.187,8.59,52232018.43813989,52629047.14232254,45771986.126891494,53510079.7998187,52924078.956610374
815,487.1904,19.63,0.0,16080.765350341368,0.0,23393.184042145775,0.0
816,454.2239,10.79,2483373.256805714,2257078.453284152,2215528.14966472,2102420.439915902,2147300.457596422
817,369.0734,24.33,599362.0757493811,615247.3444527612,611264.3166524738,717019.0780045107,563595.833704923
818,218.0816,6.5,244482526.30918768,243145255.58158964,258625047.23651296,253967472.11937487,242341327.4543965
819,380.1434,10.41,99105538.75901973,88620853.64865386,67101510.960026875,87983718.0232195,92473087.4788972
820,446.1356,30.01,22110563.22485103,18844401.808460664,17606717.1572456,18158258.256440893,22582977.89038997
821,486.2621,16.48,52141101.63570488,45749043.138169006,20297924.879439097,49709733.64013244,33721277.915966295
822,380.1974,15.83,27143420.497992814,26793730.207149826,18145047.91811459,30986699.78730416,27044094.01514667
823,394.2114,12.03,47415755.234168544,40218651.71445495,40880510.32143542,47106997.40230328,39435141.41115372
824,451.0038,31.38,32154594.000361845,24295030.491654374,27479248.278016787,27840704.984447785,37428077.9865675
825,510.2624,7.52,58950319.10645416,60096342.84257906,58304808.90446035,64812012.65827512,64948727.049552254
826,510.2628,19.78,6157519.311038557,5099374.537019979,3697412.159351011,5176241.111635546,4990571.562995086
827,499.2258,8.71,7381982.444891864,7803595.769993817,7888560.487075617,7611633.9650571365,7528250.936833163
828,499.2258,10.85,9899459.21677195,9182695.425418228,10396800.182054432,8487915.547491055,9363541.693256192
829,452.1686,28.92,146593000.00143296,129744431.55002435,135643295.72123545,131265512.73176205,147490087.5442961
830,431.0498,13.37,38503260.795288116,40256479.17415575,38042339.46867886,47272312.5369762,40188269.260544986
831,378.136,13.57,94904901.56381702,83840656.95200661,55426301.41104125,101427308.48124118,82170712.67620353
832,392.2339,7.03,55208996.77141033,56443407.929049835,58626407.12047464,57573014.47786607,57501928.63058204
833,310.1254,7.59,117013204.76834756,117815491.56447819,133341970.15025383,126126758.44115502,122003838.95868397
834,242.1175,25.13,2472383.294459157,2797417.656558491,2570363.2008804423,2459256.756620957,2411336.963734323
835,242.1179,26.45,2622060.302777627,2446781.2283866466,2709393.898372822,2588565.8313989528,2568055.4000247912
836,484.1236,11.81,8907424.644515706,7554650.659335709,4805655.73027342,8513421.028807413,7254886.317120721
