,mz,rt,/home/zzy/data/raw-mzml/good-mzml/QE_TEST/SB4.mzML,/home/zzy/data/raw-mzml/good-mzml/QE_TEST/SB5.mzML,/home/zzy/data/raw-mzml/good-mzml/QE_TEST/SB3.mzML,/home/zzy/data/raw-mzml/good-mzml/QE_TEST/SB2.mzML,/home/zzy/data/raw-mzml/good-mzml/QE_TEST/SB1.mzML
1,371.1617,18.85,519879866.6476614,254082532.35278198,511087731.8526356,583787522.6452346,430789616.09789056
2,442.2233,17.66,1018065278.6008112,1022259702.3176792,1005614354.6416979,1063663407.0573725,968062837.9236133
3,292.1118,3.01,25211307.712203022,21670737.63982411,36666142.05680615,28785555.586195663,41078393.08610886
4,502.2395,22.78,293946176.10679543,194373418.83794618,357049324.1485539,392493399.80044794,369510011.9706589
5,342.1706,3.37,130055981.92506784,150211312.23923495,120415942.37474819,120399990.90750252,119598602.857339
6,455.1791,17.2,1362701.2960553444,784905.4768121127,1555312.9581796853,1837448.9109331542,1524100.449046169
7,408.1344,29.02,1638655.1321297514,1139546.7662594062,1657923.676214562,1565922.768151184,1800966.9850700647
8,359.2447,0.58,35505229.77606496,32051891.969578546,30850110.816300083,34286239.99861042,36418467.37334947
9,527.3126,26.96,18888136.017349042,19144095.194281675,19038914.418128803,19462501.520727944,19478605.203625415
10,571.3155,5.54,39979543.68648937,39950789.46832579,38819101.295506895,36017009.89102575,34956520.77586331
11,360.9916,28.92,386045.90830295,556354.2712415425,509608.763834586,418621.76337065175,546044.5320502045
12,312.1234,23.36,602739989.2604567,608347952.1907854,533168233.66912335,386564426.69408333,343598430.95071644
13,205.0975,3.34,58489637.384717144,64622492.00145871,72691273.20801905,56938500.95887499,57919528.61491169
14,338.0867,3.32,22839592.588853456,27579656.552519877,23851705.67466338,20289171.397849817,23924422.200698107
15,444.0999,19.69,127277556.74165264,139035024.59122378,135325564.7731664,155650398.73085713,149863134.55267227
16,397.1778,4.69,47151.69286436103,0.0,9323851.322994748,70314425.85008825,37917765.70962447
17,454.2245,3.35,10188605.070461323,11183355.175722517,12242968.270661326,10766773.048077988,8261501.346088161
18,442.2246,3.3,23034739.398441885,26473407.828792542,24690834.59450066,27328673.132618107,23861148.253324598
19,510.2657,3.69,22062906.062288772,19078591.74653108,20346319.809015017,19156062.602218755,18596739.261781245
20,310.1077,23.76,491918140.1281868,481575947.1616147,494476252.5678484,510669874.19905484,553718467.7877789
21,200.1107,3.34,126442075.23888406,141628402.34314883,155956434.5560404,121889499.12218717,126324871.18316865
22,309.1601,4.45,350340041.9075666,278085031.215453,326622445.50883,337895574.843325,307984865.6977527
23,478.0977,22.77,33991891.89763906,5857986.017844887,104703294.68502891,171034374.44721755,179820826.611707
24,329.1535,0.58,979562284.0587142,1066843637.262531,931944746.7442331,990378019.7480758,1185201567.4491565
25,374.2121,19.36,463665914.15490794,243706143.74336615,539572717.7961248,569816526.6103959,429883639.44369715
26,408.1383,26.89,293171725.92766714,300917484.62929434,294944270.9816017,290565729.2186946,289319362.9156369
27,313.1736,12.3,2170382806.6381516,1719799442.5623024,2288647081.4488497,2710152072.6618,2677632958.0531096
28,453.2091,15.47,10859400.460057186,10918336.845595632,10203834.255743885,12094385.789086647,10463818.396481385
29,495.2201,25.94,6426532.519820882,7335124.606711945,6756261.07362099,6342984.11737052,6257568.811540525
30,376.1461,12.76,940605351.566766,818436962.3864433,995440891.9161859,1042268029.8312829,986006625.2021068
31,531.1575,12.31,239601496.26207912,245660223.18501484,247528228.58975422,234403254.2846791,226947865.93657964
32,407.2218,3.35,94760839.2156794,116720728.02150021,93016962.64839177,94670213.32190433,92651124.71087995
33,345.2429,24.87,4711626.01333124,4734903.505526152,4452458.349152312,4404031.462239736,4533966.219266414
34,268.1912,3.99,448077716.184294,364430051.7102272,443551958.91889286,429322539.1293654,363905519.7208054
35,416.9913,24.69,511335069.7373579,398156092.75036865,549349768.1499937,472304686.6398169,346822532.50814193
36,264.1751,12.14,388823065.3647512,248833979.55683342,475184938.2927293,539688964.1155199,373958242.1666739
37,320.141,3.46,1192197941.358044,1320719859.1519728,894898711.8845845,1046305494.9996946,943510288.3704541
38,414.1554,5.18,217454169.02415514,175648693.51529962,261447077.21201998,279498056.4328435,272542690.4091677
39,270.1856,9.97,1394511790.9748816,1095873927.7491217,1410735904.8941793,1299535473.910112,946616328.5020034
40,261.1965,6.83,6309654674.256726,5106334549.635658,6356908740.136818,6067368353.515543,5326891918.808678
41,340.1549,4.97,190932335.16462633,159595048.39907816,176720492.21753192,164690632.92628905,133150399.72082883
42,214.1091,5.47,40727431.59100335,40827974.751936175,38538299.91420294,37388551.8716069,35665003.35203174
43,288.2324,9.91,2373480158.0427766,1605062080.2321706,2638236563.5041814,2469553126.931665,1938816045.9117396
44,315.2323,28.05,45446612.4121351,45544752.75059489,45890231.69480477,44118208.98795849,52728855.69762473
45,286.1917,4.29,2541243446.4078264,2291844831.7229056,2619204655.8366914,2435522927.7808824,1996776932.3288867
46,277.0646,6.39,18612375.992458425,20111977.523889817,19049338.075692788,18871396.08503438,20672318.671274684
47,399.0764,11.63,16881900.015539918,14226013.174008043,16898094.93925994,18723447.037658997,15735073.233721051
48,317.1647,3.8,32547591.0037177,30098252.430884723,30047245.50244224,32043223.413558207,29526735.438857146
49,308.1106,31.52,4173973.075164185,4003043.1966642933,3848154.8843254955,3632936.176432071,4442342.818532264
50,408.1721,16.82,2882877951.5552063,2287645483.01065,3301815158.6161075,3556843456.48558,2868538441.6713295
51,302.2482,11.27,666174237.8766829,422552071.42792666,795517320.4201814,909878910.2493246,639121709.1774658
52,256.1812,4.19,2097376345.7330058,1906742844.723398,2268700100.300819,2275162489.844716,2074226846.1268334
53,279.186,5.06,1794739523.319025,1557663391.156417,2122958202.8131833,2226599217.765487,2046793568.1658776
54,245.2016,9.47,3121234391.970863,2397474798.343423,3076651228.873266,2505355780.876089,1537810956.7007084
55,180.1022,5.84,42628834.107581735,43508594.83853753,41531932.69667715,40005717.089525685,49287440.37953368
56,355.2022,4.37,187534796.12577552,142425399.6953342,188773478.92572558,180492751.73704708,164949655.15865082
57,337.2127,3.83,59210908.493477635,56448213.26939939,54496851.797936976,59565232.72810158,49058517.40758694
58,310.1264,5.58,193072513.4807083,179899102.02875686,189708824.20543355,182230008.79065564,162054790.89952973
59,327.1377,5.16,152907171.71449935,111705158.25415501,176065467.41076407,155884908.71352768,102563704.84983903
60,384.1448,4.19,46317634.89126247,43929442.16463163,44623003.31347462,40260013.20818573,32125962.020034403
61,235.1808,3.63,205800332.3966239,190182026.63056073,256732206.73576272,217601418.8257922,212455847.55828285
62,195.092,3.56,378927316.29932785,428987557.3675753,243490907.53445956,314669641.5094852,283957001.5729597
63,438.1831,15.66,209365748.37124273,201285445.0972706,220346628.1063472,215728312.6223287,152718446.1454032
64,361.1206,31.69,52564080.618115455,51190304.70833996,52432488.165408164,55234276.8370261,64441624.52570894
65,242.1179,28.63,18521859.070884176,19160824.441813182,18016378.207966752,18562182.093308132,23004952.572795205
66,430.2596,12.38,15938565.589986358,4442194.867250804,32127884.020871647,32978122.174594738,27857868.104281947
67,180.1749,5.27,1495803908.2493331,1309671342.005127,1484236783.8586853,1268984660.9328477,947578084.0883763
68,484.1241,14.08,212998982.585546,121931647.3100949,245433510.63736963,253288962.03659713,189381193.10047367
69,480.214,12.7,244892178.8758697,147735507.25878906,335621656.3872019,372573389.6405202,355248982.3319152
70,254.1543,5.34,44220291.54342441,45667427.51298162,37205593.372727804,29720651.096726354,21394667.015923493
71,285.0211,4.62,123473939.42161644,124918420.22123295,114612516.89073402,111668003.32418656,102666486.75590988
72,311.0813,7.02,57520756.66329673,54918155.05651192,63418306.7354254,65429990.32842536,73010938.20829974
73,397.0101,22.56,2336014027.435736,1651053235.452682,2580209018.072849,2171510587.6987576,2088496789.4475536
74,338.2515,25.6,2382121144.861004,1707804454.424138,2533820651.062371,2132063565.0895073,1439738080.0031035
75,377.2121,31.65,2137632.9701351174,1614076.914583307,1633079.2817591063,1167222.499593957,2540182.8584041903
76,381.0328,21.68,759347276.7149634,497509930.0608916,928378373.2260348,911128600.8179941,1062036012.9367225
77,312.1379,15.92,1533042680.3925195,1471665479.87353,1603531324.8774407,1885497247.2295804,1670421082.0738075
78,404.0377,5.13,116038836.14015527,124354252.24356169,117242843.65650181,113133447.13388914,116539954.42806655
79,354.2431,20.16,1113380442.4700491,667462185.5022131,1424160130.2362232,1591933785.7352421,1403229969.5273259
80,324.1962,10.52,2161635284.9509034,1671326883.8861213,2533270549.189517,2988484777.312894,2176682586.3351026
81,607.3258,31.28,280474.7977773422,252959.68391040518,304101.1323285221,325897.30462501635,449548.1448153525
82,470.233,16.46,137920185.14514443,84074799.9440453,165292651.49552235,154093147.07051453,101880478.68191853
83,427.2148,4.63,121004993.86992314,118583131.72531526,112399473.94145629,101020952.559152,111692241.70309421
84,349.2128,3.68,126718498.9563562,133132312.56965563,125462766.92744492,119413470.55174527,112817438.23447382
85,296.147,11.64,1029093669.2055885,633830637.19627,1195114591.9708233,1330765600.038102,991718987.4241564
86,318.2795,21.55,2045864854.612998,1209001902.385581,2522192081.4687214,2527736306.7743144,3131738323.6262574
87,914.5281,31.81,14993035.405552525,15184515.271725982,15335578.978573438,14452615.508756135,18051651.963445663
88,294.0696,27.12,291848216.16634315,300530389.4148715,299800640.0149288,293242137.5496553,302315807.060367
89,266.1656,6.45,3768508308.1101036,3362080098.256568,3937290336.1739516,3921714721.434703,3895630087.139825
90,345.1816,3.97,183594379.64198047,207650050.409225,158450578.76749814,165698982.2695169,118854238.19869879
91,383.2796,31.23,1945932.725400911,2040698.9720133706,2010892.1271461975,1915757.8838853354,2807197.991784894
92,333.1409,0.6,43023230.82816994,45363198.274883166,45568545.240310214,46931500.11352198,39452634.48940693
93,359.1641,3.65,86527811.39790803,94937637.29007219,81373784.77893296,82034067.46736646,79527550.68677062
94,416.2781,18.8,453479197.9190331,290198714.749426,424502460.23115695,477209963.7766447,365920449.500599
95,346.1026,5.27,48769126.18483793,46546349.907423645,49092018.30743505,39214686.871417835,32254240.722811047
96,411.1968,32.46,41610188.55253257,38823316.106115595,39097878.446022965,45581362.20443109,65124487.994408354
97,325.2167,25.51,159990121.6865723,164897080.71554008,163233515.45687294,168958453.61525193,169713362.89248103
98,1019.4501,4.45,7907070.820116955,6288218.944299452,6195367.759170243,5989248.220730168,4082147.2700958024
99,435.0574,29.43,178923065.43138307,183627857.51632276,180096960.84913176,179230663.74980497,212714050.58186144
100,364.0951,26.39,755348493.5953103,642076839.891833,805693212.8288385,832664201.1710457,789091371.924464
101,214.0711,0.58,18748337.65264824,18556331.119051717,13919154.532921277,15219808.824435188,17505769.657456435
102,201.139,5.14,42241886.74373581,40952205.7509721,39415103.3074596,35492789.19978483,28884627.579514887
103,469.271,5.39,571691277.2823999,564988864.1095337,544494870.798995,539417250.2626314,504206039.688247
104,312.1961,12.8,258741458.23875436,261923724.9538444,251886737.8370207,284982911.2074174,283322938.46505654
105,239.0742,4.82,113872375.38751444,122855307.05847001,112214504.1410937,112354219.61300978,101575013.95215341
106,307.2271,17.26,73104997.13572192,76789098.88763113,73619038.66531758,91434836.7743197,73305177.49927361
107,325.1552,4.3,135334773.33878794,132654564.51256767,130412438.56831539,124168385.37984279,112505160.33933443
108,329.2188,3.41,888350630.984704,932009719.4999533,1056183197.1588109,850587693.1753452,851651806.5884738
109,471.2655,12.15,111454541.10133259,75376351.60629873,147258355.88711914,166800690.57577866,132488119.080482
110,612.3079,25.62,984894919.0738236,731981478.7058501,1057714269.6308094,1032144036.4569072,860536812.2291875
111,337.2178,12.84,200444588.9908294,206170806.47978023,200562473.4159856,228894177.56244764,224400219.15757954
112,368.1744,3.75,348455677.9612641,328785572.5113473,317420527.1584803,347123402.035045,340441551.2870354
113,441.2428,8.32,689432546.0291526,395672345.30454725,789155988.3737153,844170385.5842828,740708187.1052859
114,484.1621,15.44,871040252.2592883,592490910.2086743,1011497417.1967001,1177541546.637374,1065045443.136932
115,258.1129,16.43,73347159.56306887,80259044.16585243,74363961.48755704,84777060.0962649,71308596.3351513
116,316.1774,3.33,98501886.75442775,103813085.94574457,96539961.44701716,95338482.58376145,90876493.36081356
117,222.1855,4.12,962690018.0226443,923883009.2909033,833931168.8694314,804629195.2871983,581305353.0089395
118,836.3872,30.1,18423614.10538871,18661263.286588017,18019785.001287155,19092218.145066388,20147742.197017036
119,308.1761,3.73,125862425.18495338,142231464.0096314,130425104.14232898,119462461.00388806,122439292.46102755
120,438.1718,6.13,186740108.7470249,203699963.42918706,177858703.0395573,163027048.1592083,144386577.85521036
121,256.0972,15.09,290177479.8406527,299882150.95899737,295019014.9429277,342661113.19409204,294612527.7906379
122,278.125,0.58,25945145.25433629,27550585.692105785,23107361.046518043,27742540.981666386,31053347.73287123
123,615.3171,25.62,15580845.79395249,12868781.525570622,14709075.775466738,12622112.931834053,8803971.833403002
124,335.1508,4.41,523946726.57564735,531133857.7106204,491606641.9689368,495712157.7278877,486916188.36989033
125,694.2874,26.11,784152277.4966542,662547955.0980622,709351566.7724897,455194827.5761064,251514698.74265546
126,328.1912,6.35,727363808.0199349,739013534.245864,680874901.8300893,659992763.4311149,658346046.3145106
127,247.1809,4.92,914070918.0150379,782521971.9705907,980914668.9168698,949484357.4268445,881178959.7396507
128,168.175,3.7,364645747.1190606,377832640.1826833,443177530.47441244,381729389.1444713,369271659.6679099
129,348.146,0.58,10419776.803385768,11720615.124489626,10137213.789724465,9244049.789767968,11951676.98417021
130,632.253,31.25,536956749.1446834,548014088.6537304,474669809.67037326,477450403.4682056,607269657.6806303
131,548.2435,21.68,239871860.22034097,248811572.23224294,243079730.93399906,236081327.8597738,287163432.21665615
132,557.2076,4.56,32765001.981233384,21906077.74448038,36165732.58723961,36098124.30882879,21756430.33976889
133,484.1872,8.42,469614949.0984158,369860852.94871783,451270578.34836996,409870224.9931911,294617449.9411099
134,451.2019,7.75,127918077.13785246,100209685.35390645,136341128.7381881,131860355.63923836,119889721.47401121
135,470.3062,27.89,1154437730.9181774,952129568.9946588,1252441548.545651,1039813756.5599698,762145275.4885168
136,449.1636,25.74,230789138.85552236,240831468.13323137,227683244.2305718,217869625.820549,209058230.37649578
137,448.1331,29.01,369064141.56928974,389251794.4615936,380876647.401248,385943033.6494962,437020264.7932844
138,349.1841,4.77,477573042.4298047,403026375.00261915,569076389.6570275,630629829.0109258,563587783.6229303
139,420.1372,13.54,346992309.54791623,380443908.76688844,338460595.8231934,375888734.16216785,304927838.7805905
140,367.1672,10.72,256233718.92790073,282215053.50440633,244459107.9973113,281794435.99224323,251291813.44214088
141,355.1028,3.38,6085249.774418588,7914693.340956702,7850164.467499984,7583617.063292703,7531460.711620439
142,311.201,21.45,194705929.04626542,198878435.78913605,189418385.82999018,188827755.44554496,242622540.92128995
143,295.1808,5.2,480911059.5862384,426824611.337762,457886668.34658366,434217255.2686651,341886624.04181373
144,517.3543,31.12,1638201.3387533296,1768746.6177777322,1533516.3136209187,1636203.9895172976,2511147.8239421668
145,289.1218,25.17,345226540.79318744,358712107.74851644,348820196.24379927,352905495.9641522,349476871.6513638
146,269.1056,3.61,240319034.2000919,225453563.64516073,228606891.74097338,227364026.0638606,222059081.77909836
147,278.1906,9.94,2418959310.5501213,2119490327.7956593,2655036381.4351606,2608965816.1487536,2655158486.198091
148,231.1495,23.99,682359305.4945954,685876370.9013532,689502439.885041,704835903.5932828,697436811.9661732
149,325.1715,8.36,944722035.2120696,743495488.9418327,990803026.2127026,935248637.0093164,855978968.3562727
150,528.1878,10.42,274603060.3105024,184829978.02312398,298252085.28799224,322728955.0960863,211709003.44540656
151,475.1149,4.27,18756178.37466729,24644000.335248794,19200560.163326804,18098450.31530364,13929695.507909976
152,172.1195,0.58,368237487.69492143,381888360.2509522,307669795.1123804,333601750.3245585,455770962.11156243
153,432.196,3.67,10375238.947263468,9592499.15570359,10816738.78813901,10642687.968679158,10262612.44511905
154,387.2535,28.93,369521153.4573955,381811528.3855362,373326144.19915676,377473875.9757116,441255409.81395465
155,255.1132,10.16,368661943.91637284,367999578.79054326,383239266.29500246,391806414.46856713,393127525.47087663
156,282.1605,5.24,610968288.4323997,510903749.5677011,617925914.522753,559329380.605179,464780531.0669132
157,242.0807,0.58,269021560.51067823,307321844.4583502,246402703.05794466,271094872.1373678,311976639.84491104
158,375.184,12.32,774428253.0495799,568649986.7019376,844746708.2340561,782977277.4090028,570892098.2821372
159,315.0726,11.56,11278365.594675867,11323062.956421878,11417610.909563363,15621190.556344569,11357651.503570156
160,433.2156,5.96,139025460.79031265,129019463.81831816,154162945.79749477,164246931.25592658,183611492.6038322
161,206.1404,3.7,659611165.9451535,463066836.1768871,752430143.1931388,670488321.4448923,414352484.5611007
162,288.1598,0.58,191002500.41107446,196218431.3203742,166643455.3794708,187186671.47356665,193527944.98870474
163,415.212,26.96,548689062.5511551,571784297.5155227,554250605.6993183,565228892.2200637,572389488.6399553
164,403.0429,27.35,260311413.57242066,269848468.5547222,257868283.7886681,264167735.2705232,267963915.80026937
165,406.2092,3.79,96886884.95918202,100150407.49932641,75800387.88974914,87557175.1690172,75207804.36965615
166,352.2124,14.45,642227717.8405864,327485843.971897,800229213.8972467,870247906.5049807,606807138.9596137
167,510.1585,13.18,176472551.8543701,100077952.9740447,218806776.8292966,235255418.4653972,209681332.68947
168,319.0753,7.95,27317098.661613937,27161672.123826776,26239175.036353335,25623168.845959753,34536211.64741685
169,845.4837,11.3,95972560.78499766,74720331.04314229,115704258.05808148,108718280.57110012,69924821.44688304
170,535.1584,28.14,457984043.49438983,450745378.13581395,476690762.82650125,517312600.1092984,575652718.7651821
171,540.2617,12.46,261588661.95581028,228376634.15632683,252576117.23510855,233444793.9941115,205793002.64460993
172,980.5722,31.7,98775831.52659985,95848353.54924446,93355997.99780563,91165870.68858875,99878528.98773792
173,445.1468,9.18,115957048.36099842,99428699.70211434,115282591.09527966,101031726.62437424,79337083.10838412
174,289.2278,5.62,1159414703.9208784,1054731797.8881627,1158282222.6518993,1175894121.71875,1086118162.166946
175,483.0852,29.56,380651859.908594,385393406.2263876,381371586.43315065,383680029.5258262,437715116.9679421
176,1270.4492,26.0,8390960.63629691,5834854.898249421,8799720.198343907,8795059.107608667,6180148.166429862
177,720.4344,24.82,417739606.61945236,437252674.81974745,474989249.666665,463324862.1096091,422978884.8479003
178,564.3096,31.39,62456969.42248205,64031028.68347063,59723461.2972067,57880081.07296301,74075683.06746562
179,412.1925,26.93,16843302.251506664,19549212.252161697,17479777.881604787,17731914.675857183,17881023.780491587
180,847.4508,22.72,78223315.27269961,49833400.04506257,95346529.90065955,93906519.06907804,80620344.09551843
181,294.1604,4.53,39570107.55254072,31583174.83168388,38583762.736799926,37407979.8097077,26709166.11909957
182,329.1321,31.65,1161331560.272,1157381255.580501,1135098419.1813254,1145914411.8855557,1490131787.6139746
183,465.0944,28.87,707704934.5254614,696574949.8198287,717548151.9820597,772945094.183759,839293070.5780208
184,296.1859,4.43,465748455.57261133,431656867.31695163,446352770.69676954,407187346.75974655,328772368.0595652
185,221.1111,3.91,551504805.6669669,491675578.7001278,545712488.0795577,577946324.8232605,477597460.5519577
186,304.2023,0.58,100268682.45865095,117615789.85511869,97894007.83169322,99949100.49941033,121744893.14419477
187,496.2429,4.48,281528342.0244652,236340490.3167249,282846452.3572737,272800827.93082345,214823146.74600768
188,379.1657,25.44,380810392.2387549,359498350.0011624,387371165.1299225,401664578.15548575,401308727.11276406
189,390.1578,4.42,58514299.706950195,49442199.6569389,55662789.158674136,50478808.803797886,45276103.72140272
190,391.1479,3.32,37533107.16071764,43313965.73251467,47046455.86557701,37559195.732816964,40925714.43995993
191,502.1781,16.11,1735234192.4370892,1211198025.090681,1893944484.8317492,1834419897.7248642,1465963756.4062052
192,285.0673,24.55,146377766.25183526,150559101.7954287,150922329.58062997,153292437.2572163,147262219.9509757
193,371.1269,7.77,90292009.5497957,97090645.82311346,88117933.72585495,85973583.65130661,95515289.71100675
194,445.1641,14.42,213384794.20553547,210425196.5718053,214020085.8649062,224930460.2588833,214091474.0119223
195,308.2587,24.88,763535909.1214387,655518914.020983,783341348.5889046,684244805.408395,469287263.69479907
196,588.9704,29.77,250675468.561982,246159726.7582661,242807555.37292993,245691015.23817343,275477540.5111435
197,245.1401,0.58,142363742.48993725,160602317.31957394,124461751.7203765,137325771.0437439,153986797.60288468
198,376.1405,13.66,1007690015.2515318,702932363.6911432,1078875342.511363,1173326010.6858356,836729989.2671304
199,393.2178,9.62,414089276.46187717,230498199.23299626,509298908.7446709,499072352.1555523,451457174.8690993
200,451.1654,28.81,422677577.80672246,400070197.74844456,373194621.5690482,377326482.4752686,436144854.7449898
201,227.1142,0.61,21408791.355062306,21277591.96791105,19251319.296225585,26380207.292293422,26695015.126684584
202,616.0869,27.2,30219281.39781701,35212652.59260671,29446308.578778166,30145135.33451001,33617751.3270732
203,442.1894,15.54,235937518.7195478,148474273.32929647,278321919.44336414,311580352.9493899,221473730.83834174
204,398.1981,10.71,580078313.2996032,625319863.868165,560287390.6150959,652431182.5321169,608297300.2551466
205,267.1859,7.8,1182761955.7541845,1056558283.0570062,1125220856.7505815,1111968655.7223256,1041928077.2970287
206,460.1987,11.17,31024790.470383324,31179255.410968732,29433787.250928756,34980466.73118384,30926485.56169746
207,493.2638,18.1,7746319136.61938,5677432125.633458,7740776788.807167,8571802328.365446,7619946634.220869
208,417.1284,25.26,102332696.53884296,106672422.08093823,102128966.14083126,94608061.09158222,92394773.83381365
209,299.1579,16.78,1875373778.0220196,1030681351.3428352,2379153205.220154,2725211908.671912,2031521423.96746
210,399.167,4.12,230272063.1622731,176320588.5199384,213194730.9887069,200365523.78831863,154249887.46402705
211,186.0916,6.17,13443313.109510198,13157828.821831081,14502122.654132787,13944095.266063811,16921039.91496298
212,307.1669,6.39,1311906879.1033769,1163775591.6512096,1251598039.517751,975493251.2677236,650133120.2071408
213,316.0351,28.06,30231484.666673593,32617694.11247105,32241593.14705841,32938494.912064604,46000629.00296841
214,810.4564,32.42,5251095.816864297,5077445.324491611,5152308.704951278,5395019.138639276,6849397.61818261
215,394.1403,12.5,122190776.97138779,108847711.98717648,135615205.34303296,157319368.92913824,162805514.48537797
216,463.0861,31.53,1074320786.4985685,1073943565.1795006,1170492540.032689,1258520089.6198673,1540410808.971268
217,486.2011,28.32,385012808.01409465,304568196.5888195,395399591.6584422,335399585.199196,197149344.70137078
218,308.1431,3.94,156060073.62925136,168485799.16345745,150330725.58688504,165922749.54208815,161508831.20891947
219,416.1636,9.12,174782376.2899937,139631313.62193692,182773931.97857392,182560194.58620083,179018418.876757
220,351.1959,32.42,10964940.992740575,10060362.056646343,10643161.478976987,10631906.13029387,12926611.1239429
221,392.2006,21.68,14190156.215617169,15071269.812069902,14677561.922515022,12416496.159172496,15088564.116846422
222,204.0303,0.64,2907351.972311533,2836558.2650912153,2837999.9055783995,2856447.9655623445,3215829.897638105
223,302.1754,3.57,82086753.30406226,90784830.23773372,54915676.544523746,67559287.76281574,69376256.46593292
224,339.2167,31.55,182185.0212734501,416031.0755841832,314418.4903101409,204308.90512071893,607832.1256864988
225,331.0439,27.31,45038381.126353875,44552328.06860319,45054807.11989699,46028119.018654525,46092740.5314562
226,192.1385,13.76,3761424260.5116963,3656390293.872722,3814279364.3276644,4296060172.701643,3769614958.07745
227,340.3695,29.27,179413651.17521244,181377060.8527338,176354323.1552025,186775384.63027105,202293512.63903117
228,555.253,3.7,567121276.5656681,622368959.3347107,494575666.7983481,570566711.4157221,575735001.5452845
229,178.1354,29.14,448210.51824552676,369133.18143832387,367052.2368691594,312620.3263498009,269318.4484549297
230,305.1084,29.89,2310168923.44501,2265291910.363603,2357639449.424757,2313929691.2696323,2143068999.3407416
231,109.0763,0.59,153380994.43141973,154058091.5968427,142180216.34389755,154383263.66337276,162259215.5760329
232,204.1386,18.06,3168648236.472129,2889600519.650423,2780476700.3373775,3230376974.345009,2821518516.4806585
233,114.128,0.58,58401745.7070128,70290744.6825718,54412588.132331386,59671898.58076913,75683291.07398635
234,291.1957,32.3,206994346.17818198,199633920.96194205,211600262.34561822,216701630.79192913,305578774.771195
235,146.1177,0.58,504343461.09714997,540827596.5909306,476713990.13804317,485701505.0600802,611198173.8755956
236,362.2122,32.25,858380.5806035679,697528.7944755105,803706.4810799558,755645.1842344427,1283110.1127583615
237,220.9536,8.65,29792865.495767236,30300204.566519305,28979017.320637323,28882220.555003136,28033973.85094183
238,279.1595,31.43,839670125.9286494,811825128.4554998,805696793.1447103,821324064.6662362,1144409265.6426444
239,275.2123,4.42,736673932.7547222,590765629.7364463,811332336.6984456,843211039.803299,801137259.1546571
240,215.049,2.42,19200456.446191557,18274716.59622883,18063178.52985041,17513415.28136016,18022567.49151915
241,428.2553,6.76,348384186.2769153,320641002.02011347,355051268.64563054,351633166.1503348,330610619.4439398
242,214.0996,3.63,534756693.4539045,520132740.70847344,631010164.8454492,544897951.4872192,543650679.3240443
243,427.1176,4.26,153168968.12148476,163907919.41604578,157516678.309245,169275649.89602318,177486776.62050605
244,347.2223,13.0,121069145.64622477,125556998.91752067,121539229.61948186,142279809.2716492,146695770.84611356
245,488.1642,6.85,131135379.50653818,131718835.20097476,125654797.18564647,118602030.74462886,125711843.07158366
246,489.229,10.46,343873829.0909589,241189364.74632826,384730982.9243919,441315458.06346744,320816301.6366658
247,245.1752,32.87,5733178.512593699,9492140.061811026,3823941.955979169,4206465.143656435,5209931.066558919
248,233.0924,9.2,790193510.7492751,741181273.8891702,818134181.3699483,821170361.1089083,775292134.0565934
249,558.2312,21.93,82598870.44335207,84693484.7431946,79512141.35441306,69001451.30309597,76459368.54670222
250,406.2343,3.35,498548229.35743606,550533026.2140493,559870883.6191697,504855289.1852102,462892933.7286468
251,445.1615,5.21,47301783.67188133,41481963.00932675,47867560.98896715,47527980.562676914,43752262.58688641
252,417.1186,3.43,47446490.48684469,54783883.531792775,53043026.6174587,50148770.279456556,50580769.521955214
253,529.2294,30.89,324451643.20165896,307809612.261282,314247016.39075494,313873076.87726843,336504886.1540706
254,359.1972,3.83,311762138.10905635,324338293.8217015,242023875.1173927,277266621.93528277,215653781.44118443
255,313.1776,3.43,209424098.8726797,222782817.58231163,223506565.2123298,200809348.9887813,189906679.8421983
256,330.1505,10.85,407995941.0432573,267295785.86622328,441265350.1177483,466729704.01209694,296582186.33895445
257,433.2228,22.61,122816006.86951281,125124215.4645937,117982802.98933545,104493051.20982668,115724656.96452561
258,234.1128,11.21,143154489.43641448,147049785.97725448,142517185.68126774,176748941.82291892,146613328.92280656
259,413.1203,7.33,117727423.15384516,105677571.6841505,112181968.5676027,102777017.9609038,83672450.21693495
260,328.1583,3.39,206539696.02097106,211456290.47342265,214630694.08076656,192694137.46990764,185320912.2188875
261,163.0868,5.62,240696177.71742576,239297558.57772544,226077308.74495128,231893863.39809215,246059858.93008244
262,316.2025,3.49,174663705.65167454,183526125.36080196,128655735.62951988,153297968.57475713,141300514.82952476
263,223.0869,10.5,775276646.2202582,341213713.9776614,1270325454.1753135,1518514562.6527638,1101177022.5018718
264,119.0606,5.08,284947598.05293083,293018174.7227159,280814487.0691593,267239252.09349018,275769950.61360615
265,185.9776,10.63,1443986.277653431,1430052.848782513,1390673.4882124718,1919022.8937277882,1435453.3160307317
266,226.109,3.81,314489186.97298336,300092626.7928458,360280018.8356091,436132519.44510776,450366916.12874943
267,296.2012,6.71,1286560495.3629785,1137281574.2929235,1368838187.4125648,1362810884.7480357,1307625281.3470058
268,425.2443,5.67,282645040.3291489,264128991.67328623,286288148.9630266,262593046.07561058,237606142.03110445
269,457.2343,8.6,1103457299.5831416,954308061.1774791,1104022438.639886,1037232039.2813991,833836378.0821941
270,223.0757,20.79,669876851.0341166,680701682.1845316,680189547.3724368,789380921.2109194,801756987.3295095
271,433.8753,3.54,110371783.37066144,111156230.12179938,113258493.82784835,100756841.70610896,101177447.64703944
272,156.1024,0.58,136457709.4425968,151905328.80789182,130581750.15206721,134764634.92404866,149709140.4811558
273,329.1947,6.35,150592089.8214553,143302674.27220058,150594463.24560416,142442560.641089,141122582.38976568
274,175.0392,29.15,170666.62040054076,122812.09246129513,100416.11357884682,107597.72826593838,152007.02513398568
275,225.0913,18.59,245338700.74806026,200740503.2019404,200793828.4807264,242292468.70373428,192407264.24919793
276,189.0549,7.76,15765853.594943648,15540606.807039466,14742049.872272868,14233449.993486958,19260285.438314773
277,331.2597,6.23,710067.315709407,735219.7666104542,794504.4390903017,907708.0680991495,1014790.9532175701
278,386.2444,7.77,854421632.2220322,771327074.878292,912088814.3684659,906586482.2421073,931778917.353546
279,318.2431,17.79,2115556679.6436515,1355057383.1823049,2387534483.9123707,2528390872.215785,1875325830.5391383
280,325.115,0.59,5886989.46515293,5678872.198957521,5888560.712692835,5510782.759167345,7044786.530197399
281,447.0931,6.33,125756700.57781994,134737663.83335322,112004596.54973617,107794891.84420826,114571468.84129086
282,265.1914,0.58,113478234.31999958,125092751.14841713,113736544.21176888,115976931.33687215,127149249.70258121
283,249.1965,0.58,110504126.71016937,127756485.36728342,114161675.73579204,122622109.59372082,137736619.26511717
284,385.13,4.47,66511669.14361146,63068014.818516284,62796035.07984929,64879735.877338335,61332160.136098966
285,343.1441,4.4,322763581.4912189,270153917.466346,327922493.31806004,302669851.14887893,248972004.34821272
286,153.0525,0.92,6121314.54079759,7134009.979636895,6782925.640548097,6383574.434163174,6695792.212923054
287,395.2136,10.75,1384103720.766661,1085907970.1073167,1334102841.1331449,1413221582.216728,890423261.539772
288,381.2543,11.94,521225388.3057439,530062200.632865,520170105.25770193,601949529.3390998,502281185.82621515
289,453.2618,4.74,87338555.73307012,76044668.21733946,85134118.41147333,66296165.81087441,43007057.06254975
290,330.1276,5.33,1098121581.2389743,1069126329.1715589,1143103821.3888292,1148724688.6928494,1140039483.6320252
291,426.9846,18.51,141704016.79881248,63334831.14873159,163292027.20029804,175230254.55214354,133972618.25876519
292,347.1257,3.96,53787428.42258862,50937169.757027775,48280584.63770935,51477781.19163107,42926312.744784564
293,618.2413,7.72,56584657.671660304,42136920.91143816,65429450.326179296,63221442.600077786,60017627.25164796
294,526.2182,23.05,744534680.5107712,743300541.0529932,737465332.9656591,722895795.6692271,685769272.5856721
295,334.1667,29.57,377546458.51504725,395019722.2241238,391901191.0005068,383312772.8073443,443860354.2015258
296,330.0588,25.48,9008619.840613667,9216333.812773513,9055203.68399605,8503940.133979034,8428663.922620019
297,397.1709,6.19,44208482.587216854,45501742.798306055,41393731.56283158,39347723.20391493,37344633.93309886
298,455.0447,26.8,187615476.98489356,185734032.1275176,189710497.44209492,191888398.17610595,195237967.9528133
299,315.1507,7.44,247465348.74583462,235863496.6073016,250476933.67876223,232543575.52332193,185663963.07364708
300,469.2471,7.04,84028204.23016194,84631072.87103552,84081246.82707797,82471612.55659579,82103924.48118353
301,352.1827,5.16,201430968.48084408,179713805.0385504,184744524.62929153,164722251.04673606,126821553.76590681
302,322.1417,5.19,118030152.01700974,55653450.93435843,147706553.91653097,127426216.49840723,79238944.98987904
303,501.2732,5.17,68350725.35761568,56361783.17201954,70023643.55040014,64577415.48171005,55110155.41059245
304,402.193,26.24,811967570.4349315,802724649.6537318,831696039.4971653,847828016.6838628,885467047.1464181
305,287.1294,3.41,605609631.0460446,535262325.97970724,698978817.6934559,614781988.5341188,485207705.0869727
306,341.1534,3.46,99590898.22517383,104538914.48437174,70408870.00214516,78516841.6523138,64284618.16373679
307,481.2105,3.75,63324309.65188322,57462003.993611544,52158208.32561353,79578941.27762282,75122318.34745778
308,435.1603,6.34,230807239.02999273,205718263.3443789,273308642.75308126,286029876.81283903,307124639.67151904
309,444.1198,26.82,726760798.606421,745102284.2357495,730689484.6266387,725575189.7637134,710104661.5195364
310,541.1432,21.87,207799653.61962622,123029225.72264446,256256675.735101,232755167.8304949,217916785.4327604
311,479.1505,6.74,109449992.58341978,145626940.30057284,73720624.77745475,66551787.43827292,76106924.09835605
312,592.2687,31.4,618138.3981945722,838260.2750492364,608451.9134267496,1167280.0527880364,438911.51174760424
313,428.2715,18.64,1292719163.8386874,812952656.1215578,1198296370.1947215,1142948474.3269901,775229839.9623766
314,546.2835,6.16,80992271.58931616,74237029.38732705,83135970.52917409,80692842.60729311,83612850.81880537
315,475.245,8.79,326046892.54757094,320407640.2890694,344340073.70974845,322069267.6939566,328123492.4443729
316,573.345,3.92,11641452.455820082,13403957.273990344,15596762.758918218,11919154.478720248,10474879.376224786
317,435.2513,5.34,355807403.5650747,275866627.4387625,388084509.7494889,376012444.5822484,271234917.345132
318,434.1696,12.6,436827960.2727278,356976159.3347307,427612997.55781543,412571521.90501523,360045263.92250836
319,485.1897,5.5,94215981.13370445,83197159.0291872,100110349.9572277,106904762.43145859,110685673.84951542
320,478.1566,26.14,241718622.73006126,243993610.65276623,237051646.33237645,247435078.51456723,246406774.85647234
321,409.3332,3.58,39427262.82472992,39372897.61251975,23017389.308790028,32523860.625085037,26729192.568189453
322,228.0344,6.03,159007954.62444267,129040546.63228905,168331887.74504137,167684262.6257609,176908202.8099025
323,639.3782,13.53,66955576.95738983,71695863.88255072,69512827.25718781,62594865.3959376,57201885.99343097
324,628.1028,31.97,9188045.05239277,9735654.006040178,8875101.534239586,9012927.679070383,12781231.409905652
325,342.101,12.99,584862614.6484722,346273808.4604633,682197247.2243674,717011702.7093645,643750773.566428
326,507.2328,14.86,357508214.3733858,229740438.0664101,406663287.4275946,433901072.23085177,332667801.4503661
327,518.1657,27.68,449258142.4459276,390885998.87013465,477106896.3913054,520926911.52315575,605942615.5090477
328,414.2869,3.86,126551850.40762058,78707209.32254645,124811251.8040924,154738137.53977266,103531253.75414053
329,481.2928,4.56,92796212.49783957,64440705.45409286,104514192.83471543,108682407.2061543,79367916.17561087
330,501.2341,15.01,623025284.0138998,339887177.58452624,860287024.8246516,995289751.1869437,763963846.4165593
331,334.065,5.07,91228596.95595938,91654529.703572,91100866.3930368,91385271.0809334,88580803.77351496
332,310.1417,14.73,1039404933.3013179,557824467.2780687,1265139846.9777207,1368929476.3074632,1036260286.8556792
333,448.1989,14.19,39385540.53379196,16281079.506308801,95194743.30744249,112774171.34445187,76842374.14311698
334,354.1278,5.6,147851613.59421352,139434452.93387038,150659798.17105642,123916172.18916485,100159321.1741493
335,592.1,8.22,400447221.8139486,409921551.9166812,393125362.3041053,415883082.868824,438980397.5279095
336,401.0475,8.94,246780891.69924408,168754561.37774205,293664493.20252633,292769257.08345896,222238703.79690012
337,501.2064,9.97,350976405.83888876,303095611.94946164,337000291.9798207,302041493.8312485,271352338.39181
338,321.1004,7.85,956443.3774897619,1002378.5651384306,742742.1920573782,976811.7664851956,1056365.592117313
339,471.1261,3.43,2378478.630112412,2431666.08758186,2395202.56918179,2413157.4115437395,2476290.560560635
340,499.2512,25.23,773624768.3606703,683808372.0227494,799802894.368712,864544503.3774669,831870143.1444545
341,376.0834,5.45,248275263.2588879,264204615.73024678,213530303.6619668,204179539.1448434,160919662.2782026
342,557.0014,30.61,451233391.7852567,451351438.1457678,451366634.974988,442452158.1734614,492480944.4843272
343,519.1241,26.74,589162702.1986012,483690807.34061813,627692153.8446791,628444810.2488712,558010941.1772097
344,388.1065,14.3,121056477.50158632,122410850.53809232,123528656.02505241,143569147.50918323,111841456.91766866
345,521.1902,26.78,396062362.16526234,408274614.419969,394360415.25079465,378808744.70464575,395531118.47707945
346,327.0132,21.79,40886708.5695591,41981526.99766249,40410446.47428574,39278701.68377166,47862445.860394776
347,474.2298,21.76,93810045.68489698,88369142.1470028,88058062.23803839,80122532.80666016,93602431.43581328
348,434.1906,10.29,560425177.7254398,469359906.98046833,544100473.0404416,465224744.81842726,315148982.85966206
349,438.0895,25.99,87320079.66938746,90123212.68457162,81792465.4346004,76817234.26231621,73127179.700396
350,370.1367,28.08,510795515.41486496,532979390.2868403,511062733.37201196,514308344.03410393,602415711.6634175
351,331.0959,31.27,4438696.3509986745,5225219.99893469,4651784.01380555,3629659.831420455,7653569.151712317
352,227.1546,5.14,1350450694.787491,1245681879.344304,1261581413.8472817,1247770988.2363434,1254652934.5524473
353,354.0792,17.44,140389024.82213396,138484388.2993304,146692367.335147,169481538.39233378,145562575.54080707
354,490.1997,16.55,445733752.72733355,371224906.55042684,467389671.47392297,490012289.30903935,474133254.9553775
355,514.2032,7.09,5517749.080911093,5514215.321832142,4514989.624128272,3713581.5282846265,2200852.849762546
356,561.195,24.52,1246909185.6030369,1143119252.1045585,1175274503.088779,945335511.9310108,684689502.6809869
357,500.1637,11.46,160796666.7748619,117781632.37319764,177999133.37166798,193142053.44450846,128062022.82519047
358,638.1764,32.36,45647861.07747199,53477793.120173864,50147347.688712634,59626322.88644351,80541664.16254824
359,389.0905,17.19,266126098.791033,275062998.2530957,261302901.7899268,282203310.12254125,260925922.39666584
360,413.0816,30.78,25673869.304599613,24388430.127586015,24143177.25506618,25449925.734525837,27925421.783711247
361,174.0554,6.71,143418.6413072998,201760.69360184987,560482.0647739148,443953.7095924057,432321.7117805432
362,813.2673,19.66,10193011.391284741,9820130.871003864,10257922.372962775,10495745.08261684,9977020.635096932
363,365.1615,15.14,272520468.22143924,268849396.096916,259431707.18515265,303812695.85104614,268978640.96414584
364,362.2557,3.53,192100293.32723534,215228680.8024295,125972327.99116167,148261931.77585024,138944759.19971612
365,272.9874,5.54,206513750.8763983,210771035.3185351,208817446.26886988,200747285.99434444,189474221.92747158
366,454.2611,6.35,30038089.658548377,29349780.851208236,29622413.71910294,30580754.004050937,33595828.34073575
367,463.2515,19.4,134648306.93209228,65278839.99926039,157189211.4171058,181342209.28396243,140774523.34315053
368,283.1445,7.84,93825203.84676856,99484019.09282042,89130742.15674573,88584161.19391768,107329965.98299381
369,162.0551,3.69,228885326.93786418,241109016.98292458,266418930.78715342,213859302.53099865,220655923.18735662
370,480.1033,7.71,44262438.55475652,40433635.53503947,40463194.24470119,34848953.85517258,25044278.95746454
371,370.2497,5.59,567122397.8279576,503942895.3541917,580008622.4022475,604018844.0844315,566185171.8354514
372,974.3051,26.0,3420505.913625867,3782477.0576354587,3796995.203117729,3096332.4922661283,2367506.856052136
373,517.2377,24.84,392693462.5518166,289110351.2682963,430522811.69312274,398337497.0614002,316540728.00592726
374,441.277,3.86,19224518.731710866,20738591.508217856,22489654.048795685,19303570.09195306,19869891.418066315
375,408.2512,10.19,134449741.6030271,129404786.26393968,137735136.76497146,137309280.47953987,128746075.61740808
376,517.2263,24.56,575059896.9844736,371254981.2659794,638062109.3206294,575069384.0332936,454636167.1084853
377,418.1047,9.99,395399794.4046272,413064448.6272764,373790870.5463,358271506.41802144,320092916.0962512
378,280.0753,21.7,54634140.93871228,58553101.45529833,57577389.36278239,55531547.31696715,66033713.44845192
379,381.2768,5.36,88764379.60436705,84933282.09532997,72391529.35760874,60901548.70096425,35127965.17628797
380,368.2088,3.85,123177686.2063581,153524944.93204778,119373737.14061171,133104306.26570022,133412155.26551944
381,353.1502,6.47,438737787.6241524,412632270.5524069,448802827.24531937,441932550.1153582,456147032.3693051
382,383.1484,6.65,117800203.35632241,38894301.90020443,217245027.2830632,256047851.94102064,275391671.57510024
383,380.1764,3.4,18288225.33594852,19896793.7537767,16957254.38959453,19020524.48558829,19697719.931270916
384,405.0976,8.19,355908263.56985706,366837528.8672466,339634002.63037986,345627767.597513,382714577.546972
385,396.1673,6.19,207800416.30342045,217251973.47287637,193675074.0507616,180134594.36759305,175508143.17151502
386,374.2346,8.84,10344353.104458118,8793709.54271694,10296888.11712465,9583894.558062388,7843726.177716501
387,251.1546,9.79,1087802032.160606,1046217612.4024601,1154271581.7455518,1149903448.2119071,1123834992.5219014
388,545.175,31.24,217083858.32749906,219515512.04576573,205294494.9872417,213406519.85626647,230647327.8296308
389,376.0298,4.76,145734468.70219153,126848298.91286573,141237883.8474783,133300577.78187953,123310015.48357384
390,601.1757,31.97,3561387.8708535326,4048840.1977142864,3060391.476114271,3766382.7227452886,8468102.867044933
391,416.2226,29.49,516699601.3467061,526722330.9093436,506577316.1227127,513676614.3380549,583453735.1537943
392,443.1742,9.01,570383317.0853075,490430751.9387934,558497795.3924918,481918271.0243561,341834335.3372319
393,378.1618,27.61,271953128.81055474,273638308.61791325,267806802.22868627,275893973.50575316,324642688.16935706
394,284.1066,4.03,90739540.46879834,70654461.80396625,86059715.10303596,84601819.69486937,70075108.00142339
395,384.2087,20.96,430847341.33151865,451222773.0555999,443052028.2649369,489839340.64212245,454740739.88701546
396,367.127,7.41,640626923.8868833,221712944.265055,1072871463.9235773,1264566147.2002184,1400334334.4388134
397,312.171,4.9,305853840.07629555,279883469.6217638,297103727.6581643,291296117.9376178,300118904.66618055
398,429.2181,9.95,465216702.572915,370562210.55995685,492514513.3296343,461073434.4291661,352105737.2180882
399,367.0083,24.79,86489256.54188468,88634135.22505951,86055825.5962618,84944711.39112581,84874632.8770793
400,350.0698,19.73,104094918.90351377,54104112.04226437,154389725.95755598,192628806.5380872,200437737.36788413
401,229.1339,3.62,113199006.97800457,121051915.20467645,101411629.66618326,102053907.98526548,97746079.0236119
402,500.2781,5.47,282748792.935566,186164631.496266,342862284.36630476,371872620.890993,343964981.46268034
403,335.0465,21.38,19155479.26030021,14860664.319617925,23585264.2379325,24886214.613984186,29794867.561693378
404,366.0302,17.56,149327618.59229252,150606821.5397885,147081220.78609762,164966178.07533556,138981588.8025409
405,509.1157,28.55,278054991.06817883,275971891.89263785,285700981.5296058,289871537.8770888,319123133.2434114
406,525.1956,28.76,69377433.77560148,70056710.88981119,69266941.28311849,70421718.28106278,85387765.69660586
407,548.2226,7.98,59671403.46970975,57822192.48344612,59006208.81119315,54603587.9596148,55270305.81991506
408,539.2545,4.01,68767547.21920615,88462081.88360651,81510326.91584319,120270480.32283303,110663570.69968341
409,398.1717,3.55,90785245.21603447,96835462.43965897,60809080.31384292,72746230.50107524,72979836.46853232
410,393.1651,4.69,417981362.6502927,390625553.79522157,435380326.5277339,434070543.1560445,408514073.42843264
411,358.1444,28.24,374964851.49310637,401758070.04785794,408561868.2665037,400181698.1137754,460117348.40100664
412,606.403,3.51,12584930.450195923,9640506.600909833,4759259.120440009,12821338.204365488,13911841.896740569
413,261.1351,3.51,291542149.5135337,345586189.6569216,215591764.00846738,247242303.3738527,232966220.7032165
414,580.2813,5.58,49390056.36083217,19869666.47977484,69638211.46462004,59038531.65859426,25780760.56630826
415,495.9274,11.92,267168246.89649987,167765059.19840258,350037955.38107044,414965426.78553754,336707884.4409576
416,310.1354,6.79,453445445.70288944,220942758.89919525,471077013.11218745,460638077.4300051,526438069.23273987
417,407.1632,4.81,251786456.9167059,250771166.930793,293506291.9519232,327208596.3217212,315793654.7064793
418,351.132,31.56,68968463.98708609,73627156.37528494,67690200.15667555,63678222.60643493,99265613.06008762
419,324.0194,17.41,242447018.21834305,242995269.05546245,244226689.9265431,272730116.47629344,231727545.6550337
420,529.2255,3.69,99693286.75857729,92478633.97665069,86008918.60910717,88446954.25200911,66721558.18376556
421,365.1977,20.53,819999914.9273889,446561687.10455495,1172658217.6814952,1479309417.590465,1331490276.5724077
422,570.3564,11.77,137967920.02893114,142537292.068457,123163224.5453105,115196012.55061512,94161023.28937861
423,373.1237,3.99,69211977.71793304,49925608.47620071,80258807.50724459,53471291.15921732,44369927.88733334
424,308.1973,4.87,163725296.37210298,105469318.1815473,221558855.12165964,222034363.50126547,199174829.85790154
425,525.2655,3.99,99686969.7133403,62997974.05179358,95001804.78867114,91750140.98938894,56847958.078274176
426,476.1245,17.37,310441923.0146394,319921240.9752497,321358942.1514284,389559669.21742475,318456807.799182
427,613.2143,7.22,23038939.014076985,24371704.38114511,23433821.948881418,22219161.84754988,26598551.350154582
428,271.1445,4.97,613469810.1525061,542588891.6228701,610738707.3664777,596227527.3385801,490249611.5948972
429,468.1606,4.88,15077738.184555497,14303677.79868762,16138780.978716452,12891296.599399807,12389375.751263205
430,959.5238,9.71,6869575.410683453,7845080.248879921,6787051.504429874,6771675.356254745,6228891.467409349
431,412.3216,9.81,560822446.0268874,392449087.85235167,604139817.3823634,547096756.4086353,433769427.0082915
432,213.1026,4.08,519337507.9471214,556294785.9803566,453248734.8144474,488264334.41627717,332002034.3060104
433,361.1652,8.58,7393863.365782205,7517885.402341128,7139167.650245566,6636948.347076781,5606547.274484937
434,432.0224,6.24,5179010.577230518,137134.97236790476,59176531.79509668,104812106.06301203,34161694.80940918
435,421.2743,32.17,49626644.87327112,52350508.75885324,51806372.10708906,53985840.87171269,70872646.55610973
436,363.1458,4.31,387119014.099465,357442992.9575071,356704933.7733389,308907865.17965204,259632308.33722657
437,633.2536,8.3,55331401.06747941,42091836.20361763,65458755.37502903,64682256.97529086,54113653.618953094
438,546.1429,19.8,197893336.00156766,210353642.201711,198752159.4162118,221699158.45230743,225313131.84745842
439,329.0901,25.7,452567319.80745924,372876903.4287326,478326599.5166261,370195155.25013465,208330631.6580724
440,563.3466,3.61,16762919.40634511,16964945.153789822,8108183.2972992705,15082368.997713603,14383292.4153626
441,609.2975,0.58,21267699.80814008,22484828.692379788,22117405.857014086,23971948.355792806,26195885.556411304
442,192.077,3.32,321231798.3376354,336396242.7711824,382037463.44392097,303586175.3606893,295691538.44102174
443,401.3059,33.31,14606745.335308582,14200130.133527115,13795162.273192253,14005307.568118341,14352057.185659204
444,359.2223,14.14,38847248.91496058,40498825.53166787,38388661.474014655,43015953.05213655,37858865.29489053
445,560.2081,23.93,463304426.0572085,339651104.1929679,474076678.90587896,387254955.4070975,252119720.17302343
446,435.2035,7.83,1101394182.121475,1026277327.494864,1026439957.886987,932620214.8645911,748747181.2631936
447,486.9446,30.77,76562999.5433496,75455783.33035094,74350745.81284438,77465450.77414715,89578299.01210311
448,168.034,0.91,3967765.111842533,5457391.840657884,4406781.905225952,4075384.3523026695,4216657.333819962
449,126.0551,0.63,60334936.95279375,63888307.44845699,67750366.00185156,63747038.1764843,70817046.08666906
450,459.0061,11.65,87380589.28308524,78368166.71487089,85168962.7623679,84105541.1790799,61051793.84852142
451,465.1014,26.06,78642270.93856047,80930258.30976689,78505914.52890332,76465839.20978458,76754197.79136418
452,377.1615,3.54,87594011.36056867,79087918.65783794,103247146.14107974,134860137.24710423,126466260.604768
453,542.2177,4.26,31048930.38266838,35377145.67820137,32548762.02371958,36563406.05523688,34155340.66778063
454,524.0375,6.61,183246217.8723311,199383338.8342688,183801552.75410503,180886223.5153758,194520672.20729214
455,392.2588,32.18,248452040.21518385,248022563.62925833,246714071.02897424,278802558.9928671,315148093.5099912
456,248.0504,1.93,155605053.6364349,145498883.57224956,150533151.43734705,153446498.07963097,154861032.8906149
457,587.2879,5.88,209484942.97607383,191418268.92701024,200791572.30347586,193562791.80212396,173237091.94618183
458,433.1941,27.78,291848660.51965237,284445880.7208852,306745046.1103773,321219560.72091764,367804536.34064585
459,469.2588,31.37,757201.3820211964,959114.1583879106,766320.8209146583,902805.7729652493,1213282.455273727
460,522.32,3.95,28831628.575636618,34569010.1791106,26740971.58917591,28370507.970226724,27255137.791933265
461,494.2667,18.1,2539456807.6151757,1854058852.1402984,2527278992.9319034,2233373006.7618914,1659297680.107399
462,448.2466,4.66,80707451.92782491,75199470.11635026,82835036.85632768,99974075.67183737,99912094.27674922
463,136.062,0.58,67221829.4320006,65752494.31498386,61053613.62957908,69524931.3755617,67298746.31714264
464,608.2283,24.86,69419247.33237422,59334756.067210585,72675751.94321032,53802444.22475986,31817793.651548978
465,344.1864,4.5,187453658.1755402,186280788.8912661,155967769.74391067,142158590.90046394,111783553.07102697
466,343.1227,31.6,2748950.33296514,2928419.8839450683,2581631.0488207606,3346314.5455333297,4659720.275500425
467,384.1746,6.31,1086400174.5941198,866745163.6521248,1262174701.685064,1364400806.2024095,1368415203.5909696
468,358.1681,3.75,168739707.35517472,169229835.86391184,167655343.35911986,158023565.8220781,148965260.6283322
469,416.1894,4.99,794810.7481953829,203931.8636624813,23781911.989683,34442544.56236495,10128382.431596203
470,311.1391,21.19,179878305.69245768,189787271.2901659,182163019.73100325,180838640.82503575,188995854.69272962
471,468.2152,16.62,101229569.90035115,103799227.24009624,97138732.51388256,108046775.34724815,96205358.21008033
472,296.1397,3.4,167257368.83907774,209072882.276244,162996229.352335,161448241.5680541,154297178.19161424
473,305.2478,25.7,20021504.685187187,21365164.70316288,19445306.74667389,18308744.773515496,17854148.183035113
474,199.0869,3.38,329277603.7779635,337995375.82384646,340395823.2736069,322388480.9092582,303814359.1741104
475,318.1605,16.58,871579066.8988595,625391036.7763534,917630836.2528783,927818249.354284,679225548.6132957
476,196.0893,4.49,371566885.23686874,329455553.95417,362477152.4730578,351786545.1525054,323622886.6489891
477,283.1081,20.88,397127577.1193192,395917811.2113951,388542263.3983729,441280999.1972711,416350213.9272482
478,361.2741,32.52,2372743.198194216,1636285.3320577699,1668799.7331613712,2890375.232905302,4058502.270604944
479,378.9846,4.47,139513845.64375323,128803712.44177358,134746507.7749643,129830756.73726293,136621992.08777994
480,428.1573,3.59,33914463.01570383,33106010.989958026,29396039.614526354,34079933.79936501,33646997.51529561
481,479.0273,28.96,226215322.92061707,205287504.55327314,244460164.7473067,231806645.89842477,227193910.04706642
482,545.2394,8.44,33284218.798971143,33919743.34777644,33342159.119310487,33109971.843757637,32061119.417998724
483,417.3371,34.31,29773853.52596939,31612158.564555,30138180.265139848,31106156.37909647,31809525.55137839
484,366.1023,3.92,31835787.594695196,26287769.54773326,31303610.738135904,29598779.14163594,27063557.37141693
485,358.1567,3.57,46475326.094249725,53345987.17403911,23289703.205660474,36365523.476402454,34736193.028767124
486,515.1369,31.37,739854210.8340713,802845126.4169531,903214150.4768953,808441779.8549477,1117852675.7328627
487,218.0815,3.8,151642772.16856417,153223457.7619036,139520046.42315271,148030313.60286242,143315144.17110738
488,412.2713,4.18,232539902.16439787,216950477.53950006,209572453.452922,191731573.56133258,149744236.74898922
489,413.1977,4.27,179089442.27258345,201771514.1560869,170343172.31646547,149144251.94138974,110022206.1069355
490,348.1599,26.5,671541593.8380077,375676636.8043627,747301648.7109169,769555837.1491605,772775268.8281816
491,521.1688,26.26,347977512.3420458,348888723.6140375,339028956.10506576,342092885.58631057,351965725.2949576
492,462.1587,7.87,68285354.89290391,63159364.47414561,63129281.84844699,53507278.09804917,40601403.52374731
493,367.25,3.87,234604407.1661508,206189253.84393024,243454243.56883013,177693654.21276203,128498345.486748
494,430.1702,30.22,936617919.4479973,813385467.7848526,998263715.2875912,1092661117.9848008,1144491552.2242162
495,285.1059,17.54,689268039.9400934,702388006.4762143,748439301.259684,838715206.0595424,751588622.5302485
496,331.0574,25.69,367966893.734372,382868972.24275607,378061956.8356205,381639910.83322763,378942212.20997864
497,263.0819,13.48,63953502.69857418,62137489.28225112,61786860.84050875,73982682.67546982,61456256.364007734
498,323.1031,13.3,147832543.12250778,153286563.75203598,139393778.7230723,155004549.6862987,132576143.5275551
499,411.1757,4.97,835778415.3633264,887592462.3484225,846853983.5433868,877374489.2789203,840975226.9364486
500,600.1922,31.52,124568290.59113139,126548475.14695933,114857870.4145266,106839995.95360892,159032144.57338116
501,394.2354,8.96,190581909.6430912,194087165.14168733,190007914.67834115,181268950.0095955,168150508.54439408
502,361.0511,27.44,155191761.1697453,159424509.29538125,155397182.39232147,157621333.90783006,199610469.80394387
503,353.1138,27.39,551015664.7342021,572427932.9843785,549851722.0126891,549731261.3886781,609960800.0888455
504,326.1424,9.89,877375626.6139024,626084618.0777,967471850.2208527,914609657.9641864,775326780.5982567
505,342.1818,13.46,272672024.7479054,268730692.8462411,258024989.04047072,280248469.66398907,226559028.4625581
506,521.2669,31.39,342590947.47489464,324336661.5588042,346794507.19883347,388885320.2482667,469730549.8455107
507,455.2485,21.4,348943237.8392806,234356474.513436,322441542.9698635,205192347.17039722,151253237.55256766
508,309.0905,31.27,563847247.562879,525276275.52731645,549856010.3193374,535677707.1449757,526747263.16933495
509,451.1527,12.78,33200583.105732832,33270033.8176076,32292179.3301523,40046446.44557332,40209230.18315626
510,356.0036,25.83,56973558.00724335,55566376.18001303,56879824.55292511,54363376.56051576,51628579.31740091
511,499.2245,3.8,71519726.82002339,62198988.38351303,78260727.89209785,59673361.23018143,39321354.49491511
512,555.0217,31.74,1227982987.0258052,1175850290.3884711,1208523501.5460443,1235381873.305618,1317183487.2791014
513,397.2353,4.38,190583977.27869445,191541078.73337364,208978742.91726017,217250681.61924928,213994766.85462272
514,427.0565,13.39,205597276.9082387,101459763.63674238,281302535.8586693,313456830.2694139,230666000.98935115
515,449.1876,26.3,657032106.086693,535206514.58523613,685641219.1923454,545883109.8777183,289441079.7394219
516,472.2313,3.51,32511662.29854662,30656810.522154108,20604685.31171105,36287646.17705464,36557711.8278873
517,325.1778,5.96,51265370.813462675,56066528.37979876,56683511.73019263,51790918.448838055,58630389.17315356
518,402.148,8.24,11247376.151901364,2440340.0624825363,63518904.93093999,112317998.56587121,79206284.16256322
519,417.1676,7.23,511332894.3360439,492322431.3919776,509427676.29666334,454905019.35461843,465266651.92992413
520,341.1516,3.37,31549420.6499375,26383675.36624587,47365709.55164783,49368702.836741805,59322119.978480995
521,346.1366,25.73,905168273.8529686,922934983.5216082,923067411.0232301,943955368.3741561,942461280.8782368
522,555.1401,15.78,120390519.44883212,84151064.74952509,131712552.04610698,129348310.45790568,94510428.71122488
523,373.1527,3.73,182750921.8528179,158070335.06953266,200452853.2081411,159756425.85682178,103062077.35849959
524,458.1654,8.44,23271379.34107469,19215092.55054953,28277634.742375694,27885000.29845627,23032144.190606546
525,419.0735,28.31,250635330.64435104,248257893.67215905,244692196.78553608,244656137.22000226,285099912.7063054
526,306.0312,7.81,144109073.69016606,59767928.468459934,184987745.98707148,181490202.07421622,204374206.85521078
527,336.1349,5.82,477889375.3514637,473456683.72664666,410690618.5257457,369917297.51069725,237150206.0720738
528,464.1764,9.38,191288128.571591,181783842.81489787,198709986.3302682,191188703.21661884,193278125.684631
529,508.2468,4.39,22495847.457684804,20449771.636914834,20947151.023555566,19722045.11017249,15309114.15810589
530,349.1353,8.11,305564411.3349389,113200225.159639,646128339.01706,899998393.9981592,1106757612.3830914
531,444.2405,7.26,167577860.47584748,151388125.37502894,172754043.26464584,140188395.05941615,107972327.99082321
532,455.1126,12.79,493984061.12163794,363125487.416799,533806742.47494453,536103100.35161823,444544072.9873872
533,462.3714,31.72,616070529.9958673,595641358.8621333,564068452.7539079,580438300.0345817,704398590.9642074
534,330.1717,14.35,893641155.6908187,812582146.7346556,907281318.3353516,983626831.013094,779701246.0408958
535,332.168,32.18,736253674.5526273,728334836.4594901,776942604.3858207,828159100.6546233,1075353649.1761
536,426.1931,3.93,178908827.92887354,183978677.7344355,203808893.81767166,146209438.88800794,114196279.44578652
537,482.0828,29.68,114599218.06600545,113973614.93827568,110106314.94567837,116446085.39007817,134420664.43746716
538,569.2878,19.24,380285238.18825823,366959331.6349859,361512474.4062789,370238936.7654098,372758618.8634492
539,285.1037,14.47,147299292.523321,148376315.79560608,145873483.78947097,174940202.9021491,134761564.94195226
540,408.021,9.1,1266101916.1014204,1250424459.787297,1166131287.0511804,1148989245.1522965,936981858.0190114
541,282.1241,4.67,357621859.7337293,331095622.50736946,383885302.3349224,418468288.3724093,411815734.4445369
542,240.1709,14.83,262491404.1751615,271440323.7340196,262841786.39652085,306291791.6643976,258161526.51380056
543,440.1114,31.29,95527368.93061566,94037895.8535271,86622995.68530963,76003724.33805253,111307493.12734698
544,358.0847,30.53,282611017.82456094,286136858.83708775,284421644.90646553,276707226.67372686,336362166.0207878
545,391.157,4.26,163159601.60675588,154760527.17487597,164480333.69660187,133446963.70001896,103742574.42699705
546,451.1196,27.64,31081248.400060795,30143060.393681347,31124083.746926725,30914322.639701314,37373477.9723247
547,341.209,6.14,1037563182.2124329,1036638768.5971116,1092464775.6619337,1019533324.2215387,1048970689.7629526
548,182.0638,5.49,90266343.71237773,90381362.44639984,86074508.80594133,85183757.16474216,80894847.53581558
549,298.119,3.84,264420039.1856234,252994851.82661742,255362301.72383833,261505138.71946335,244731443.90223143
550,478.2096,24.14,381424028.79860073,411366042.1484676,382262977.2612351,389260365.9430092,370897400.0619396
551,237.1026,11.01,936890993.7080506,900741354.4952832,897453217.4721385,1036440049.3532661,908702619.7551777
552,530.1312,28.9,73665104.20577529,65060908.18091386,78551529.92390814,78049002.41830757,81036003.25771563
553,497.2805,31.64,453295697.1336224,301278996.2753171,584124877.357486,903381078.6078792,1201881641.7780566
554,338.1651,3.51,169230665.7170369,182079405.9205743,142457452.4319989,148339923.26298422,147630558.60624373
555,341.1074,5.46,314733976.89614916,328915446.51241744,299945914.0726074,317106406.9567521,281045508.7051326
556,307.0461,27.02,241205.18086105672,256411.07969474257,262876.56996277027,285022.55506329,247731.96792672796
557,457.1769,27.46,152896037.98328468,148643410.6878634,143214699.50174147,170141850.24281192,212666514.90389138
558,308.1284,16.44,1129747861.828206,1214177803.110433,1153457838.7667391,1223393078.468336,1049480381.41484
559,516.1956,9.27,29347087.848714508,3083926.797052386,175125667.58243918,199316416.90387738,156634397.53757864
560,235.0539,12.7,117892765.87972437,122446145.82215959,120056409.41697733,150720483.39586264,150249950.5152129
561,461.2417,12.5,763975247.179468,648079717.6299329,849547640.5650998,976310052.4609389,1043284569.4054315
562,391.0094,20.82,68245450.25585173,70434859.4030342,67349722.47993971,81220432.12651189,72320815.98945688
563,566.2912,25.53,313862594.2003843,203806372.40536764,347569785.84505373,324958279.0869596,219408758.41780895
564,514.1702,6.46,1664160.4127008228,0.0,59527576.82523293,148164356.75694385,54505314.9347243
565,447.2248,21.31,139573978.9682847,151908852.68648648,150135301.25115433,135814951.27596605,168472444.40652275
566,455.0601,31.37,134718459.38908774,141510602.4202739,137730155.37207973,131721858.34499693,193952757.7837937
567,391.1858,4.57,381596655.3880947,296575471.04581034,418542012.8707774,370142030.9616939,231169795.4149362
568,504.9956,31.7,218939713.6762314,217058967.55405492,215718162.7759074,267639176.13914096,283497204.43074423
569,385.214,10.33,1078674041.9192166,1027171145.1985403,1088658964.1531954,1114135217.8473206,1022121971.6969799
570,372.102,4.93,333507657.7691805,338972372.1509231,325938238.36541086,277755717.13979197,263189706.7096365
571,370.2129,14.09,2033918376.6754751,1701616858.019478,2133603141.235702,2248436390.173039,1712106358.7007723
572,487.1672,4.03,61624124.15396808,92442384.49402107,48809601.046452805,60292401.47796528,23462471.291990213
573,360.0348,7.89,737036275.0363187,723900647.6250439,695098474.5588562,645027781.8929584,588845163.645143
574,363.1621,21.93,439997671.4282291,423312987.02088886,441494636.4939059,427858463.5444195,480325350.7852226
575,429.1478,17.54,741007815.146382,739427337.2799939,843706736.0145254,928178100.5827788,884863643.2397828
576,446.1722,5.56,239502310.61528233,236709597.12309587,220968954.14834538,193458592.17641857,201024476.28330645
577,318.1131,21.45,217970545.02133766,226121164.31813365,206875517.97799903,200014052.78258565,232416173.40704623
578,275.108,3.54,202047805.31049508,206726140.89674723,179076798.6708431,213412055.66925532,231661504.42236832
579,348.153,13.39,715088094.1206098,520924312.7191017,754724969.196538,798153737.6347356,616980028.0208085
580,344.1876,4.75,1446594797.043873,1374961860.2083666,1417273948.0860708,1335769135.9226742,1371501225.8408961
581,378.1078,4.06,323563132.33955324,395618848.7531394,299561989.03591895,349814347.44464123,284653770.5711858
582,384.1131,7.92,265658080.9321008,234403863.71318692,267056458.14114854,234526128.82231992,216643876.68933713
583,324.0671,29.25,96575125.56584863,99326883.02661732,100236103.68254763,101986971.21302415,132729243.99450374
584,252.1023,25.51,251466571.95048726,270616690.36390316,261259714.3856081,256355943.51483032,242028796.03435263
585,334.0759,6.84,670823701.7899483,710862911.5759604,624353171.7814686,591997065.7288747,594983197.1415638
586,465.2192,5.58,124502051.89610566,125274009.98405673,120100425.04399857,129746234.5350624,137864346.382168
587,376.1574,22.13,405339667.9667221,290903858.3328627,467799251.79979336,451437600.561307,449617860.6194316
588,483.2316,32.48,1413275679.1695187,1544378824.916119,1579224855.3856363,1820701494.3485699,2302396740.790231
589,376.0887,3.78,128513403.4770504,121777212.32327232,119127806.67354155,125811254.37434614,113351378.20285663
590,283.0306,26.15,677268370.8230977,682986597.9295768,645122976.0749679,684356130.9978993,668184071.9960304
591,254.118,32.11,339432.12084992195,141582.8501753289,191094.97439522628,171273.28921889295,120669.13035195177
592,449.1692,29.15,497784801.6909375,490949928.28304076,497249882.55766076,493279013.35648155,539766899.742156
593,315.1142,14.61,151410723.3347559,150996732.73825628,146550992.80203927,168947572.048563,143914632.85740647
594,532.2739,20.04,158450210.2766252,134923028.22538415,190285971.37590307,200349284.2450763,180069259.68929917
595,493.9543,26.94,106215375.24826393,106751332.37557174,102075672.39676459,103729227.5825393,104579661.80786893
596,336.171,7.3,2819134147.519466,2608780606.3108892,2617315739.6006045,2384259404.6091576,2413299594.63285
597,356.122,31.09,1191950054.7701173,1177007353.1340609,1177490729.4723644,1221410377.6599882,1434239062.7381625
598,410.1935,32.46,301336424.50741184,306919180.23570204,292073628.7202902,324254615.31258464,429253036.2156042
599,315.1343,4.29,155692433.17851076,154673062.94771788,145912148.63812506,145084612.28778934,143959847.48959187
600,434.2195,15.32,292600607.05017173,302051934.0077364,283935726.3470027,320948837.2798693,283896496.68681866
601,372.127,27.31,580233293.4888994,563625009.4291385,600746324.8554778,624792794.6095771,620153330.7083943
602,283.1808,10.22,1161561384.0152266,679083685.7179449,1416863047.954715,1392126951.7484906,1078968965.6036496
603,325.9712,5.47,142652107.06967154,92187440.52285604,164993505.54690444,157796666.50606316,116879438.37684721
604,463.9745,29.84,185812105.10322958,183088556.03957933,183008118.496649,185721898.23107526,204852485.63880044
605,366.0647,16.14,19420687.98371935,18636180.743001215,19802646.54950477,24973298.09242018,19174630.22656426
606,321.048,10.74,497677199.52898276,557598970.7397974,495766806.5199359,536666489.67255354,479559072.3946574
607,425.1172,12.98,143129755.78015143,141578488.37144384,140852853.68364522,144853644.56684676,136306748.9546119
608,299.1029,23.11,263996637.33885893,268417279.65569645,267714457.75087032,265823606.2170499,253907283.96978402
609,486.1712,4.75,27461851.965808652,28744781.880252566,25293995.451223552,25362621.90269083,23891482.258007314
610,508.1386,6.3,142883271.1316936,65237885.00571784,155658086.49938852,156116894.33480635,169272537.72892448
611,431.2563,5.14,72696221.48394038,67524795.21373348,68551278.8472512,59522345.56612203,47024413.0265289
612,451.215,10.79,483270109.3050481,427810890.3531556,488973545.7477652,500033898.43857723,405705889.44957256
613,441.038,8.75,131080185.6161668,107472029.5283351,143576063.32609823,138813779.33679608,116241731.51304731
614,332.2011,13.71,2741655.7978763,1397944.1069939313,2908954.0143425814,4201372.750870157,2220951.277338811
615,282.1127,11.5,1693809246.348259,1729933964.5138493,1729002071.8550644,1897268497.0274444,1818868430.927785
616,792.491,31.55,22976267.431141634,23431265.352731198,23858523.7585643,22181913.277784,30990581.06841787
617,399.1458,4.63,242238067.2187465,258482590.7904716,218194010.48951864,235325045.59082025,237048646.1858582
618,352.1411,3.73,107761118.44807376,103450055.62217075,106030604.30949473,123887032.08678427,113216822.90184525
619,235.1015,5.32,30024772.23209417,24314967.521426514,30180127.278207324,24488308.814946543,22329169.908621125
620,470.133,15.75,3235279075.89962,2781227651.881992,2914244066.498646,2490241118.7957892,1706171898.812966
621,370.167,3.42,149783286.19774923,132168200.30753931,170982958.7075585,193240730.13808608,185279500.70974004
622,372.1496,3.99,242365920.16398937,215007599.60190508,224561963.26244462,222101374.29175073,190750401.92652887
623,432.1065,4.88,288930818.03165776,244726517.192365,333711958.2782519,258325172.38997018,195141530.79238403
624,320.1624,8.28,365696490.910777,376332045.8434516,357511927.4152469,345820581.5161479,392985586.7189992
625,239.118,27.62,420029192.7525699,430208694.9996659,439804696.9380034,424167727.3198323,539906291.5173396
626,470.177,14.37,82797776.0744173,68782227.12663707,80285241.036397,64809675.28854969,50216188.37802021
627,414.0492,23.3,107031147.06742261,110771694.77502425,107447040.06047747,102851608.32519019,95985923.82225497
628,309.1058,30.76,1467805465.8424592,1444472578.8438923,1461261750.4454226,1501587160.964289,1629864390.95869
629,393.2289,12.79,501113924.66444117,366957937.06241775,516180963.78492445,536501995.2395666,414336987.2938944
630,359.1477,28.24,101636307.57257998,102536125.0111719,98730946.6671651,100782299.09582427,115047094.0611819
631,442.123,20.99,175191649.1678738,183308306.74014944,178096260.57129472,189915718.16009736,164067813.73736358
632,467.0676,27.88,71897090.50826095,74942624.28210613,71246510.7034446,65964806.293378435,70825384.28094187
633,520.2235,12.83,312518719.420599,255069504.7503357,331649234.0096207,331292820.75132436,308267515.2661239
634,487.1896,4.61,54049405.91073674,60124174.76309098,48664697.064291105,47218668.856117986,39996221.97546004
635,366.139,26.69,286359442.6383301,293868477.22634494,285764400.80603033,273898478.88439417,261173181.9890512
636,473.1112,28.71,372201344.0061123,356877123.83034253,422917697.65325546,437709566.50980824,461823596.705592
637,335.1119,20.4,381223006.48620856,387288783.85141855,376020724.39733386,463273296.07205284,442032475.629705
638,299.0829,12.81,4107785.9117376767,4042935.0569002833,3724945.7921268605,3322620.4016858144,3621245.8374964884
639,355.2246,9.21,904709107.8711121,935050671.5623517,950865079.1760452,1016232238.5026593,994962901.1846701
640,306.1353,6.52,53109288.33555284,4862283.592885385,266488916.32275838,262888509.66078258,84054290.50640213
641,419.2447,6.5,650737413.1819162,531611781.3674458,640208635.7922711,607819008.8875037,507872625.77664614
642,429.0825,5.28,135031081.26608106,110598116.1131211,135096121.97877443,130854263.00932989,100818059.77444178
643,365.2204,3.29,18687234.54602891,19883797.628421158,18141838.1566889,17439257.813864954,17793026.53227106
644,570.2449,13.27,191411212.62868384,182930713.65798923,166616548.13007376,145570268.9580608,121981340.04590476
645,511.1598,27.09,858594141.4987901,863929803.3339062,831054850.4078978,879613388.8673493,886644156.5222409
646,538.1702,13.49,186950663.39915177,140145174.33032206,200236191.8029912,188275580.58466297,135133610.89236987
647,380.1434,14.76,199257073.33391938,92404463.00931495,275094271.88988614,301498179.62020946,230624027.88760656
648,279.1707,9.41,553100732.47213,636094429.0371872,498666962.2697232,544801010.9165118,589159337.2823231
649,614.269,9.04,65396579.17159491,49005722.764869474,80995701.62450682,87325473.88433902,88556562.51855361
650,440.0284,20.95,51858031.66599321,53567677.102601305,52268482.58215465,65046115.01619915,59703467.047064416
651,569.2495,13.46,312279206.05787104,243631054.29446205,358548688.19199854,314847413.3743929,270712233.681216
652,348.057,27.84,822480035.9955354,823847305.8565265,856585854.5480015,855686207.5549271,971381696.3714871
653,316.0853,7.18,671744620.9694123,612198080.785922,658327570.0902436,653338466.8786755,628041450.8482736
654,403.09,5.72,132371683.74488798,24596525.441301044,257109056.45826262,292250052.5167886,344519084.6644531
655,446.1979,6.61,252939672.63121533,277411682.0024592,245984404.39281303,251584988.83921498,245156277.373905
656,406.1337,31.98,607629010.1621367,585286480.8022164,611600724.230664,610290706.6897897,721103871.4322457
657,416.1723,6.35,290293342.56021905,255699398.38209042,290196571.6562624,276464057.166607,254003621.0207631
658,377.0728,27.67,366778856.414307,364274487.75804776,372818056.028821,375739301.7409209,415045394.1502346
659,384.0841,24.47,100932928.59110615,100271830.76892082,101172113.82024431,99296193.52004997,105168983.02897337
660,580.2931,28.08,186042582.16239893,198260327.6144754,182580256.04912627,186482442.46223217,220366838.15559965
661,400.1,15.36,516302982.80648977,501923034.1527895,493436618.2432567,522873118.04076964,554411237.0116508
662,383.0467,12.58,6700706.929681579,6696081.297318355,6254343.303825455,6047466.00388895,6321121.177052017
663,396.1724,10.08,376827484.48498386,376497990.6256044,379646240.40728784,366732421.7319749,345348094.8091498
664,446.1356,31.22,25978809.081923835,26657553.1738367,24736832.469113737,23957541.42580691,30165769.072635487
665,441.2295,6.66,362764821.75977165,285831478.9653501,396753021.60061353,388199982.32702714,348882789.7963854
666,461.1593,25.98,328143361.7416304,254265489.47597224,319274739.3604919,221001797.60536525,128223396.80418846
667,570.1933,3.66,45558374.57894014,44041510.48980594,38089276.668217346,52669961.19837243,52255367.840114035
668,478.9843,31.35,126390825.67303428,126231936.84653948,121504436.52646418,123228599.83487964,180156425.69357267
669,281.0327,18.34,43456478.36769479,34777694.59607282,35772315.46771564,45028873.26385309,35334470.2099099
670,486.2623,4.0,164293097.40861544,179040278.07977876,184994095.4676544,264560694.20925963,255233677.57986784
671,380.1975,3.61,52535518.003403984,57807784.072993234,30545713.281190377,41398875.643893704,35518783.084499985
672,394.2106,5.01,165597135.81755143,150270322.07478887,195744484.58456942,194318312.15373406,183055358.6919738
673,369.1023,22.36,132571637.79751332,122671527.17726035,130041733.71209459,126140733.23218279,139616746.59473297
674,370.188,21.35,293236564.070577,298799780.9938675,284747240.15045416,265528908.07007024,333118198.20212966
675,457.1914,26.62,365304745.6044989,370473780.9273053,391612793.55788654,396553149.5127475,336195751.8825453
676,589.3107,4.59,223669472.59437376,227920975.45663193,210034379.8103731,209352029.74124616,182925767.59826466
677,249.0887,3.77,272075050.2735716,218273615.79467648,292159173.33765745,251646667.53581613,156389039.93764338
678,451.0042,30.37,99751590.12988904,100774036.5445817,101805908.1029363,99476859.91655576,111007839.76226532
679,545.9497,31.3,995572.8004363416,945512.1829987302,700390.3584223579,833283.8234380878,1197539.3280424802
680,636.4969,3.34,141499.26428285422,279664.6723082053,474771.65979529166,2645316.0667614993,1884117.1357285008
681,497.2482,31.7,104631680.83189745,106371883.56650603,105363637.86937995,108352414.14240065,150609146.80173522
682,424.1695,16.31,579180750.6382266,414503485.7213795,679443632.9032156,767585074.3133363,680837600.2715669
683,462.2169,22.25,510416581.79609483,375847869.29499143,633291032.247647,718571557.7159758,842815837.6764348
684,333.1702,32.18,175586576.13389707,169370725.4545172,167298779.22113702,204238036.8148525,258642792.63492563
685,443.0504,31.09,233854411.48943192,233086210.72473288,225613118.9387675,245382716.31326598,251312566.59939983
686,522.1602,23.31,2502997909.384514,1882184110.0246444,2718905755.943405,2324441319.5556517,1567551337.305076
687,382.1992,3.38,73971414.02634624,81997543.10782352,76651833.21617949,72754874.88032421,75094809.75892341
688,538.3246,16.84,329467484.3295862,328310992.4333941,331901214.0375405,380945452.1811195,343726056.88597125
689,299.0796,13.89,2723174.8299688175,2983619.038422199,3432674.9814700903,3482042.984081131,3386031.7086185445
690,397.132,13.36,421461660.4578171,323325289.8801769,411224531.9965571,387921726.2530217,263384866.60467884
691,150.0777,0.57,164776577.73472235,183722081.5007346,149267940.88861176,175115482.27339733,189082196.94678855
692,415.2749,18.8,1448886272.793056,954880287.7532815,1422224438.7578042,1609308128.9043326,1203445811.3290486
693,224.0063,5.35,11335358.542151961,11967892.346784228,11065474.3650687,10801099.216203842,9291816.734184412
694,234.124,0.58,58104948.78568983,59717624.5296936,53637243.51523578,53138631.05316222,58134702.637451634
695,466.2348,7.59,433233170.3347543,387389195.7707583,412609286.4710653,373266551.0983903,311564438.4253344
696,506.1106,16.37,252390512.18677193,179033144.46291375,293748030.70404196,324892300.10977274,297590496.04841155
697,291.1607,0.58,51162733.63196796,59009909.31390105,45792882.06490959,49975601.175804116,58948728.08068669
698,466.2458,8.64,947798439.3375255,769790810.8659827,935014723.9020944,866587965.3717179,558992551.7029866
699,280.0852,6.77,308939185.925849,333548872.3876325,287038027.5120857,263361579.75453338,276326346.50699335
700,312.0918,5.67,246350882.3584292,90980862.92157799,362472926.6867096,385635838.7005931,400841079.4633725
701,405.2655,3.33,112332041.268368,131254144.88513975,94682482.61423032,105608200.86329085,94907972.40043046
702,581.157,6.67,403452681.8086633,285450171.76108897,459025748.6020215,400453092.0575,356744420.12330437
703,501.1618,21.99,1807785974.6386616,1048807313.5684427,2244163054.645351,2260779053.3977723,2663829001.0720167
704,371.1067,24.45,281369358.84596145,273311460.5754772,263598198.22301537,271101639.810484,269443017.7971623
705,499.2284,4.0,16580544.067348413,15669807.99353521,20196824.12271098,16279011.460879467,14155880.682868887
706,551.1891,3.71,4227503.0446311245,5268591.108908577,2427628.731589515,4493418.714439567,3516242.085212483
707,513.2369,21.64,941173196.1904523,747144386.8934182,1127905389.8848164,1063355185.7084198,1251035796.0313373
708,452.1701,17.2,762202629.558721,683021109.538505,726766365.1180223,645686554.4459975,469949616.0998234
709,431.0519,10.4,179222134.13113344,188684690.08600336,162050757.750651,193280290.69066614,147546409.24630037
710,442.0813,25.98,714658.71477754,834797.3473291488,699615.1095816991,747301.8979337119,719044.5700289975
711,378.135,5.5,232101479.4979025,219465332.80375487,228215248.613993,219190286.11636508,200103162.066568
712,528.2506,7.75,195729201.71893698,190970244.52023393,184473870.88282254,179551463.83315995,186661492.40595075
713,406.1855,4.34,65020794.29189384,65813434.77570076,75861884.0048873,76289459.57171002,73045759.24250436
714,392.2338,8.94,404915119.07743007,202707818.63337904,530530236.1087033,552524392.9591982,505845288.37293744
715,371.0355,28.9,39489131.01013298,41376373.87236482,40021091.38891021,42295100.57858897,45342061.80015663
716,470.1877,11.35,275689673.5812363,274777085.0953057,279734444.05564237,341548664.4746448,309190063.1891242
717,321.0986,3.81,281821197.1710291,262186273.4633952,230651358.02369288,241404163.91403878,214129495.17822474
718,285.0808,3.27,73332618.00993338,78959549.9006817,75393606.59392515,62209217.65730013,62779295.06085032
719,433.0725,31.36,60139708.92138243,56019431.071469784,55814659.87265779,67496152.84511197,84046266.57639909
720,464.2778,3.6,36211711.96746866,36027761.6364818,31543849.1966628,34963852.26746316,35578376.61087621
721,521.1309,11.18,90916479.06497954,79295139.00848962,102062948.23445551,99847043.64703839,80644980.02974798
722,338.178,5.8,1401391308.3578198,1123020832.7426383,1598998492.1494577,1413189789.6316195,1453675473.4354067
723,272.0349,14.94,44719279.56849721,46144248.826015964,46225434.02083137,52288610.58344402,39743362.27622868
724,491.106,12.97,350019628.2545408,356575311.18197,317682943.8102736,358399283.2748085,381861747.6526705
725,486.0967,7.69,173702020.51342946,176547503.58808124,183718565.35941187,178543084.65899625,200906274.71467787
726,439.2235,30.56,482808276.0046007,507341478.4059687,515597726.75719476,510990136.36563474,548724248.1442288
727,376.1631,9.44,642266272.6019974,725075596.9490254,573055626.9997389,519692368.51341254,541279840.9348454
728,383.1757,28.06,789936849.4222698,767098818.3326672,805398005.0086713,810866648.9297796,903254906.5965743
729,533.228,18.22,857754885.2677472,715996338.9004557,699820742.731448,567059014.0420587,397410330.81719136
730,524.3355,13.29,567722018.8281649,584964362.1483244,598646708.1159114,665362467.0071414,555994217.81823
731,313.1746,4.9,58542586.33289251,54891131.417075485,57109548.58754064,51814683.79264822,54387033.13177966
732,407.2218,0.58,56951593.58416587,56935217.813854456,48533278.71477504,46248440.36432242,51645764.92876414
733,278.1907,12.33,437386064.86277145,251628375.09974286,523873998.2689117,575917691.1738305,500455195.94635963
734,416.2801,14.58,26909867.214736696,24876216.54755954,27042596.267394196,33311204.022693016,30235470.019455638
735,368.1742,0.58,60186729.06927254,63218072.1118684,52333458.717484675,55590945.63690399,60894916.417159915
736,422.177,5.95,37722373.172233626,37053310.11558842,49970050.15237855,53745103.43526596,63953840.79946392
737,316.1774,0.58,67167974.491924,77221031.01329109,71159892.66959663,74936130.01396437,75692367.94058344
738,256.0972,3.73,35313813.45554213,36232747.6058868,36659311.40295764,37724849.23850205,38442201.82431562
739,348.146,3.29,2454418.4756051316,3442628.3666642043,2582444.4998142035,2719332.219017146,3260101.264240565
740,292.1118,3.28,42507620.08764979,42516334.33684085,45090170.92978469,38148044.160702124,34624580.64318576
741,502.2373,15.01,145973180.50378162,79123513.86155574,203249662.82716575,236153742.25428635,183754547.2199234
742,367.1673,10.07,38901529.32079545,41749169.19113784,38652444.420866266,37183364.020339,36991127.02232871
743,475.1151,20.59,5042445.432346137,4687709.910030972,5131524.492684728,5139333.172846952,5035231.043335609
744,282.1605,11.02,280933589.77489656,242194791.28380123,278934407.6067531,337898102.8837807,302992585.9582617
745,329.1535,3.33,643370885.2817466,708115806.6425576,575045454.2533884,602829397.7626898,580813941.2026994
746,415.212,22.6,293383120.269122,301257284.46434456,291203068.34592164,278695162.10910606,311757998.5129346
747,415.212,11.56,113612205.56501299,114874762.09545183,116781050.49003114,132558162.20339718,110043299.82806902
748,371.1068,23.35,106286597.90345508,109096254.22422433,113846595.1831082,110679019.28125446,118797876.42094341
749,847.4477,26.96,17705570.258326285,17226817.181224555,16456520.534561718,17275503.237728965,16373760.50247281
750,296.1843,5.2,97153794.1802316,84069753.43733199,91121884.04183942,83007628.33238834,65590685.97912343
751,304.2024,3.28,55744484.964413576,54441391.00945756,65432435.68166861,59740279.01380138,55668225.4331053
752,379.1652,27.6,67533970.63509744,68987134.80487694,67095672.08761786,67589555.39705136,79986333.39328091
753,390.1563,16.01,4949678.665072342,4012006.0515882196,4263225.609651718,3959361.8695177054,2648781.073223061
754,245.1401,3.27,112054232.2399509,107198676.39560112,122990832.59925407,114207129.5729153,117988076.6713095
755,245.14,4.66,199170615.46538216,207435487.12406445,195858990.72571474,183825136.8203678,158111829.47332215
756,200.1108,0.58,113973422.25181977,125311297.54787567,100130704.87663302,111890105.24207333,123778276.6708393
757,461.1615,27.86,98607889.1083704,101732763.27443886,97891942.835206,94225723.63328557,112229282.17222625
758,359.2447,3.26,39517197.4208909,41107100.08903373,42353722.16784757,36683379.51329174,34873306.55147615
759,302.1755,0.58,53514937.167349204,61001391.0518002,46862285.727767065,52171667.57610145,53970719.437676206
760,328.1582,0.58,102560208.00596105,105930920.93813807,93059365.68190359,100714243.66789892,118034592.44111487
761,475.2462,3.92,129159332.52237168,134857519.46994993,125245530.755938,123781912.98820418,115826884.42594498
762,485.1903,8.42,128976638.32368697,102349812.37617107,123582588.90438312,111333061.09629986,85480240.87865089
763,527.3142,8.19,14935491.242349371,14880008.20132385,16146064.20109583,16555086.255100457,17417304.684479047
764,527.3141,9.76,9280289.058125595,8110657.965928238,9249864.501335097,8799622.341102889,7517057.027523601
765,507.2349,4.11,30185186.330098525,33355397.08693961,28470389.541244693,33071598.573247466,30316430.46924042
766,334.065,4.48,52398462.20849491,43960081.94741309,50569920.459273845,45827214.36456789,26319827.998703577
767,310.1415,4.1,209122394.0096621,208676330.13777655,248603064.70598435,225282921.3066211,231916347.4670553
768,441.2756,10.51,46256181.498913944,42960623.22376857,46068048.482372686,50897253.58732973,27052883.852320988
769,400.1474,4.08,31573101.591155432,33057169.054528363,25228203.71486464,31151787.630838566,18708687.712851368
770,258.0336,6.16,23255895.792432625,23563215.09429303,21639545.504036307,21732245.563734442,25539225.078196164
771,338.0868,0.58,26589073.104454845,27341164.241329882,25829048.64070198,26653313.419210244,24737007.947187215
772,312.171,15.34,23886477.408511776,11931467.777012475,33114351.956011735,40333767.46488388,34588489.756244846
773,229.1339,0.58,22416848.711184125,22594433.28227853,18327450.12750552,19982075.533916704,21860953.74470723
774,296.1398,0.59,33335559.684724458,39421828.86449327,31461336.273047447,35389210.95123947,38275440.16380319
775,374.2121,18.48,539388708.3171334,354801238.5196887,493064396.39356375,534412803.200131,472434017.78430605
776,352.058,5.93,185034616.76659402,107528270.48124525,230345258.08733812,232970609.46324244,243476330.5220029
777,312.1234,20.81,363442721.31565773,356308540.77760524,369742823.93179077,446723327.12397903,463718563.8807505
778,398.1715,0.58,40085787.15255571,39555426.784126006,34684415.9938785,39199972.433962196,41635700.3316452
779,261.1352,0.58,73924168.2840842,75542656.42240739,59618777.98361709,66946577.778658554,70054329.78569303
780,309.1601,5.25,420448975.6673488,348297100.43708813,465462197.6017279,459056897.7029035,402774748.0253233
781,365.1967,7.03,62485427.432865195,63238244.76502827,58646663.13843132,63285370.90894993,70040162.77194372
782,434.1718,18.17,259630993.9398802,227281151.33002836,227467319.7651103,258092116.89117402,211052444.58360124
783,478.0963,26.98,30287447.150900073,33026456.28203881,28522208.970172793,32481798.05915005,32728848.702631816
784,609.2975,3.9,29838845.4939702,27643927.584491085,22683019.695723467,24901379.48716899,9674996.729846213
785,377.1609,22.12,109230963.76885247,83057801.82527868,120384314.99773578,112962143.88339217,104366897.76714638
786,392.2588,28.63,2261125.9422714077,1138671.1533420875,11218544.119512225,138468972.29012117,116725911.71292108
787,469.2562,18.39,3200745.455147577,1469681.4588991744,2474124.824140227,2705786.925500511,2261477.966082768
788,311.1388,6.79,83541597.9823077,41252636.64104058,87113818.34361123,84186759.40861447,94966216.47286612
789,205.0974,0.58,51453035.53664377,54274609.09077333,51131088.111340284,54776151.92987254,61451244.77902593
790,462.1587,14.49,21173987.005499266,14260815.98335801,22593595.816613354,21075806.506906882,17027157.41443316
791,338.0864,15.49,199680013.41849735,203781255.97476378,201300317.9062123,237512328.15568063,198134217.50192556
792,263.0818,10.4,11119778.002705084,12086988.842860041,10687304.27682061,13482825.389416642,11940952.547917629
793,263.0819,20.88,4049432.341801508,3979803.5958317425,3952341.814784086,4789678.654158168,4416089.481574867
794,444.1012,24.49,74318184.79465704,75439773.868455,74022377.44054872,74489746.17738724,75945621.03996477
795,448.1449,5.85,176546270.72905824,76214255.85363717,255980986.6759172,287784834.50228506,312454300.4001599
796,472.2297,16.46,41947424.612737365,25473071.47916223,47818284.31016953,44407690.88165184,26409538.602784112
797,227.1139,10.77,55433949.492880076,45367344.96045057,52820929.98498282,57321598.1705384,43179167.40742556
798,237.1025,21.92,82896206.35823925,83425698.04009256,85837542.94765155,80876130.24873115,91811782.13308583
799,566.2939,7.54,95828650.18222508,34815615.311221555,207038115.60062456,310294432.47735864,369921666.8599892
800,513.2059,8.51,203251881.77175808,188974478.90787303,216623615.39537665,203547038.1626306,189469678.0091843
801,385.2121,20.96,91194613.96155581,94926574.77891427,93177580.06845765,104031360.1272068,96060300.44498959
802,315.1343,9.92,28553792.127802625,33832897.22611563,20904530.95734694,18018345.46406182,16192894.076421369
803,434.219,5.96,33388859.703497075,31192280.743352573,36524880.915975764,35189912.62432724,39850292.69093452
804,283.1809,9.6,161801333.1284749,97301140.70884734,275171954.2335799,368304787.45922476,350760952.86310357
805,486.1712,4.06,10097825.80413051,12833546.804932155,11031552.029718867,12485906.968114285,11345181.307971064
806,408.136,19.65,309924280.33288693,302529239.3803033,288256396.5451452,298495849.3925025,261955836.1264254
807,408.1384,28.39,173905943.14822018,173537652.89383975,176112972.64869016,169360131.8012098,198295638.28256804
808,393.2272,8.96,86537273.55256727,78835893.32398649,71549198.54070163,42908557.2956973,52393206.38948468
809,397.1758,10.07,74292883.39181308,77583596.58030199,74364829.34156825,74100383.97561535,72813155.54986669
810,397.1779,3.87,146034945.65562344,182775922.76591057,138719170.38720405,154083321.51051846,141099062.88369733
811,353.1138,25.81,215687530.99618632,217902958.64145133,216057961.82648817,208497499.5711779,203462644.79001954
812,466.246,9.29,572997100.4252905,509399642.68256724,513075677.38554394,437121476.8292209,195136613.12798443
813,371.1609,9.39,515599282.98517966,419505933.36185503,543650007.447466,520878812.78187186,428498464.97403264
814,487.187,8.42,44009213.4835145,33998502.774967864,42021242.37637725,38688740.36014901,28502296.330995843
815,487.1904,19.48,8888828.038395893,7464757.455948748,7617648.0475841565,8670374.64644299,7671341.321349692
816,454.2239,10.78,2016834.8177166795,1665218.0011734352,2031147.0778060353,2067074.4825180345,1549019.7536658985
817,369.0734,24.29,456860.8508877813,373105.5991823588,432217.11551697075,447448.83001873293,425751.0210775898
818,218.0816,6.54,262378033.82530507,276462580.64077425,266539374.735338,259010036.78440025,293301338.7991723
819,380.1434,10.59,68666279.52114266,48054331.36212313,78327719.77109653,91469585.10498515,65953714.79376119
820,446.1356,30.08,14211169.05774369,14526044.105952173,14050624.488419097,14939080.46709553,14262717.90449626
821,486.2621,16.36,55106031.832892895,43368743.7885179,60998879.31977027,68279773.30195145,61139650.90522649
822,380.1974,16.03,2122079.1569810924,569403.2810061289,5050132.4042468835,5762840.701847067,3701947.9550172007
823,394.2114,12.1,35173662.76964818,36148786.58997365,32871083.70231194,38549048.21891493,33272639.304491583
824,451.0038,31.42,27112293.255938426,26503576.89920211,27233088.52024798,27593342.61909771,33910930.70843057
825,510.2624,7.51,62690179.79350914,52591413.753578074,64120859.0855159,55002400.23418262,48506459.268927686
826,510.2628,19.61,3362871.7275410397,1189466.3512171286,4028144.5762845594,5383708.815880259,5010167.391591118
827,499.2258,8.77,8165380.623065645,7782570.698780954,8984832.31128975,9070795.239502143,8741265.261124944
828,499.2258,10.91,7238292.243053691,5832592.576157232,8722446.955599789,10702762.23896585,7759786.623126648
829,452.1686,28.82,86025448.71342196,85983965.69407786,84058639.53258312,86978886.44302787,96301151.69650197
830,431.0498,13.39,21533934.65298209,10433175.093526248,28248429.08856396,32009970.259799294,25397171.866504174
831,378.136,13.68,68406175.78096752,41386362.672012284,77278313.50200967,84025497.3201733,57122164.460866734
832,392.2339,7.05,40223707.72312166,28993284.469038624,46956825.83529769,46300384.888771154,51037539.882882476
833,310.1254,7.73,133482960.17304038,119787386.53256173,146020637.94778004,148381741.79426143,155911090.2600546
834,242.1175,25.26,1632628.537518354,1805934.577947118,1677790.3951004022,1704411.6392007677,1678465.5435197938
835,242.1179,26.45,2445716.6645013792,2350892.683459658,2410619.031949477,2341016.13165063,2461602.9250924326
836,484.1236,11.84,5970609.375786788,4283618.248583478,6692729.25644095,7192565.725374054,5665656.301037564
