Compound Name,Compound formula,mz,RT,Fold change,p-value,Compound concentration ratio
1,C21H26N2S2,371.1617,18.8,0.47,0,1/2
2,C25H31NO6,442.2233,17.84,21.23,0,16/1
3,C14H17N3O2S,292.1118,3.1,1.91,0.019,2/1
4,C27H31N7OS,502.2395,22.82,1.06,0.29,1/1
5,C20H23NO4,342.1706,3.23,1.07,0.399,1/1
6,C20H22N8O5,455.1791,17.06,0.93,0.098,1/1
7,C21H24ClO6,408.1344,28.84,0.84,0.157,1/1
8,C20H30N4O2,359.2447,0.73,0.99,0.847,1/1
9,C31H38N6O2,527.3126,27,0.85,0.151,1/1
10,C31H38N8O3,571.3155,5.62,1.01,0.932,1/1
11,C14H11Cl3N2O3,360.9916,28.73,0.95,0.463,1/1
12,C18H17NO4,312.1234,23.55,0.67,0.073,1/1
13,C11H12N2O2,205.0975,3.47,0.91,0.113,1/1
14,C15H20BrN3O,338.0867,3.2,0.94,0.406,1/1
15,C17H11F6N7O,444.0999,19.56,1.05,0.36,1/1
16,C23H20N6O,397.1778,4.56,0.77,0.032,1/1
17,C27H27N5O2,454.2245,3.27,1.18,0.042,1/1
18,C26H27N5O2,442.2246,3.31,1.14,0.011,1/1
19,C26H35N7O2S,510.2657,3.66,1.07,0.166,1/1
20,C18H15NO4,310.1077,23.68,1.03,0.144,1/1
21,C10H17NOS,200.1107,3.38,0.91,0.112,1/1
22,C19H20N2O2,309.1601,4.31,0.86,0.072,1/1
23,C21H15F4N5O2S,478.0977,22.69,0.23,0.2,1/4
24,C15H24N2O4S,329.1535,0.53,0.99,0.707,1/1
25,C25H27NO2,374.2121,19.34,0.98,0.716,1/1
26,C22H21N3O3S,408.1383,27,1.01,0.711,1/1
27,C19H24N2S,313.1736,12.18,4.12,0,4/1
28,C24H30F2O6,453.2091,15.48,0.05,0,1/16
29,C26H32F2O7,495.2201,25.98,0.45,0,1/2
30,C21H23ClFNO2,376.1461,12.58,1.07,0.16,1/1
31,C26H28Cl2N4O4,531.1575,12.35,0.95,0.542,1/1
32,C18H34N2O6S,407.2218,3.22,0.26,0,1/4
33,C22H32O3,345.2429,24.7,0.55,0,1/2
34,C15H25NO3,268.1912,4.17,2.21,0,2/1
35,C18H14Cl4N2O,416.9913,24.88,3.68,0,4/1
36,C19H21N,264.1751,12.26,0.27,0,1/4
37,C16H18FN3O3,320.141,3.38,22.46,0,16/1
38,C22H23NO7,414.1554,5.02,0.8,0.032,1/1
39,C18H23NO,270.1856,10.04,0.89,0.05,1/1
40,C16H24N2O,261.1965,6.81,12.59,0,16/1
41,C20H21NO4,340.1549,4.82,0.12,0,1/4
42,C11H11N5,214.1091,5.47,0.06,0,1/16
43,C19H29NO,288.2324,9.72,3.43,0,4/1
44,C21H30O2,315.2323,28.21,0.46,0.001,1/2
45,C17H23N3O,286.1917,4.19,9.21,0,16/1
46,C13H12N2O3S,277.0646,6.46,0.51,0,1/2
47,C18H14N4O5S,399.0764,11.55,0.24,0,1/4
48,C13H24N4O3S,317.1647,3.81,0.06,0,1/16
49,C19H17NOS,308.1106,31.54,1.83,0.001,2/1
50,C21H24F3N3S,408.1721,16.69,15.01,0,16/1
51,C20H31NO,302.2482,11.46,0.26,0,1/4
52,C16H21N3,256.1812,4.3,9.74,0,16/1
53,C19H22N2,279.186,5.24,0.99,0.883,1/1
54,C16H24N2,245.2016,9.63,3.41,0,4/1
55,C10H13NO2,180.1022,5.88,0.05,0,1/16
56,C21H26N2O3,355.2022,4.54,1.99,0,2/1
57,C18H28N2O4,337.2127,3.67,0.06,0,1/16
58,C19H19NOS,310.1264,5.46,1.11,0.134,1/1
59,C18H19ClN4,327.1377,4.98,0.48,0,1/2
60,C21H21NO6,384.1448,4.12,0.05,0,1/16
61,C14H22N2O,235.1808,3.59,0.53,0.001,1/2
62,C13H10N2,195.092,3.47,1.03,0.396,1/1
63,C22H26F3N3OS,438.1831,15.79,0.29,0,1/4
64,C20H21ClO4,361.1206,31.63,1.87,0.001,2/1
65,C15H15NO2,242.1179,28.54,4.48,0,4/1
66,C25H35NO5,430.2596,12.4,0.45,0.001,1/2
67,C12H21N,180.1749,5.13,2.03,0,2/1
68,C24H26BrN3O3,484.1241,14.2,4.2,0,4/1
69,C26H29N3O6,480.214,12.53,0.37,0,1/2
70,C17H19NO,254.1543,5.53,0.06,0,1/16
71,C10H9ClN4O2S,285.0211,4.73,2,0,2/1
72,C12H14N4O4S,311.0813,6.9,0.08,0,1/16
73,C18H15Cl3N2S,397.0101,22.36,14.57,0,16/1
74,C20H35NOS,338.2515,25.73,1.72,0,2/1
75,C25H28O3,377.2121,31.73,2.91,0.004,4/1
76,C18H15Cl3N2O,381.0328,21.77,15.15,0,16/1
77,C14H21N3O3S,312.1379,16.03,4.02,0,4/1
78,C17H13N3O5S2,404.0377,4.96,4.15,0,4/1
79,C23H31NO2,354.2431,20.1,0.31,0,1/4
80,C21H25NO2,324.1962,10.37,1.69,0.005,2/1
81,C32H47F5O3S,607.3258,31.43,0.22,0,1/4
82,C25H32ClN5O2,470.233,16.51,0.41,0,1/2
83,C23H27FN4O3,427.2148,4.56,3.68,0,4/1
84,C19H28N2O4,349.2128,3.51,1.15,0.136,1/1
85,C19H21NS,296.147,11.56,1.69,0.003,2/1
86,C21H35NO,318.2795,21.48,1.73,0.003,2/1
87,C50H75NO14,914.5281,31.9,0.21,0,1/4
88,C15H13ClFNO2,294.0696,27.18,4.29,0,4/1
89,C17H19N3,266.1656,6.6,16.85,0,16/1
90,C19H24N2O4,345.1816,3.96,1.05,0.377,1/1
91,C22H38O5,383.2796,31.08,0.83,0.048,1/1
92,C12H20N4O7,333.1409,0.69,0.95,0.314,1/1
93,C16H26N2O5S,359.1641,3.75,1.07,0.394,1/1
94,C25H37NO4,416.2781,18.82,1.09,0.262,1/1
95,C17H16FN3O2S,346.1026,5.38,1.07,0.018,1/1
96,C22H28F2O5,411.1968,32.46,0.96,0.661,1/1
97,C22H28O2,325.2167,25.52,0.91,0.118,1/1
98,C49H66N10O10S2,1019.4501,4.42,1.07,0.027,1/1
99,C20H15BrN6O,435.0574,29.24,0.95,0.46,1/1
100,C18H18ClNO5,364.0951,26.23,0.96,0.126,1/1
101,C9H11NO5,214.0711,0.39,0.92,0.243,1/1
102,C13H16N2,201.139,5.19,0.91,0.14,1/1
103,C27H36N2O5,469.271,5.32,0.8,0.037,1/1
104,C20H25NO2,312.1961,12.8,1.11,0.114,1/1
105,C10H8F2N4O,239.0742,4.98,1,0.952,1/1
106,C19H30O3,307.2271,17.16,1.06,0.345,1/1
107,C19H20N2O3,325.1552,4.26,0.93,0.426,1/1
108,C15H28N4O4,329.2188,3.51,1.03,0.53,1/1
109,C30H34N2O3,471.2655,12.04,1.31,0.027,1/1
110,C36H41N3O6,612.3079,25.45,0.91,0.009,1/1
111,C20H29FO3,337.2178,12.76,1.09,0.307,1/1
112,C18H26ClN3O3,368.1744,3.61,0.89,0.067,1/1
113,C22H36N2O5S,441.2428,8.49,0.99,0.58,1/1
114,C26H29NO4S2,484.1621,15.56,0.94,0.424,1/1
115,C15H15NO3,258.1129,16.48,0.98,0.805,1/1
116,C16H21N5O2,316.1774,3.48,1,0.965,1/1
117,C14H23NO,222.1855,4.24,0.85,0.194,1/1
118,C45H57NO14,836.3872,29.97,0.87,0.065,1/1
119,C19H21N3O,308.1761,3.89,1.12,0.13,1/1
120,C21H23N7O2S,438.1718,6.15,1.25,0.005,1/1
121,C15H13NO3,256.0972,15.21,1,0.947,1/1
122,C12H15N5O3,278.125,0.74,1.05,0.391,1/1
123,C23H46N6O13,615.3171,25.55,0.89,0.025,1/1
124,C19H18N4O2,335.1508,4.25,1.01,0.863,1/1
125,C39H37F6N3O2,694.2874,26,0.94,0.026,1/1
126,C20H25NO3,328.1912,6.32,0.72,0.001,1/1
127,C15H22N2O,247.1809,5.05,1.29,0.001,1/1
128,C11H21N,168.175,3.84,1,0.953,1/1
129,C19H17N5O2,348.146,0.38,0.97,0.776,1/1
130,C34H38N3O7P,632.253,31.25,0.93,0.18,1/1
131,C27H37N3O7S,548.2435,21.65,0.99,0.914,1/1
132,C30H29ClN6O3,557.2076,4.45,0.88,0.35,1/1
133,C23H26ClN7O3,484.1872,8.27,0.92,0.07,1/1
134,C21H30N4O5S,451.2019,7.69,1.1,0.115,1/1
135,C32H39NO2,470.3062,28.07,0.94,0.388,1/1
136,C26H25ClN2O3,449.1636,25.67,1,0.945,1/1
137,C23H23ClFNO5,448.1331,29.02,0.95,0.453,1/1
138,C18H22F2N4O,349.1841,4.85,1.14,0.148,1/1
139,C20H19F2N3O5,420.1372,13.49,1.11,0.26,1/1
140,C22H18N6,367.1672,10.91,0.99,0.868,1/1
141,C16H18O9,355.1028,3.56,1.13,0.096,1/1
142,C21H26O2,311.201,21.35,0.9,0.293,1/1
143,C19H22N2O,295.1808,5.2,0.88,0.008,1/1
144,C31H48O6,517.3543,31.04,0.98,0.772,1/1
145,C15H17ClN4,289.1218,25.08,0.89,0.094,1/1
146,C13H17ClN2O2,269.1056,3.42,1.04,0.373,1/1
147,C20H23N,278.1906,9.98,0.78,0.016,1/1
148,C14H18N2O,231.1495,23.99,1.01,0.627,1/1
149,C20H21FN2O,325.1715,8.18,1,0.877,1/1
150,C27H29NO10,528.1878,10.33,1.01,0.905,1/1
151,C22H24BrFN4O2,475.1149,4.43,0.69,0.002,1/1
152,C6H13N5O,172.1195,0.48,1.04,0.416,1/1
153,C22H29N3O4S,432.196,3.53,1.05,0.249,1/1
154,C24H34O4,387.2535,28.93,0.93,0.462,1/1
155,C15H14N2O2,255.1132,10.35,0.91,0.357,1/1
156,C17H19N3O,282.1605,5.14,1.06,0.467,1/1
157,C9H12ClN5O,242.0807,0.65,0.99,0.348,1/1
158,C21H27ClN2O2,375.184,12.42,0.91,0.091,1/1
159,C14H10N4O5,315.0726,11.46,0.92,0.661,1/1
160,C24H25FN6O,433.2156,6.05,1.01,0.458,1/1
161,C10H15N5,206.1404,3.65,1.04,0.707,1/1
162,C17H21NO3,288.1598,0.63,0.96,0.452,1/1
163,C24H30O6,415.212,27.01,0.98,0.782,1/1
164,C17H14Cl2F2N2O3,403.0429,27.36,0.88,0.048,1/1
165,C19H27N5O5,406.2092,3.63,1.05,0.444,1/1
166,C19H29NO5,352.2124,14.58,0.97,0.617,1/1
167,C25H25Cl2N7O,510.1585,13.11,1.13,0.028,1/1
168,C15H14N2O4S,319.0753,7.82,1.08,0.036,1/1
169,C43H65FN6O10,845.4837,11.12,0.87,0.056,1/1
170,C23H21F7N4O3,535.1584,28.18,0.91,0.19,1/1
171,C31H33N5O4,540.2617,12.53,1.1,0.121,1/1
172,C53H83NO14,980.5722,31.51,0.99,0.846,1/1
173,C24H25FO5S,445.1468,9.18,1.16,0.012,1/1
174,C18H28N2O,289.2278,5.51,0.84,0.047,1/1
175,C21H15ClF4N4O3,483.0852,29.62,0.95,0.157,1/1
176,C56H71N9O23S,1270.4492,25.87,1.07,0.338,1/1
177,C40H57N5O7,720.4344,24.9,0.98,0.508,1/1
178,C30H46NO7P,564.3096,31.34,0.89,0.213,1/1
179,C24H26FNO4,412.1925,27.1,0.98,0.791,1/1
180,C46H62N4O11,847.4508,22.58,0.93,0.276,1/1
181,C18H19N3O,294.1604,4.47,1,0.926,1/1
182,C18H20N2O2S,329.1321,31.5,0.82,0.063,1/1
183,C21H16ClF3N4O3,465.0944,29.04,0.95,0.283,1/1
184,C16H25NO4,296.1859,4.58,0.92,0.157,1/1
185,C12H16N2S,221.1111,3.81,1.01,0.859,1/1
186,C17H25N3O2,304.2023,0.64,0.98,0.654,1/1
187,C25H32F3N3O4,496.2429,4.61,1.22,0.005,1/1
188,C22H22N2O4,379.1657,25.46,0.88,0.069,1/1
189,C18H20FN5O4,390.1578,4.43,1.04,0.481,1/1
190,C15H18N8O5,391.1479,3.22,1.01,0.766,1/1
191,C28H24FN3O5,502.1781,15.95,1.06,0.327,1/1
192,C15H9FN2O3,285.0673,24.71,1.04,0.107,1/1
193,C17H15FN6O3,371.1269,7.93,0.85,0.06,1/1
194,C20H21FN6O5,445.1641,14.47,1.03,0.539,1/1
195,C19H33NO2,308.2587,24.82,0.95,0.013,1/1
196,C19H20Br2N6O4S,588.9704,29.71,0.92,0.216,1/1
197,C13H16N4O,245.1401,0.67,1.01,0.833,1/1
198,C20H25NO2S2,376.1405,13.82,1,0.967,1/1
199,C24H28N2O3,393.2178,9.77,0.92,0.051,1/1
200,C23H23ClN6O2,451.1654,28.92,0.91,0.112,1/1
201,C9H14N4O3,227.1142,0.67,1.15,0.071,1/1
202,C26H23FIN5O4,616.0869,27.03,0.81,0.048,1/1
203,C22H24FN5O4,442.1894,15.4,0.99,0.894,1/1
204,C24H23N5O,398.1981,10.87,0.92,0.006,1/1
205,C18H22N2,267.1859,7.84,1.08,0.037,1/1
206,C25H25N5O4,460.1987,10.97,1.02,0.637,1/1
207,C28H36N4O2S,493.2638,17.94,1.05,0.263,1/1
208,C21H21FN2O4S,417.1284,25.33,0.97,0.506,1/1
209,C18H22N2S,299.1579,16.58,0.98,0.681,1/1
210,C20H22N4O5,399.167,3.98,0.98,0.652,1/1
211,C12H11NO,186.0916,6.19,1.12,0.189,1/1
212,C17H18N6,307.1669,6.47,1.05,0.229,1/1
213,C14H9ClF3NO2,316.0351,28.12,0.91,0.519,1/1
214,C43H68ClNO11,810.4564,32.31,0.95,0.444,1/1
215,C21H19N3O5,394.1403,12.58,1.09,0.127,1/1
216,C22H21Cl3N4O,463.0861,31.42,0.97,0.44,1/1
217,C26H26F3N3O3,486.2011,28.25,0.91,0.123,1/1
218,C15H21N3O2S,308.1431,4.04,1.07,0.242,1/1
219,C22H18FN7O,416.1636,9.18,1.01,0.755,1/1
220,C23H26O3,351.1959,32.56,0.95,0.71,1/1
221,C22H28FO5,392.2006,21.74,1.05,0.552,1/1
222,C5H11NO4S,204.0303,0.67,0.74,0.001,1/1
223,C18H23NO3,302.1754,3.41,1,0.927,1/1
224,C19H30O5,339.2167,31.5,0.76,0.61,1/1
225,C10H19O6PS2,331.0439,27.22,0.84,0.149,1/1
226,C12H17NO,192.1385,13.66,0.98,0.753,1/1
227,C21H45N3,340.3695,29.46,1.13,0.474,1/1
228,C22H42N4O8S2,555.253,3.66,1.06,0.445,1/1
229,C12H17O,178.1354,29.3,1.27,0.253,1/1
230,C12H21N2O3PS,305.1084,29.94,0.88,0.09,1/1
231,C6H8N2,109.0763,0.71,0.94,0.221,1/1
232,C13H17NO,204.1386,18.06,0.94,0.43,1/1
233,C7H15N,114.128,0.61,0.96,0.296,1/1
234,C18H26O3,291.1957,32.3,0.96,0.719,1/1
235,C7H15NO2,146.1177,0.46,1.03,0.155,1/1
236,C24H27NO2,362.2122,32.34,0.94,0.781,1/1
237,C4H7Cl2O4P,220.9536,8.56,0.98,0.68,1/1
238,C16H22O4,279.1595,31.24,0.96,0.715,1/1
239,C17H26N2O,275.2123,4.48,0.86,0.01,1/1
240,C8H10N2O3S,215.049,2.29,0.93,0.321,1/1
241,C24H33N3O4,428.2553,6.94,0.94,0.355,1/1
242,C11H16ClNO,214.0996,3.81,0.97,0.633,1/1
243,C21H19ClN4O4,427.1176,4.43,1.04,0.449,1/1
244,C21H30O4,347.2223,12.95,1.05,0.674,1/1
245,C22H26ClN7O2S,488.1642,6.66,0.97,0.184,1/1
246,C23H32N6O4S,489.229,10.63,0.94,0.324,1/1
247,C14H20N4,245.1752,32.84,0.75,0.134,1/1
248,C12H12N2O3,233.0924,9.39,1.09,0.085,1/1
249,C28H36ClN5O3S,558.2312,22.12,0.89,0.034,1/1
250,C21H31N3O5,406.2343,3.49,1.07,0.295,1/1
251,C22H24N2O8,445.1615,5.13,0.98,0.613,1/1
252,C21H20O9,417.1186,3.38,0.93,0.064,1/1
253,C27H30F6N2O2,529.2294,31.03,0.93,0.108,1/1
254,C20H26N2O4,359.1972,3.76,1.07,0.067,1/1
255,C16H20N6O,313.1776,3.3,1.02,0.814,1/1
256,C19H20FNO3,330.1505,10.87,0.99,0.903,1/1
257,C24H32O7,433.2228,22.78,0.89,0.049,1/1
258,C13H15NO3,234.1128,11.29,1.02,0.775,1/1
259,C21H21ClN4OS,413.1203,7.36,1.05,0.159,1/1
260,C16H25NO4S,328.1583,3.23,1.06,0.033,1/1
261,C9H10N2O,163.0868,5.67,0.94,0.229,1/1
262,C18H25N3O2,316.2025,3.69,1.06,0.373,1/1
263,C14H10N2O,223.0869,10.36,0.94,0.631,1/1
264,C7H6N2,119.0606,5.09,0.92,0.143,1/1
265,C7H4ClNOS,185.9776,10.78,0.94,0.702,1/1
266,C12H11N5,226.109,3.91,0.98,0.645,1/1
267,C20H25NO,296.2012,6.79,0.99,0.897,1/1
268,C25H32N2O4,425.2443,5.75,1.16,0.084,1/1
269,C25H32N2O6,457.2343,8.54,0.88,0.015,1/1
270,C15H10O2,223.0757,20.71,0.97,0.759,1/1
271,C9H9I2NO3,433.8753,3.66,1.04,0.647,1/1
272,C8H13NO2,156.1024,0.7,0.97,0.413,1/1
273,C17H28O6,329.1947,6.5,0.68,0.002,1/1
274,C10H6O3,175.0392,29.32,1.12,0.711,1/1
275,C15H12O2,225.0913,18.59,1.14,0.085,1/1
276,C11H8O3,189.0549,7.76,1.11,0.312,1/1
277,C20H36O2,331.2597,6.35,1,0.99,1/1
278,C22H31N3O3,386.2444,7.83,1.11,0.03,1/1
279,C20H31NO2,318.2431,17.87,1.04,0.277,1/1
280,C13H16N4O6,325.115,0.71,1.12,0.205,1/1
281,C21H18O11,447.0931,6.49,1.14,0.04,1/1
282,C15H24N2O2,265.1914,0.52,0.97,0.616,1/1
283,C15H24N2O,249.1965,0.53,1.01,0.602,1/1
284,C22H16N4O3,385.13,4.31,1.1,0.142,1/1
285,C14H22N4O4S,343.1441,4.43,0.95,0.123,1/1
286,C4H4N6O,153.0525,0.73,0.94,0.507,1/1
287,C24H27FN2O2,395.2136,10.74,0.97,0.6,1/1
288,C24H32N2O2,381.2543,11.96,0.97,0.671,1/1
289,C24H32N6O3,453.2618,4.65,1.05,0.818,1/1
290,C17H19N3O2S,330.1276,5.37,0.92,0.12,1/1
291,C17H18Br2N2O,426.9846,18.32,1.08,0.169,1/1
292,C18H14N6O2,347.1257,3.77,1.04,0.444,1/1
293,C28H40BrN7O4,618.2413,7.85,0.7,0.001,1/1
294,C26H26F3N7O2,526.2182,22.99,1.04,0.444,1/1
295,C19H19N5O,334.1667,29.42,0.94,0.29,1/1
296,C14H10F3NO5,330.0588,25.49,0.94,0.575,1/1
297,C21H24N4O2S,397.1709,6.3,1.27,0,1/1
298,C19H17Cl3N4O3,455.0447,26.69,0.83,0,1/1
299,C18H19FN2O2,315.1507,7.49,1.05,0.494,1/1
300,C26H28N8O,469.2471,6.87,1.1,0.029,1/1
301,C21H22FN3O,352.1827,4.98,0.92,0.172,1/1
302,C16H15N7O,322.1417,5.2,0.95,0.429,1/1
303,C27H32N8O2,501.2732,5.19,0.99,0.797,1/1
304,C23H23O2N5,402.193,26.29,0.95,0.107,1/1
305,C18H14N4,287.1294,3.5,1.05,0.311,1/1
306,C19H21ClN4,341.1534,3.65,1.22,0.019,1/1
307,C26H24N8O2,481.2105,3.76,0.96,0.511,1/1
308,C21H24ClFN4O3,435.1603,6.27,0.99,0.69,1/1
309,C24H17N3O6,444.1198,26.94,1.03,0.183,1/1
310,C25H25ClN6O4S,541.1432,21.78,1,0.925,1/1
311,C26H19ClN8,479.1505,6.72,0.79,0.345,1/1
312,C32H38ClN5O4,592.2687,31.23,1,0.999,1/1
313,C25H34FN3O2,428.2715,18.45,1.04,0.659,1/1
314,C29H35N7O4,546.2835,6.35,1.28,0.001,1/1
315,C26H30N6O3,475.245,8.92,1.17,0.001,1/1
316,C34H44N4O4,573.345,4,1.02,0.774,1/1
317,C24H30N6O2,435.2513,5.3,0.97,0.732,1/1
318,C22H22F3N3O3,434.1696,12.47,0.95,0.424,1/1
319,C24H29ClN6OS,485.1897,5.36,0.89,0.211,1/1
320,C21H24FN5O5S,478.1566,26.04,0.96,0.344,1/1
321,C26H40N4,409.3332,3.6,1.39,0.002,1/1
322,C11H11Cl2N,228.0344,6.12,0.99,0.81,1/1
323,C36H46N8O3,639.3782,13.59,1.16,0.19,1/1
324,C31H32BrNO4S2,628.1028,31.88,1.01,0.962,1/1
325,C18H16ClN3O2,342.101,13.17,0.86,0.042,1/1
326,C27H31FN6OS,507.2328,14.96,1.01,0.844,1/1
327,C24H22F3N5O5,518.1657,27.7,0.92,0.185,1/1
328,C23H35N5O2,414.2869,3.9,1.03,0.786,1/1
329,C26H36N6O3,481.2928,4.53,0.88,0.094,1/1
330,C26H33FN4O3S,501.2341,14.91,0.94,0.362,1/1
331,C18H11N3O2S,334.065,5.01,0.95,0.262,1/1
332,C15H15N7O,310.1417,14.83,0.95,0.419,1/1
333,C24H25N5O4,448.1989,14,0.94,0.332,1/1
334,C19H19N3O2S,354.1278,5.45,1.04,0.503,1/1
335,C23H26IN7O2S,592.1,8.04,0.86,0.032,1/1
336,C14H17IN4O2,401.0475,8.76,1,0.964,1/1
337,C29H29ClN4O2,501.2064,10.11,1.08,0.326,1/1
338,C14H16N4O3S,321.1004,7.93,0.98,0.807,1/1
339,C20H23BrN8O,471.1261,3.42,1.01,0.829,1/1
340,C30H31FN4O2,499.2512,25.07,0.9,0.023,1/1
341,C15H19Cl2N3O4,376.0834,5.45,1.08,0.102,1/1
342,C21H19Cl2IN4O2,557.0014,30.6,0.98,0.382,1/1
343,C27H20ClFN4O4,519.1241,26.61,1.03,0.312,1/1
344,C19H18ClN3O4,388.1065,14.27,0.99,0.829,1/1
345,C26H27F3N2O6,521.1902,26.74,0.93,0,1/1
346,C16H11BrN2O,327.0132,21.84,0.95,0.5,1/1
347,C30H27N5O,474.2298,21.81,0.97,0.558,1/1
348,C25H27N3O2S,434.1906,10.11,0.99,0.636,1/1
349,C19H20ClN3O5S,438.0895,25.94,0.99,0.809,1/1
350,C17H18F3N3O3,370.1367,28.13,0.96,0.586,1/1
351,C16H15ClN4O2,331.0959,31.27,0.9,0.685,1/1
352,C15H18N2,227.1546,5.28,0.73,0.002,1/1
353,C14H16ClN5O2S,354.0792,17.5,0.99,0.837,1/1
354,C28H23N7O2,490.1997,16.42,0.95,0.496,1/1
355,C27H27N7O2S,514.2032,6.92,1.1,0.171,1/1
356,C30H26F2N4O5,561.195,24.58,1.04,0.102,1/1
357,C23H25F4N3O3S,500.1637,11.27,0.98,0.837,1/1
358,C30H25F10NO3,638.1764,32.39,1.02,0.919,1/1
359,C19H17ClN2O5,389.0905,17.37,1.04,0.486,1/1
360,C21H20N2OS3,413.0816,30.81,0.97,0.5,1/1
361,C10H7NO2,174.0554,6.67,1.09,0.216,1/1
362,C42H45ClN6O5S2,813.2673,19.72,0.92,0.417,1/1
363,C20H20N4O3,365.1615,15.12,0.96,0.515,1/1
364,C19H31N5O2,362.2557,3.55,1,0.974,1/1
365,C9H9BrN2O3,272.9874,5.72,0.96,0.505,1/1
366,C28H31N5O,454.2611,6.3,0.53,0.001,1/2
367,C27H31FN4O2,463.2515,19.58,0.99,0.821,1/1
368,C17H18N2O2,283.1445,8,1.07,0.064,1/1
369,C9H7NO2,162.0551,3.57,1.05,0.563,1/1
370,C21H23Cl2N5O2S,480.1033,7.54,1.05,0.305,1/1
371,C22H31N3O2,370.2497,5.43,0.9,0.004,1/1
372,C47H55ClF3N5O6S3,974.3051,25.81,0.92,0.357,1/1
373,C30H33ClN4O2,517.2377,24.68,0.95,0.049,1/1
374,C27H32N6,441.277,3.93,1.1,0.228,1/1
375,C22H29N7O,408.2512,10.02,0.91,0.165,1/1
376,C31H33ClN2O3,517.2263,24.49,0.95,0.047,1/1
377,C20H15ClF3N5,418.1047,10.13,0.94,0.29,1/1
378,C12H13N3O3S,280.0753,21.51,1.04,0.426,1/1
379,C22H32N6,381.2768,5.49,1.29,0.049,1/1
380,C20H25N5O2,368.2088,3.76,1.14,0.199,1/1
381,C20H20N2O4,353.1502,6.32,1,0.914,1/1
382,C21H17F3N4,383.1484,6.73,0.98,0.565,1/1
383,C25H21N3O,380.1764,3.45,1.2,0.087,1/1
384,C19H12F4N4O2,405.0976,8.34,0.87,0.008,1/1
385,C20H21N5O4,396.1673,6.28,1.29,0,1/1
386,C23H27N5,374.2346,8.96,1.03,0.223,1/1
387,C17H18N2,251.1546,9.7,0.75,0.004,1/1
388,C30H28N2O6S,545.175,31.11,0.94,0.25,1/1
389,C16H14BrN3O3,376.0298,4.86,1.02,0.56,1/1
390,C26H25F9N2O4,601.1757,32.09,1.01,0.971,1/1
391,C27H29NO3,416.2226,29.69,0.94,0.22,1/1
392,C24H27ClN2O4,443.1742,8.98,1.11,0.183,1/1
393,C22H20FN3O2,378.1618,27.56,1.03,0.761,1/1
394,C12H17N3O3S,284.1066,4.14,0.92,0.443,1/1
395,C22H26FN3O2,384.2087,20.9,1.07,0.331,1/1
396,C18H17F3N2O3,367.127,7.58,1.13,0.148,1/1
397,C18H21N3O2,312.171,5.04,0.96,0.205,1/1
398,C27H28N2O3,429.2181,9.92,0.94,0.349,1/1
399,C18H11BrN2O2,367.0083,24.89,0.96,0.002,1/1
400,C19H12ClN3O2,350.0698,19.83,1,0.96,1/1
401,C14H16N2O,229.1339,3.46,1.06,0.481,1/1
402,C28H33N7O2,500.2781,5.63,1.12,0.057,1/1
403,C15H12Cl2N4O,335.0465,21.38,1.26,0.127,1/1
404,C17H13Cl2NO4,366.0302,17.69,1.06,0.396,1/1
405,C26H22Cl2N4O3,509.1157,28.48,0.97,0.622,1/1
406,C29H32O7S,525.1956,28.92,0.94,0.498,1/1
407,C25H31N7O6,548.2226,7.94,1.4,0,2/1
408,C28H35ClN6O3,539.2545,3.81,0.95,0.284,1/1
409,C21H23N3O5,398.1717,3.71,1.01,0.867,1/1
410,C18H19F3N6O,393.1651,4.53,0.96,0.48,1/1
411,C23H19NO3,358.1444,28.17,0.98,0.565,1/1
412,C35H51N5O4,606.403,3.69,1.03,0.2,1/1
413,C13H16N4O2,261.1351,3.69,1.07,0.37,1/1
414,C30H38ClN7O3,580.2813,5.61,1.43,0.018,1/1
415,C17H13Br2N5OS,495.9274,11.97,0.85,0.165,1/1
416,C18H16FN3O,310.1354,6.77,1.02,0.653,1/1
417,C21H19FN6O2,407.1632,4.73,1.15,0.008,1/1
418,C18H17F3N2O2,351.132,31.49,0.91,0.456,1/1
419,C15H11Cl2NO3,324.0194,17.48,1.08,0.247,1/1
420,C26H34ClN6O2P,529.2255,3.79,1.05,0.714,1/1
421,C21H24N4O2,365.1977,20.65,1.13,0.417,1/1
422,C33H43N7O2,570.3564,11.89,1.08,0.091,1/1
423,C20H16N6S,373.1237,3.83,0.98,0.623,1/1
424,C16H25N3O3,308.1973,4.87,0.96,0.366,1/1
425,C27H36N6O3S,525.2655,3.81,1.16,0.126,1/1
426,C18H23F2N5O4S2,476.1245,17.39,1,0.955,1/1
427,C28H36O15,613.2143,7.2,1.07,0.033,1/1
428,C16H18N2O2,271.1445,5.13,1.15,0.239,1/1
429,C24H23ClFN5O2,468.1606,4.82,0.87,0.015,1/1
430,C48H78O19,959.5238,9.56,1,0.978,1/1
431,C27H41NO2,412.3216,9.67,0.83,0.006,1/1
432,C13H12N2O,213.1026,4.18,0.93,0.037,1/1
433,C20H24O6,361.1652,8.63,0.97,0.751,1/1
434,C15H15FIN3O3,432.0224,6.08,0.97,0.09,1/1
435,C28H36O3,421.2743,32,0.94,0.396,1/1
436,C17H19FN4O4,363.1458,4.39,0.54,0.001,1/2
437,C34H34F2N4O6,633.2536,8.13,0.88,0.294,1/1
438,C25H22F3N5O4S,546.1429,19.93,1.05,0.455,1/1
439,C18H11F3N2O,329.0901,25.78,1.04,0.37,1/1
440,C30H42N8O3,563.3466,3.44,1.09,0.018,1/1
441,C37H40N2O6,609.2975,0.41,0.91,0.096,1/1
442,C9H9N3O2,192.077,3.51,1.05,0.539,1/1
443,C26H40O3,401.3059,33.26,0.95,0.433,1/1
444,C22H30O4,359.2223,14.09,1,0.962,1/1
445,C28H37N3O3S3,560.2081,24.06,0.92,0.054,1/1
446,C24H26N4O4,435.2035,8.01,1.05,0.081,1/1
447,C16H14Br2N4O4,486.9446,30.96,0.95,0.612,1/1
448,C5H5N5S,168.034,1.01,0.93,0.534,1/1
449,C6H7NO2,126.0551,0.58,0.97,0.589,1/1
450,C17H15BrClFN4O3,459.0061,11.48,1.08,0.091,1/1
451,C21H16F4N4O2S,465.1014,26.17,0.95,0.511,1/1
452,C21H20N4O3,377.1615,3.56,0.97,0.588,1/1
453,C27H32ClN5O5,542.2177,4.23,0.55,0,1/2
454,C19H17N5O7S3,524.0375,6.77,1.12,0.002,1/1
455,C26H33NO2,392.2588,32.02,0.94,0.275,1/1
456,C8H10FN3O3S,248.0504,1.93,0.86,0.093,1/1
457,C33H38N4O6,587.2879,5.68,0.99,0.712,1/1
458,C23H26F2N2O4,433.1941,27.77,0.84,0.06,1/1
459,C28H36O6,469.2588,31.19,0.87,0.525,1/1
460,C28H39N7O3,522.32,3.8,0.99,0.876,1/1
461,C29H31N7O,494.2667,17.95,1.04,0.319,1/1
462,C24H29N7O2,448.2466,4.72,1.07,0.085,1/1
463,C5H5N5,136.062,0.68,0.96,0.07,1/1
464,C35H28F3N5O2,608.2283,24.89,1.05,0.126,1/1
465,C20H25NO4,344.1864,4.68,0.74,0.443,1/1
466,C12H22O11,343.1227,31.55,0.9,0.308,1/1
467,C21H25N3O2S,384.1746,6.22,0.74,0.005,1/1
468,C18H20FN5O2,358.1681,3.9,1.02,0.794,1/1
469,C26H26ClN3,416.1894,4.88,0.82,0.104,1/1
470,C18H18N2O3,311.1391,21.38,1.04,0.573,1/1
471,C22H30FN3O7,468.2152,16.42,1.11,0.279,1/1
472,C17H17N3O2,296.1397,3.59,1.09,0.108,1/1
473,C20H32O2,305.2478,25.52,0.92,0.415,1/1
474,C12H10N2O,199.0869,3.54,1.07,0.077,1/1
475,C20H19N3O,318.1605,16.59,1.08,0.097,1/1
476,C11H14ClN,196.0893,4.69,1.07,0.01,1/1
477,C16H14N2O3,283.1081,20.71,1.06,0.538,1/1
478,C23H36O3,361.2741,32.54,1,0.99,1/1
479,C13H18Br2N2O,378.9846,4.66,1.05,0.127,1/1
480,C20H21N5O6,428.1573,3.6,1.05,0.401,1/1
481,C21H17Cl3N4OS,479.0273,29.01,1.05,0.396,1/1
482,C29H36O10,545.2394,8.52,0.93,0.21,1/1
483,C27H44O3,417.3371,34.29,0.9,0.222,1/1
484,C17H17ClFN3O3,366.1023,3.97,1.04,0.381,1/1
485,C19H20FN3O3,358.1567,3.6,1.06,0.109,1/1
486,C25H21F3N4O3S,515.1369,31.53,0.94,0.534,1/1
487,C12H11NO3,218.0815,3.62,0.99,0.748,1/1
488,C23H33N5O2,412.2713,4.09,1.01,0.758,1/1
489,C25H24N4O2,413.1977,4.45,1.01,0.794,1/1
490,C22H21NO3,348.1599,26.66,1.03,0.2,1/1
491,C27H28N4O3S2,521.1688,26.24,0.97,0.336,1/1
492,C26H24ClN3O3,462.1587,7.92,1.09,0.047,1/1
493,C22H30N4O,367.25,3.78,1.04,0.537,1/1
494,C24H23N5OS,430.1702,30.1,1.01,0.781,1/1
495,C16H16N2OS,285.1059,17.53,0.99,0.881,1/1
496,C16H14N2O2S2,331.0574,25.63,0.95,0.218,1/1
497,C16H10N2O2,263.0819,13.51,1.07,0.595,1/1
498,C18H14N2O4,323.1031,13.13,1.05,0.355,1/1
499,C18H21F3N6O2,411.1757,5.16,1.3,0.023,1/1
500,C31H29N5O6S,600.1922,31.71,0.9,0.209,1/1
501,C21H27N7O,394.2354,9.04,0.96,0.483,1/1
502,C18H14Cl2N2O2,361.0511,27.45,0.91,0.361,1/1
503,C19H16N2O5,353.1138,27.31,0.97,0.686,1/1
504,C19H20ClN3,326.1424,10.02,0.76,0.009,1/1
505,C19H23N3O3,342.1818,13.53,1.05,0.44,1/1
506,C31H32N6O2,521.2669,31.26,0.86,0.048,1/1
507,C25H34N4O2S,455.2485,21.56,1.11,0.323,1/1
508,C17H13ClN4,309.0905,31.4,1.11,0.133,1/1
509,C23H27ClO7,451.1527,12.96,1.04,0.712,1/1
510,C16H10BrN3O2,356.0036,25.92,1.07,0.239,1/1
511,C23H30N8O3S,499.2245,3.85,0.98,0.731,1/1
512,C22H21Cl2IN4O,555.0217,31.71,0.92,0.138,1/1
513,C21H28N6O2,397.2353,4.55,0.9,0.01,1/1
514,C18H17Cl2FN4OS,427.0565,13.54,1.01,0.889,1/1
515,C22H24N8OS,449.1876,26.12,1.17,0.06,1/1
516,C22H29N7O5,472.2313,3.32,1.02,0.747,1/1
517,C19H26O3,325.1778,5.91,1.13,0.007,1/1
518,C21H16FN7O,402.148,8.36,0.97,0.267,1/1
519,C22H20N6O3,417.1676,7.42,0.94,0.27,1/1
520,C20H16N6,341.1516,3.23,0.99,0.837,1/1
521,C18H17F2N3O2,346.1366,25.77,0.94,0.167,1/1
522,C30H27BrN4O2,555.1401,15.73,1.03,0.645,1/1
523,C19H16N8O,373.1527,3.92,1.05,0.422,1/1
524,C25H23N5O2S,458.1654,8.58,1.01,0.93,1/1
525,C19H18N2O5S2,419.0735,28.45,0.95,0.483,1/1
526,C13H9Cl2N5,306.0312,7.8,1.1,0.101,1/1
527,C19H17N3O3,336.1349,5.79,0.86,0.123,1/1
528,C24H25N5O3S,464.1764,9.29,0.95,0.286,1/1
529,C29H29N7O2,508.2468,4.21,0.99,0.938,1/1
530,C21H17FN2O2,349.1353,8.26,0.82,0.209,1/1
531,C26H29N5O2,444.2405,7.39,1.09,0.031,1/1
532,C22H19ClN4O5,455.1126,12.99,1.1,0.033,1/1
533,C25H52NO4P,462.3714,31.92,1.03,0.866,1/1
534,C20H19N5,330.1717,14.37,1.01,0.885,1/1
535,C18H25NO3Si,332.168,32.29,0.94,0.394,1/1
536,C25H23N5O2,426.1931,4.11,0.99,0.685,1/1
537,C21H18F3N3O3S2,482.0828,29.82,0.91,0.297,1/1
538,C32H36N6O4,569.2878,19.14,0.99,0.872,1/1
539,C16H13FN2O2,285.1037,14.45,0.96,0.664,1/1
540,C16H14IN3O2,408.021,8.95,1.28,0.003,1/1
541,C16H15N3O2,282.1241,4.85,1.17,0.044,1/1
542,C12H21N3O2,240.1709,14.87,0.94,0.473,1/1
543,C24H16F3NO4,440.1114,31.18,0.94,0.656,1/1
544,C19H16ClNO4,358.0847,30.6,0.99,0.866,1/1
545,C22H19FN4O2,391.157,4.31,1,0.971,1/1
546,C22H24Cl2N2O4,451.1196,27.58,0.95,0.545,1/1
547,C18H24N6O,341.209,5.99,1.1,0.003,1/1
548,C9H11NOS,182.0638,5.56,0.96,0.598,1/1
549,C16H15N3O3,298.119,3.85,1.11,0.056,1/1
550,C25H27N5O5,478.2096,24.25,1,0.941,1/1
551,C15H12N2O,237.1026,11.02,1.01,0.871,1/1
552,C29H24ClN3O3S,530.1312,29.04,0.92,0.1,1/1
553,C32H36N2O3,497.2805,31.66,0.95,0.416,1/1
554,C15H23N5O2S,338.1651,3.53,1.08,0.26,1/1
555,C17H16N4O2S,341.1074,5.61,1.13,0.048,1/1
556,C15H14O3S2,307.0461,26.98,0.94,0.354,1/1
557,C27H24N2O5,457.1769,27.31,0.93,0.552,1/1
558,C19H17NO3,308.1284,16.25,0.86,0.147,1/1
559,C24H30ClN7O2S,516.1956,9.37,0.77,0.023,1/1
560,C11H10N2O2S,235.0539,12.75,0.99,0.938,1/1
561,C24H28N8O2,461.2417,12.58,1.07,0.406,1/1
562,C17H12BrFN2O3,391.0094,20.71,0.98,0.857,1/1
563,C34H36FN5O2,566.2912,25.38,0.78,0.005,1/1
564,C23H27N7O3S2,514.1702,6.27,1.06,0.027,1/1
565,C22H30N4O6,447.2248,21.25,1,0.942,1/1
566,C18H13ClF6N2O3,455.0601,31.41,0.92,0.492,1/1
567,C19H21F3N6,391.1858,4.53,0.89,0.125,1/1
568,C22H20Br2N2O2,504.9956,31.67,0.94,0.591,1/1
569,C23H24N6,385.214,10.49,0.93,0.275,1/1
570,C18H17N3O4S,372.102,4.87,0.95,0.322,1/1
571,C21H27N3O3,370.2129,14.1,0.91,0.17,1/1
572,C25H28Cl2N4O2,487.1672,4.14,0.9,0.173,1/1
573,C16H14BrN3O2,360.0348,7.85,1.08,0.026,1/1
574,C21H19FN4O,363.1621,21.98,0.96,0.344,1/1
575,C23H17FN6O2,429.1478,17.68,0.97,0.732,1/1
576,C21H19F4N7,446.1722,5.74,1.07,0.277,1/1
577,C20H15NO3,318.1131,21.31,0.97,0.658,1/1
578,C13H20Cl2N2,275.108,3.71,0.96,0.228,1/1
579,C20H23ClFNO,348.153,13.39,1.01,0.929,1/1
580,C21H21N5,344.1876,4.65,1.04,0.449,1/1
581,C21H16FN3OS,378.1078,4.04,1.06,0.273,1/1
582,C18H17N5O3S,384.1131,8.11,1.23,0.002,1/1
583,C16H12F3NOS,324.0671,29.25,0.93,0.593,1/1
584,C16H13NO2,252.1023,25.44,0.91,0.112,1/1
585,C16H13ClFN3O2,334.0759,6.89,0.64,0.001,1/2
586,C23H28N8OS,465.2192,5.48,0.71,0.001,1/1
587,C21H18FN5O,376.1574,21.96,1.06,0.211,1/1
588,C26H34N2O5Si,483.2316,32.33,0.99,0.838,1/1
589,C15H18BrN7,376.0887,3.63,0.99,0.65,1/1
590,C12H11ClN2O2S,283.0306,26.01,1.03,0.221,1/1
591,C16H15NO2,254.118,31.97,1.27,0.197,1/1
592,C23H23F3N2O4,449.1692,29.21,0.95,0.4,1/1
593,C17H15FN2O3,315.1142,14.48,1.03,0.536,1/1
594,C32H38ClN3O2,532.2739,19.98,1.07,0.508,1/1
595,C19H15Br2N3O3,493.9543,27.1,0.97,0.433,1/1
596,C20H21N3O2,336.171,7.29,1.01,0.859,1/1
597,C16H16F3N3O3,356.122,31.16,0.91,0.298,1/1
598,C20H31N3O2S2,410.1935,32.33,0.96,0.659,1/1
599,C17H18N2O4,315.1343,4.17,0.99,0.726,1/1
600,C24H27N5O3,434.2195,15.14,0.99,0.906,1/1
601,C20H21NO4S,372.127,27.18,0.84,0.045,1/1
602,C18H22N2O,283.1808,10.13,0.83,0.012,1/1
603,C10H8BrN5OS,325.9712,5.34,1.01,0.788,1/1
604,C18H15Cl4N3OS,463.9745,29.68,0.91,0.151,1/1
605,C16H15NO7S,366.0647,15.99,0.94,0.679,1/1
606,C13H12N4O2S2,321.048,10.72,0.82,0.017,1/1
607,C22H20N2O5S,425.1172,12.86,1.01,0.853,1/1
608,C16H14N2O4,299.1029,23.06,0.98,0.685,1/1
609,C24H25ClFN5O3,486.1712,4.75,1.01,0.932,1/1
610,C21H20F3N7O3S,508.1386,6.38,1.02,0.51,1/1
611,C25H30N6O,431.2563,4.96,1.12,0.22,1/1
612,C25H27FN4O3,451.215,10.91,1.05,0.531,1/1
613,C17H15BrF2N4O3,441.038,8.8,1.05,0.134,1/1
614,C23H25NO,332.2011,13.54,0.71,0.023,1/1
615,C17H15NO3,282.1127,11.65,0.98,0.833,1/1
616,C43H69NO12,792.491,31.72,1.02,0.886,1/1
617,C23H18N4O3,399.1458,4.45,0.98,0.618,1/1
618,C18H17N5O3,352.1411,3.64,1.03,0.606,1/1
619,C11H14N4S,235.1015,5.44,0.71,0.095,1/1
620,C24H18F3N3O4,470.133,15.85,1.01,0.868,1/1
621,C22H19N5O,370.167,3.29,0.94,0.174,1/1
622,C18H21N5O2S,372.1496,3.87,1.14,0.105,1/1
623,C20H19ClFN5OS,432.1065,4.83,1.31,0.002,1/1
624,C17H17N7,320.1624,8.27,0.99,0.757,1/1
625,C15H14N2O,239.118,27.67,1.01,0.946,1/1
626,C25H23N7OS,470.177,14.32,1.18,0.067,1/1
627,C17H14ClF2N3O3S,414.0492,23.29,0.97,0.537,1/1
628,C18H16N2OS,309.1058,30.86,0.92,0.159,1/1
629,C23H28N4O2,393.2289,12.6,1.19,0.017,1/1
630,C19H20N4O2,359.1477,28.14,1.01,0.774,1/1
631,C19H18F3N3O6,442.123,21.08,1.07,0.315,1/1
632,C22H18N4O2S3,467.0676,28.04,0.85,0.026,1/1
633,C27H30ClN7O2,520.2235,12.83,1.08,0.319,1/1
634,C24H25F3N6S,487.1896,4.62,1.05,0.31,1/1
635,C19H19N5OS,366.139,26.53,1.1,0.046,1/1
636,C25H20N4O2S2,473.1112,28.69,0.92,0.02,1/1
637,C16H13F3N4O,335.1119,20.41,0.98,0.743,1/1
638,C14H16N2O2S,299.0829,12.71,1.78,0.004,2/1
639,C19H26N6O,355.2246,9.12,1.08,0.217,1/1
640,C17H15N5O,306.1353,6.47,1,0.945,1/1
641,C25H30N4O2,419.2447,6.31,0.89,0.001,1/1
642,C17H21ClN4O3S2,429.0825,5.21,1.11,0.043,1/1
643,C19H24N8,365.2204,3.17,1.13,0.035,1/1
644,C28H30F3N7O3,570.2449,13.2,1.14,0.082,1/1
645,C26H21F3N4O4,511.1598,26.94,1.17,0.003,1/1
646,C25H27N7O3S2,538.1702,13.65,1.08,0.038,1/1
647,C21H21N3O2S,380.1434,14.8,0.97,0.701,1/1
648,C15H22N2O3,279.1707,9.48,0.72,0,1/1
649,C30H40ClN7O3S,614.269,9.16,0.95,0.37,1/1
650,C17H18BrN3O4S,440.0284,20.95,1,0.99,1/1
651,C29H31F3N6O3,569.2495,13.29,1.18,0.006,1/1
652,C14H7F6N3O,348.057,27.85,0.96,0.577,1/1
653,C16H14ClN3O2,316.0853,7.21,1.03,0.085,1/1
654,C18H18N4O3S2,403.09,5.82,1.03,0.632,1/1
655,C20H27N7O3S,446.1979,6.58,1.21,0,1/1
656,C21H19N5O2S,406.1337,31.83,0.98,0.735,1/1
657,C23H21N5O3,416.1723,6.26,1.08,0.008,1/1
658,C18H17ClN2O3S,377.0728,27.62,1.01,0.902,1/1
659,C19H17N3O2S2,384.0841,24.53,1.06,0.016,1/1
660,C34H37N5O4,580.2931,28.11,0.92,0.163,1/1
661,C19H18ClN5OS,400.1,15.3,0.81,0.006,1/1
662,C20H12N2O3S,383.0467,12.77,0.95,0.147,1/1
663,C22H22FN3O3,396.1724,10.12,0.99,0.819,1/1
664,C24H19N3O6,446.1356,31.11,0.91,0.177,1/1
665,C27H28N4O2,441.2295,6.5,1,0.847,1/1
666,C26H19F3N4O,461.1593,25.84,0.98,0.601,1/1
667,C29H27N7O4S,570.1933,3.56,1.03,0.436,1/1
668,C17H14ClF2IN2O2,478.9843,31.21,0.94,0.498,1/1
669,C12H9ClN2O4,281.0327,18.21,1.07,0.335,1/1
670,C27H31N7O2,486.2623,3.91,0.85,0.003,1/1
671,C22H25N3O3,380.1975,3.48,1.09,0.039,1/1
672,C19H23N9O,394.2106,5.17,1.01,0.617,1/1
673,C18H16N4O3S,369.1023,22.19,1.03,0.67,1/1
674,C19H23N5O3,370.188,21.36,0.96,0.406,1/1
675,C23H28N4O4S,457.1914,26.58,1.04,0.015,1/1
676,C27H40N8O7,589.3107,4.78,0.99,0.771,1/1
677,C13H8N6,249.0887,3.61,1,0.969,1/1
678,C18H12Cl2N4O4S,451.0042,30.33,0.98,0.752,1/1
679,C22H15Br2N3O4,545.9497,31.49,1.03,0.877,1/1
680,C37H61N7O2,636.4969,3.49,0.57,0.006,1/2
681,C28H36N2O4S,497.2482,31.83,0.92,0.278,1/1
682,C23H25N3O3S,424.1695,16.21,1.02,0.71,1/1
683,C23H24FN9O,462.2169,22.12,1.11,0.439,1/1
684,C20H20N4O,333.1702,32.25,0.95,0.435,1/1
685,C21H16Cl2N4OS,443.0504,31.26,0.9,0.001,1/1
686,C29H23N5O3S,522.1602,23.33,1.05,0.188,1/1
687,C19H23N7O2,382.1992,3.41,0.97,0.713,1/1
688,C26H43N5O7,538.3246,16.75,0.78,0,1/1
689,C17H12N2O2,299.0796,14,0.82,0,1/1
690,C22H21ClN2O3,397.132,13.23,0.99,0.86,1/1
691,C6H7N5,150.0777,0.5,1.02,0.591,1/1
692,C28H34N2O,415.2749,18.77,1.04,0.591,1/1
693,C7H5N5S2,224.0063,5.35,0.97,0.669,1/1
694,C12H15N3O2,234.124,0.48,1.01,0.888,1/1
695,C26H31N3O5,466.2348,7.44,1.13,0.002,1/1
696,C25H17F2N5O3S,506.1106,16.41,1.11,0.038,1/1
697,C18H18N4,291.1607,0.5,0.91,0.026,1/1
698,C25H31N5O4,466.2458,8.67,0.99,0.254,1/1
699,C13H14ClN3O2,280.0852,6.63,0.84,0.026,1/1
700,C15H13N5OS,312.0918,5.66,1.01,0.839,1/1
701,C25H32N4O,405.2655,3.34,1.22,0.035,1/1
702,C23H26FN6O9P,581.157,6.49,1.06,0.15,1/1
703,C26H29ClN2O4S,501.1618,21.92,0.92,0.289,1/1
704,C19H18N2O4S,371.1067,24.3,0.88,0.01,1/1
705,C28H30N6OS,499.2284,3.83,0.89,0.038,1/1
706,C26H31BrN8O,551.1891,3.91,0.97,0.615,1/1
707,C29H31F3N2O3,513.2369,21.57,0.79,0.119,1/1
708,C24H20F3N5O,452.1701,17.32,1.01,0.639,1/1
709,C18H15ClN6OS2,431.0519,10.3,1.02,0.803,1/1
710,C21H20ClF2O4S,442.0813,26.05,1.17,0.003,1/1
711,C15H19N7O3S,378.135,5.6,1.05,0.363,1/1
712,C31H33N3O5,528.2506,7.79,1.06,0.025,1/1
713,C20H22F3N5O,406.1855,4.33,0.84,0.029,1/1
714,C24H29N3O2,392.2338,8.9,0.94,0.27,1/1
715,C19H12N2O2Cl2,371.0355,28.84,0.96,0.717,1/1
716,C23H25ClFN7O,470.1877,11.52,1.07,0.119,1/1
717,C15H14F2N4S,321.0986,3.94,1.01,0.823,1/1
718,C14H12N4OS,285.0808,3.46,1.27,0.026,1/1
719,C21H18Cl2N2O4,433.0725,31.21,0.95,0.611,1/1
720,C25H33N7O2,464.2778,3.69,1.03,0.623,1/1
721,C25H25BrN6O2,521.1309,11.36,1.07,0.31,1/1
722,C19H20FN5,338.178,5.67,0.98,0.707,1/1
723,C9H7ClFN5O2,272.0349,14.77,1.07,0.488,1/1
724,C23H21Cl2FN4O3,491.106,13.07,1.02,0.721,1/1
725,C20H17Cl2N9O2,486.0967,7.72,0.95,0.047,1/1
726,C25H30N2O5,439.2235,30.7,0.99,0.79,1/1
727,C18H25N5S2,376.1631,9.3,0.86,0.127,1/1
728,C25H22N2O2,383.1757,28.18,0.95,0.302,1/1
729,C29H27F3N6O,533.228,18.1,1.27,0.004,1/1
730,C28H41N7O3,524.3355,13.16,0.92,0.252,1/1
731,C19H24N2S,313.1746,4.77,0.95,0.17,1/1
732,C18H34N2O6S,407.2218,0.71,0.26,0,1/4
733,C20H23N,278.1907,12.4,0.55,0,1/2
734,C25H37NO4,416.2801,14.59,0.92,0.142,1/1
735,C18H26ClN3O3,368.1742,0.52,1.26,0.266,1/1
736,C25H24FNO4,422.177,6.1,0.92,0.018,1/1
737,C16H21N5O2,316.1774,0.54,1,0.999,1/1
738,C15H13NO3,256.0972,3.86,1.09,0.109,1/1
739,C19H17N5O2,348.146,3.27,1.03,0.755,1/1
740,C14H17N3O2S,292.1118,3.23,2.31,0.001,2/1
741,C27H31N7OS,502.2373,15,0.94,0.477,1/1
742,C22H18N6,367.1673,9.99,1.09,0.359,1/1
743,C22H24BrFN4O2,475.1151,20.69,0.91,0.017,1/1
744,C17H19N3O,282.1605,11.02,0.99,0.969,1/1
745,C15H24N2O4S,329.1535,3.22,0.96,0.599,1/1
746,C24H30O6,415.212,22.76,0.9,0.076,1/1
747,C24H30O6,415.212,11.51,0.93,0.451,1/1
748,C19H18N2O4S,371.1068,23.37,0.95,0.059,1/1
749,C46H62N4O11,847.4477,27.12,1.11,0.072,1/1
750,C16H25NO4,296.1843,5.25,0.93,0.184,1/1
751,C17H25N3O2,304.2024,3.13,0.91,0.155,1/1
752,C22H22N2O4,379.1652,27.78,1.03,0.637,1/1
753,C18H20FN5O4,390.1563,16.06,1.14,0.131,1/1
754,C13H16N4O,245.1401,3.2,0.84,0.029,1/1
755,C13H16N4O,245.14,4.52,1.11,0.067,1/1
756,C10H17NOS,200.1108,0.7,0.98,0.587,1/1
757,C21H30Cl2N2O5,461.1615,27.91,0.89,0.124,1/1
758,C20H30N4O2,359.2447,3.27,1.75,0.002,2/1
759,C18H23NO3,302.1755,0.74,1.01,0.84,1/1
760,C16H25NO4S,328.1582,0.7,0.97,0.527,1/1
761,C26H30N6O3,475.2462,3.78,1.07,0.341,1/1
762,C24H29ClN6OS,485.1903,8.34,0.92,0.098,1/1
763,C31H38N6O2,527.3142,8.09,0.91,0.005,1/1
764,C31H38N6O2,527.3141,9.86,1.06,0.189,1/1
765,C27H31FN6OS,507.2349,3.92,0.98,0.412,1/1
766,C18H11N3O2S,334.065,4.51,1.02,0.661,1/1
767,C15H15N7O,310.1415,4.2,0.97,0.676,1/1
768,C27H32N6,441.2756,10.66,1.47,0.025,1/1
769,C24H18FN3O2,400.1474,4.02,0.23,0,1/4
770,C12H7N3O2S,258.0336,6.29,1.09,0.042,1/1
771,C15H20BrN3O,338.0868,0.42,0.99,0.79,1/1
772,C18H21N3O2,312.171,15.48,2.02,0.436,2/1
773,C14H16N2O,229.1339,0.43,1.12,0.335,1/1
774,C17H17N3O2,296.1398,0.55,1.02,0.781,1/1
775,C25H27NO2,374.2121,18.6,1.08,0.213,1/1
776,C18H13N3OS2,352.058,5.79,1.06,0.073,1/1
777,C18H17NO4,312.1234,20.7,0.92,0.618,1/1
778,C21H23N3O5,398.1715,0.67,1.01,0.897,1/1
779,C13H16N4O2,261.1352,0.67,1.17,0.409,1/1
780,C19H20N2O2,309.1601,5.31,1.14,0.116,1/1
781,C21H24N4O2,365.1967,7.11,1.07,0.108,1/1
782,C24H23N3O5,434.1718,18.19,0.98,0.761,1/1
783,C21H15F4N5O2S,478.0963,26.88,0.93,0.428,1/1
784,C37H40N2O6,609.2975,3.84,1.04,0.493,1/1
785,C21H20N4O3,377.1609,21.99,1.02,0.623,1/1
786,C26H33NO2,392.2588,28.79,0.22,0.353,1/4
787,C28H36O6,469.2562,18.42,1.18,0.168,1/1
788,C18H18N2O3,311.1388,6.75,1.02,0.756,1/1
789,C11H12N2O2,205.0974,0.56,1.05,0.425,1/1
790,C26H24ClN3O3,462.1587,14.67,1.16,0.003,1/1
791,C14H10F3N5O2,338.0864,15.35,0.97,0.717,1/1
792,C16H10N2O2,263.0818,10.43,0.84,0.098,1/1
793,C16H10N2O2,263.0819,20.88,0.25,0.172,1/4
794,C17H11F6N7O,444.1012,24.53,0.95,0.164,1/1
795,C23H21N5O3S,448.1449,5.66,1.25,0,1/1
796,C22H29N7O5,472.2297,16.61,0.42,0.001,1/2
797,C9H14N4O3,227.1139,10.94,1,0.968,1/1
798,C15H12N2O,237.1025,21.95,0.95,0.386,1/1
799,C34H36FN5O2,566.2939,7.62,0.71,0.121,1/1
800,C28H25FN6O3,513.2059,8.68,0.99,0.826,1/1
801,C23H24N6,385.2121,21.04,1.11,0.147,1/1
802,C17H18N2O4,315.1343,9.78,0.77,0.383,1/1
803,C24H27N5O3,434.219,5.99,1.02,0.464,1/1
804,C18H22N2O,283.1809,9.64,0.77,0.018,1/1
805,C24H25ClFN5O3,486.1712,4.03,0.95,0.253,1/1
806,C22H21N3O3S,408.136,19.74,1.07,0.5,1/1
807,C22H21N3O3S,408.1384,28.56,0.95,0.367,1/1
808,C23H28N4O2,393.2272,9.13,0.87,0.223,1/1
809,C23H20N6O,397.1758,10.05,1.01,0.813,1/1
810,C23H20N6O,397.1779,3.72,1.15,0.082,1/1
811,C19H16N2O5,353.1138,26,0.99,0.861,1/1
812,C25H31N5O4,466.246,9.43,0.91,0.156,1/1
813,C21H26N2S2,371.1609,9.24,0.88,0.014,1/1
814,C24H25F3N6S,487.187,8.59,0.94,0.255,1/1
815,C24H25F3N6S,487.1904,19.63,1.09,0.262,1/1
816,C27H27N5O2,454.2239,10.79,1.01,0.85,1/1
817,C19H16N2O2S2,369.0734,24.33,0.95,0.424,1/1
818,C12H11NO3,218.0816,6.5,1.05,0.185,1/1
819,C21H21N3O2S,380.1434,10.41,1.05,0.441,1/1
820,C24H19N3O6,446.1356,30.01,0.92,0.155,1/1
821,C27H31N7O2,486.2621,16.48,1,0.997,1/1
822,C22H25N3O3,380.1974,15.83,0.98,0.745,1/1
823,C19H23N9O,394.2114,12.03,1.02,0.596,1/1
824,C18H12Cl2N4O4S,451.0038,31.38,0.98,0.855,1/1
825,C26H35N7O2S,510.2624,7.52,0.96,0.613,1/1
826,C26H35N7O2S,510.2628,19.78,0.99,0.893,1/1
827,C28H30N6OS,499.2258,8.71,0.81,0.067,1/1
828,C28H30N6OS,499.2258,10.85,0.87,0.154,1/1
829,C24H20F3N5O,452.1686,28.92,0.91,0.127,1/1
830,C18H15ClN6OS2,431.0498,13.37,0.95,0.44,1/1
831,C15H19N7O3S,378.136,13.57,0.53,0.312,1/2
832,C24H29N3O2,392.2339,7.03,1,0.931,1/1
833,C19H19NOS,310.1254,7.59,1.06,0.204,1/1
834,C15H15NO2,242.1175,25.13,0.99,0.853,1/1
835,C15H15NO2,242.1179,26.45,1.05,0.561,1/1
836,C24H26BrN3O3,484.1236,11.81,1.01,0.899,1/1
