Compound Name,Compound formula,mz,RT,Fold change,Compound concentration ratio,p-value
1,C19H24N2S,313.1734,12.32,4.44,4/1,0
2,C24H30F2O6,453.2079,15.8,0.05,1/16,0
3,C26H32F2O7,495.2184,26.07,0.54,1/2,0.001
4,C21H23ClFNO2,376.1464,12.96,1.35,1/1,0.014
5,C26H28Cl2N4O4,531.1562,12.46,1.17,1/1,0.284
6,C18H34N2O6S,407.2227,3.3,0.28,1/4,0
7,C20H23N,278.1905,12.39,0.54,1/2,0
8,C22H32O3,345.2421,25.02,0.54,1/2,0
9,C15H25NO3,268.1907,3.94,2.06,2/1,0.001
10,C18H14Cl4N2O,416.9905,24.58,3.91,4/1,0
11,C19H21N,264.1749,12.18,0.27,1/4,0
12,C16H18FN3O3,320.1409,3.42,16.15,16/1,0
13,C22H23NO7,414.1546,5.18,0.99,1/1,0.936
14,C18H23NO,270.1851,10,0.92,1/1,0.3
15,C16H24N2O,261.1963,6.83,12.67,16/1,0
16,C20H21NO4,340.1543,4.95,0.09,1/16,0
17,C11H11N5,214.1088,5.53,0.09,1/16,0
18,C21H28O5,361.1992,8.59,18.5,16/1,0
19,C19H29NO,288.2323,9.9,4.07,4/1,0
20,C21H30O2,315.2316,28.13,0.54,1/2,0.001
21,C17H23N3O,286.1914,4.3,14.44,16/1,0
22,C12H13ClN4,249.0903,4.99,1.34,1/1,0.006
23,C13H12N2O3S,277.0641,6.57,0.47,1/2,0
24,C18H14N4O5S,399.0755,11.84,0.27,1/4,0
25,C21H26N2S2,371.1612,18.84,0.55,1/2,0
26,C13H24N4O3S,317.1642,3.75,0.06,1/16,0
27,C21H24F3N3S,408.1716,17,16.61,16/1,0
28,C20H31NO,302.248,11.24,0.27,1/4,0
29,C16H21N3,256.1808,4.2,15.22,16/1,0
30,C19H22N2,279.1856,5.1,1.01,1/1,0.828
31,C16H24N2,245.2014,9.47,3.89,4/1,0
32,C10H13NO2,180.1017,5.91,0.07,1/16,0
33,C21H26N2O3,355.2015,4.36,1.91,2/1,0.001
34,C18H28N2O4,337.2121,3.78,0.07,1/16,0
35,C19H19NOS,310.1261,5.6,1.08,1/1,0.436
36,C18H19ClN4,327.1369,5.25,0.49,1/2,0
37,C21H21NO6,384.144,4.18,0.06,1/16,0
38,C14H22N2O,235.1802,3.57,0.46,1/2,0.002
39,C13H10N2,195.0917,3.52,0.86,1/1,0.09
40,C22H26F3N3OS,438.182,15.81,0.28,1/4,0
41,C20H21ClO4,361.1199,31.6,1.82,2/1,0.031
42,C15H15NO2,242.1175,25.46,1.32,1/1,0.133
43,C25H35NO5,430.2586,12.39,0.51,1/2,0
44,C12H21N,180.1747,5.24,2.32,2/1,0.001
45,C24H26BrN3O3,484.1226,14.09,4.93,4/1,0.001
46,C26H29N3O6,480.2131,12.8,0.28,1/4,0
47,C17H19NO,254.1539,5.32,0.06,1/16,0
48,C10H9ClN4O2S,285.0206,4.68,2.63,2/1,0.005
49,C12H14N4O4S,311.0809,7.22,0.05,1/16,0
50,C18H15Cl3N2S,397.0093,22.58,15.95,16/1,0
51,C20H35NOS,338.2514,25.45,1.8,2/1,0.001
52,C25H28O3,377.2109,31.56,0.14,1/4,0
53,C18H15Cl3N2O,381.0322,21.68,19.29,16/1,0
54,C14H21N3O3S,312.1378,16.24,5.18,4/1,0
55,C17H13N3O5S2,404.0368,5.23,5.25,4/1,0
56,C23H31NO2,354.2429,20.1,0.28,1/4,0
57,C21H25NO2,324.196,10.55,1.97,2/1,0.001
58,C32H47F5O3S,607.3224,31.18,0.15,1/4,0
59,C25H32ClN5O2,470.2307,16.48,0.41,1/2,0.025
60,C23H27FN4O3,427.2136,4.62,3.79,4/1,0
61,C19H28N2O4,349.2121,3.64,1.25,1/1,0.055
62,C21H19F2N3O3,400.1475,4.07,0.35,1/2,0.001
63,C19H21NS,296.1469,11.69,2.06,2/1,0.001
64,C21H35NO,318.2793,21.44,1.84,2/1,0.004
65,C25H31NO6,442.2221,17.92,18.53,16/1,0
66,C50H75NO14,914.5269,31.72,0.14,1/4,0
67,C15H13ClFNO2,294.069,27.23,4.65,4/1,0
68,C17H19N3,266.1653,6.48,14.97,16/1,0
69,C19H24N2O4,345.1807,3.94,1.22,1/1,0.017
70,C22H38O5,383.2803,5.33,1,1/1,0.978
71,C22H38O5,383.2789,31.12,1.41,1/1,0.032
72,C12H20N4O7,333.1403,0.64,4.76,4/1,0
73,C25H37NO4,416.2774,18.99,1.16,1/1,0.155
74,C17H16FN3O2S,346.1019,5.3,1.08,1/1,0.613
75,C22H28F2O5,411.1975,12.3,1.14,1/1,0.038
76,C22H28O2,325.2163,25.66,1.18,1/1,0.002
77,C49H66N10O10S2,1019.4478,4.46,1.68,1/1,0.07
78,C20H15BrN6O,435.0565,29.5,1.06,1/1,0.519
79,C18H18ClNO5,364.0948,26.56,1.16,1/1,0.005
80,C9H11NO5,214.071,0.67,3.06,4/1,0
81,C13H16N2,201.1385,5.12,1.04,1/1,0.768
82,C27H36N2O5,469.2698,5.36,1.19,1/1,0.04
83,C20H25NO2,312.1959,13.1,1.02,1/1,0.895
84,C10H8F2N4O,239.0743,15.17,1.36,1/1,0.006
85,C19H30O3,307.2267,17.53,1.19,1/1,0.015
86,C19H20N2O3,325.1546,4.29,1.22,1/1,0.008
87,C15H28N4O4,329.2172,3.37,1.16,1/1,0.046
88,C30H34N2O3,471.264,12.3,0.99,1/1,0.662
89,C36H41N3O6,612.307,25.49,1.06,1/1,0.74
90,C20H29FO3,337.2176,13.04,1.3,1/1,0
91,C18H26ClN3O3,368.1737,3.71,1.18,1/1,0.045
92,C25H24FNO4,422.176,6.05,0.97,1/1,0.553
93,C22H36N2O5S,441.2419,8.4,1.17,1/1,0.057
94,C15H15NO3,258.1127,16.84,1.64,1/1,0.059
95,C16H21N5O2,316.1766,3.28,1.17,1/1,0.083
96,C14H23NO,222.1854,4.09,1.04,1/1,0.37
97,C45H57NO14,836.3853,30.08,1.15,1/1,0.801
98,C19H21N3O,308.1756,3.71,1.37,1/1,0.043
99,C31H43NO7,542.3112,32.2,1.05,1/1,0.486
100,C32H45NO7,556.3274,32.61,1.12,1/1,0.489
101,C21H23N7O2S,438.1702,6.2,1.43,1/1,0.015
102,C15H13NO3,256.0969,15.53,1.17,1/1,0.048
103,C12H15N5O3,278.1214,24.24,1.37,1/1,0.003
104,C19H18N4O2,335.1502,4.46,1.25,1/1,0.004
105,C39H37F6N3O2,694.2863,25.95,1.2,1/1,0.366
106,C20H25NO3,328.1908,6.34,1.15,1/1,0.008
107,C15H22N2O,247.1803,4.88,1.26,1/1,0.181
108,C11H21N,168.1742,3.63,1.06,1/1,0.561
109,C19H17N5O2,348.1453,3.23,1.02,1/1,0.887
110,C14H17N3O2S,292.1114,3.22,1.59,2/1,0.008
111,C27H31N7OS,502.2384,23.18,1.4,1/1,0.008
112,C34H38N3O7P,632.2532,31.15,0.84,1/1,0.423
113,C27H37N3O7S,548.2423,22.09,1.34,1/1,0.015
114,C30H29ClN6O3,557.2059,4.72,0.97,1/1,0.871
115,C23H26ClN7O3,484.1858,8.47,1.14,1/1,0.222
116,C21H30N4O5S,451.2005,7.81,1.15,1/1,0.023
117,C32H39NO2,470.3052,27.72,1.15,1/1,0.08
118,C26H25ClN2O3,449.1626,25.82,1.16,1/1,0.049
119,C18H22F2N4O,349.1835,4.82,1.25,1/1,0.007
120,C20H19F2N3O5,420.1363,13.86,1.04,1/1,0.303
121,C22H18N6,367.1666,11.04,1.21,1/1,0.025
122,C16H18O9,355.1022,3.34,1.29,1/1,0.027
123,C21H26O2,311.2005,21.85,1.08,1/1,0.379
124,C19H22N2O,295.1806,5.19,1.03,1/1,0.715
125,C31H48O6,517.3534,30.95,1.08,1/1,0.518
126,C15H17ClN4,289.1215,25.35,1.06,1/1,0.157
127,C13H17ClN2O2,269.105,3.56,1.11,1/1,0.096
128,C20H23NO4,342.1695,3.32,1.26,1/1,0.066
129,C14H18N2O,231.1493,24.21,1.11,1/1,0.027
130,C20H21FN2O,325.1712,8.43,1.09,1/1,0.034
131,C27H29NO10,528.186,10.47,1.27,1/1,0.001
132,C22H24BrFN4O2,475.1137,4.26,0.68,1/1,0.044
133,C6H13N5O,172.119,0.58,1.35,1/1,0.125
134,C22H29N3O4S,432.1946,3.62,1.08,1/1,0.494
135,C24H34O4,387.2532,28.98,1.16,1/1,0.06
136,C15H14N2O2,255.1128,10.47,1.11,1/1,0.042
137,C17H19N3O,282.1603,5.24,1,1/1,0.991
138,C15H24N2O4S,329.1532,3.27,1.06,1/1,0.701
139,C9H12ClN5O,242.0803,0.6,0.64,1/2,0.041
140,C21H27ClN2O2,375.1836,12.34,1.13,1/1,0.135
141,C14H10N4O5,315.0722,11.99,1.16,1/1,0.155
142,C24H25FN6O,433.2145,6.07,1.17,1/1,0.039
143,C10H15N5,206.1399,3.71,1.14,1/1,0.082
144,C17H21NO3,288.1593,0.59,1.43,1/1,0.125
145,C24H30O6,415.2118,22.78,1.11,1/1,0.06
146,C17H14Cl2F2N2O3,403.0424,27.42,1.07,1/1,0.145
147,C20H22N8O5,455.1755,27.82,1.15,1/1,0.148
148,C19H27N5O5,406.2084,3.76,1.17,1/1,0.092
149,C19H29NO5,352.212,14.42,1.15,1/1,0.055
150,C25H25Cl2N7O,510.1568,13.19,1.27,1/1,0.001
151,C25H24N6O2,441.2036,21.57,1.14,1/1,0.199
152,C15H14N2O4S,319.0745,8.24,1.22,1/1,0.053
153,C43H65FN6O10,845.4821,11.47,0.83,1/1,0.085
154,C23H21F7N4O3,535.1577,28.13,1.19,1/1,0.062
155,C31H33N5O4,540.2607,12.55,1.16,1/1,0.235
156,C23H22F7N4O6P,615.1235,24.23,1.26,1/1,0.003
157,C24H29N7O2,448.2452,4.7,1.13,1/1,0.261
158,C24H25FO5S,445.1463,9.27,1.29,1/1,0.009
159,C18H28N2O,289.2276,5.56,1.05,1/1,0.338
160,C19H18N2O4S,371.1062,24.73,1.33,1/1,0.007
161,C21H15ClF4N4O3,483.0844,29.61,1.27,1/1,0.081
162,C56H71N9O23S,1270.4467,26.22,0.81,1/1,0.362
163,C40H57N5O7,720.4335,24.74,0.94,1/1,0.701
164,C30H46NO7P,564.3079,31.29,1.1,1/1,0.28
165,C24H26FNO4,412.1917,26.95,1.11,1/1,0.01
166,C46H62N4O11,847.4493,22.47,0.86,1/1,0.045
167,C18H19N3O,294.1646,4.51,1.04,1/1,0.833
168,C18H20N2O2S,329.1328,31.56,0.99,1/1,0.879
169,C16H25NO4,296.1858,4.41,0.92,1/1,0.028
170,C12H16N2S,221.1109,3.86,1.05,1/1,0.423
171,C17H25N3O2,304.2008,3.2,1.07,1/1,0.505
172,C25H32F3N3O4,496.2416,4.53,1.27,1/1,0.141
173,C22H22N2O4,379.1639,27.68,1.16,1/1,0.288
174,C18H20FN5O4,390.1576,4.43,1.13,1/1,0.109
175,C15H18N8O5,391.1471,3.27,1.14,1/1,0.208
176,C15H9FN2O3,285.0669,24.8,1.13,1/1,0.172
177,C17H15FN6O3,371.1259,8.02,1.32,1/1,0.002
178,C19H33NO2,308.2586,24.7,1.14,1/1,0.027
179,C20H25NO2S2,376.1451,12.96,1.37,1/1,0.015
180,C23H23ClN6O2,451.1646,28.83,1.08,1/1,0.14
181,C9H14N4O3,227.1115,3.82,1.23,1/1,0.013
182,C26H23FIN5O4,616.0846,27.2,1.21,1/1,0.094
183,C22H24FN5O4,442.1883,15.58,1.34,1/1,0.003
184,C24H23N5O,398.1978,10.95,1.2,1/1,0.007
185,C18H22N2,267.1856,7.84,0.97,1/1,0.733
186,C25H25N5O4,460.1975,11.39,1.25,1/1,0.028
187,C28H36N4O2S,493.2632,18.09,1.08,1/1,0.082
188,C21H21FN2O4S,417.1279,25.46,1.16,1/1,0.111
189,C20H22N4O5,399.166,4.11,1.07,1/1,0.254
190,C10H17NOS,200.1096,0.59,3.25,4/1,0.002
191,C12H11NO,186.0911,6.22,0.85,1/1,0.315
192,C14H9ClF3NO2,316.0342,28.14,1.04,1/1,0.568
193,C43H68ClNO11,810.4553,32.27,1.02,1/1,0.684
194,C21H19N3O5,394.1395,12.83,1.01,1/1,0.893
195,C26H26F3N3O3,486.2001,28.43,0.93,1/1,0.328
196,C21H30Cl2N2O5,461.1596,27.85,0.94,1/1,0.413
197,C15H21N3O2S,308.1427,3.91,0.96,1/1,0.278
198,C22H18FN7O,416.1626,9.45,0.87,1/1,0.396
199,C20H30N4O2,359.2441,3.18,1.79,2/1,0.011
200,C23H26O3,351.1951,32.4,1.04,1/1,0.174
201,C18H23NO3,302.1751,3.54,1.21,1/1,0.035
202,C19H30O5,339.2171,3.79,0.04,1/16,0
203,C10H19O6PS2,331.0429,27.45,1.17,1/1,0.004
204,C12H17NO,192.1383,13.95,1,1/1,0.895
205,C21H45N3,340.3688,29.09,1.26,1/1,0.002
206,C22H42N4O8S2,555.2517,3.68,1.2,1/1,0.134
207,C12H21N2O3PS,305.1085,29.93,1.09,1/1,0.162
208,C6H8N2,109.0756,0.55,2.85,4/1,0
209,C13H17NO,204.1382,18.34,1.13,1/1,0.084
210,C18H26O3,291.1956,32.26,1.14,1/1,0.082
211,C24H27NO2,362.2113,32.22,1.07,1/1,0.385
212,C4H7Cl2O4P,220.9531,8.85,1.05,1/1,0.607
213,C16H22O4,279.1593,31.34,1.06,1/1,0.432
214,C17H26N2O,275.212,4.36,0.83,1/1,0.009
215,C24H33N3O4,428.2543,6.77,0.89,1/1,0.057
216,C11H16ClNO,214.0993,3.57,0.96,1/1,0.669
217,C21H19ClN4O4,427.1165,4.29,1.38,1/1,0.006
218,C21H30O4,347.2215,13.23,1.13,1/1,0.013
219,C22H26ClN7O2S,488.1626,6.95,1.22,1/1,0.018
220,C23H32N6O4S,489.2277,10.47,1.1,1/1,0.319
221,C21H43N5O7,478.3215,30.17,0.9,1/1,0.852
222,C20H41N5O7,464.3071,0.72,1.02,1/1,0.933
223,C19H39N5O7,450.2886,33.7,0.95,1/1,0.32
224,C12H12N2O3,233.0922,9.44,1.34,1/1,0.032
225,C28H36ClN5O3S,558.2299,22.03,0.96,1/1,0.49
226,C21H20O9,417.1177,3.4,1.13,1/1,0.06
227,C27H30F6N2O2,529.2286,30.87,1.02,1/1,0.676
228,C20H26N2O4,359.1963,3.79,1.16,1/1,0.007
229,C16H20N6O,313.177,3.39,1.24,1/1,0.03
230,C19H20FNO3,330.1501,10.95,1.11,1/1,0.178
231,C24H32O7,433.2223,22.78,1.09,1/1,0.062
232,C13H15NO3,234.1125,11.53,1.04,1/1,0.489
233,C21H21ClN4OS,413.1196,7.42,1.16,1/1,0.01
234,C9H10N2O,163.0858,5.69,1.23,1/1,0.019
235,C18H25N3O2,316.2018,3.44,1.2,1/1,0.006
236,C12H13NO3,220.0968,6.85,0.85,1/1,0.004
237,C14H10N2O,223.0867,10.99,1.16,1/1,0.052
238,C7H6N2,119.0602,5.16,1.15,1/1,0.382
239,C7H4ClNOS,185.9774,10.96,1.2,1/1,0.023
240,C12H11N5,226.1087,3.82,1.34,1/1,0.005
241,C20H25NO,296.2011,6.7,1.09,1/1,0.26
242,C18H27NO3,306.2068,3.2,1.03,1/1,0.586
243,C25H32N2O4,425.2436,5.73,1.41,1/1,0.001
244,C25H32N2O6,457.2334,8.65,0.98,1/1,0.762
245,C15H10O2,223.0755,21.21,0.99,1/1,0.889
246,C9H9I2NO3,433.874,3.5,1.3,1/1,0.003
247,C8H13NO2,156.1013,0.59,1.32,1/1,0.059
248,C42H70O35,1135.377,0.97,1.38,1/1,0.252
249,C17H28O6,329.1942,6.34,1.13,1/1,0.036
250,C10H6O3,175.0363,31.21,0.89,1/1,0.435
251,C15H12O2,225.091,19.11,1.28,1/1,0.021
252,C11H8O3,189.0543,7.96,1.29,1/1,0.015
253,C22H31N3O3,386.244,7.78,1.11,1/1,0.176
254,C20H31NO2,318.243,17.74,0.98,1/1,0.663
255,C13H16N4O6,325.114,3.17,0.99,1/1,0.698
256,C13H16N4O6,325.1152,21.77,1.36,2/1,0.014
257,C21H18O11,447.0919,6.47,1.3,1/1,0.003
258,C15H24N2O2,265.1909,0.59,1.83,2/1,0.052
259,C15H24N2O,249.1959,0.59,2.94,4/1,0.015
260,C22H16N4O3,385.1296,4.51,1.48,1/1,0.001
261,C14H22N4O4S,343.1434,4.38,1.12,1/1,0.193
262,C24H27FN2O2,395.213,10.81,1.15,1/1,0.034
263,C24H32N2O2,381.2538,12.02,0.96,1/1,0.433
264,C24H32N6O3,453.261,4.83,1.12,1/1,0.017
265,C17H19N3O2S,330.1272,5.39,1.19,1/1,0.008
266,C18H14N6O2,347.1249,3.96,1.4,1/1,0.001
267,C28H40BrN7O4,618.2396,7.89,1.04,1/1,0.749
268,C26H29ClN2O4S,501.161,22.01,1.04,1/1,0.302
269,C26H26F3N7O2,526.2176,23.1,1.08,1/1,0.304
270,C19H19N5O,334.1664,29.61,1.17,1/1,0.002
271,C14H10F3NO5,330.0582,25.7,1.17,1/1,0.018
272,C21H24N4O2S,397.1691,6.29,1.68,1/1,0.009
273,C19H17Cl3N4O3,455.0437,26.85,0.97,1/1,0.676
274,C18H19FN2O2,315.1502,7.5,1.23,1/1,0
275,C26H28N8O,469.2459,7.16,1.02,1/1,0.621
276,C21H22FN3O,352.1818,5.17,1.18,1/1,0.068
277,C16H15N7O,322.141,5.35,1.04,1/1,0.751
278,C27H32N8O2,501.2786,5.58,0.96,1/1,0.6
279,C23H23O2N5,402.1926,26.33,1.06,1/1,0.316
280,C18H14N4,287.1293,3.39,1.07,1/1,0.469
281,C19H21ClN4,341.1524,3.42,1.45,1/1,0.007
282,C26H24N8O2,481.2092,3.75,1.26,1/1,0
283,C21H24ClFN4O3,435.159,6.51,1.27,1/1,0.022
284,C24H17N3O6,444.1191,26.9,1.22,1/1,0.015
285,C25H25ClN6O4S,541.1421,21.88,1.24,1/1,0.01
286,C26H19ClN8,479.1491,6.93,1.37,1/1,0.01
287,C25H34FN3O2,428.2709,18.57,1.09,1/1,0.335
288,C29H35N7O4,546.2824,6.28,1.04,1/1,0.849
289,C34H44N4O4,573.3429,3.92,1.24,1/1,0.172
290,C24H30N6O2,435.2501,5.46,1.41,1/1,0.033
291,C22H22F3N3O3,434.1688,12.73,1.17,1/1,0.033
292,C24H29ClN6OS,485.1883,5.56,1.36,1/1,0.002
293,C21H24FN5O5S,478.1557,26.23,1.08,1/1,0.056
294,C26H40N4,409.3322,3.53,0.93,1/1,0.363
295,C11H11Cl2N,228.0342,6.04,1.11,1/1,0.011
296,C36H46N8O3,639.3768,13.6,1.17,1/1,0.151
297,C31H32BrNO4S2,628.1011,31.91,1.1,1/1,0.325
298,C18H16ClN3O2,342.1006,13.09,1.09,1/1,0.048
299,C27H31FN6OS,507.2333,4.11,1.17,1/1,0.27
300,C24H22F3N5O5,518.1647,27.73,1.31,1/1,0.021
301,C23H35N5O2,414.2865,3.83,0.86,1/1,0.052
302,C26H36N6O3,481.2919,4.64,1.04,1/1,0.605
303,C26H33FN4O3S,501.2331,14.91,1.16,1/1,0.038
304,C18H11N3O2S,334.0642,5.28,1.32,1/1,0.001
305,C15H15N7O,310.1414,14.76,0.99,1/1,0.855
306,C24H25N5O4,448.198,14.54,1.13,1/1,0.057
307,C19H19N3O2S,354.1268,5.62,1.48,1/1,0.008
308,C23H26IN7O2S,592.0988,8.33,1.05,1/1,0.484
309,C14H17IN4O2,401.0467,9.03,1.26,1/1,0.08
310,C29H29ClN4O2,501.2051,10.03,1.09,1/1,0.577
311,C30H31FN4O2,499.2504,25.26,1.21,1/1,0.063
312,C15H19Cl2N3O4,376.0823,5.49,1.3,1/1,0.007
313,C21H19Cl2IN4O2,557.0004,30.58,1.04,1/1,0.042
314,C27H20ClFN4O4,519.1233,26.83,1.09,1/1,0.385
315,C19H18ClN3O4,388.1055,14.63,1.09,1/1,0.121
316,C16H11BrN2O,327.012,22.3,1.16,1/1,0.073
317,C30H27N5O,474.2288,21.77,1.31,1/1,0.022
318,C25H27N3O2S,434.1895,10.41,1.26,1/1,0.022
319,C19H20ClN3O5S,438.0883,26.18,1.27,1/1,0.011
320,C15H18N2,227.1544,5.1,1.13,1/1,0.208
321,C14H16ClN5O2S,354.0785,17.9,0.68,1/1,0.26
322,C28H23N7O2,490.1985,16.95,1.21,1/1,0.001
323,C30H26F2N4O5,561.1949,24.44,0.87,1/1,0.069
324,C23H25F4N3O3S,500.1623,11.53,1.19,1/1,0.031
325,C30H25F10NO3,638.1752,32.33,1.12,1/1,0.094
326,C19H17ClN2O5,389.0899,17.63,1.07,1/1,0.255
327,C21H20N2OS3,413.0807,30.76,1.14,1/1,0.022
328,C10H7NO2,174.0535,5.35,1.39,1/1,0.003
329,C42H45ClN6O5S2,813.2653,19.72,0.99,1/1,0.946
330,C20H20N4O3,365.1609,15.51,1.12,1/1,0.136
331,C19H31N5O2,362.2552,3.49,1.27,1/1,0.004
332,C9H9BrN2O3,272.9868,5.65,1.27,1/1,0.001
333,C28H31N5O,454.2596,6.43,0.58,1/2,0.005
334,C27H31FN4O2,463.2503,19.33,0.96,1/1,0.517
335,C17H18N2O2,283.1442,8.06,1.67,1/1,0.006
336,C9H7NO2,162.0544,3.67,1.24,1/1,0.013
337,C21H23Cl2N5O2S,480.1019,7.77,1.44,1/1,0.003
338,C22H31N3O2,370.2489,5.57,0.88,1/1,0.056
339,C47H55ClF3N5O6S3,974.3027,25.84,0.77,1/1,0.355
340,C27H32N6,441.2756,3.87,1.2,1/1,0.235
341,C22H29N7O,408.2503,10.3,1,1/1,0.992
342,C31H33ClN2O3,517.2253,24.41,1.11,1/1,0.002
343,C20H15ClF3N5,418.1038,10.16,1.43,1/1,0.001
344,C12H13N3O3S,280.0749,22.28,1.37,1/1,0.019
345,C22H32N6,381.2761,5.34,1.1,1/1,0.475
346,C20H25N5O2,368.2077,3.85,1.3,1/1,0.054
347,C20H20N2O4,353.1496,6.55,1.15,1/1,0.111
348,C21H17F3N4,383.1476,6.9,1.35,1/1,0.097
349,C25H21N3O,380.1754,3.39,0.85,1/1,0.231
350,C19H12F4N4O2,405.0968,8.42,1.13,1/1,0.088
351,C20H21N5O4,396.1663,6.29,1.55,1/1,0.007
352,C17H18N2,251.1542,9.96,0.95,1/1,0.537
353,C30H28N2O6S,545.174,31.16,1.05,1/1,0.595
354,C16H14BrN3O3,376.0291,4.8,1.26,1/1,0.076
355,C26H25F9N2O4,601.1745,31.9,1.1,1/1,0.204
356,C20H18F6N4O,445.1455,9.27,1.28,1/1,0.013
357,C27H29NO3,416.2221,29.49,1.1,1/1,0.226
358,C24H27ClN2O4,443.1733,9.04,1.33,1/1,0.003
359,C22H20FN3O2,378.1611,27.68,0.98,1/1,0.891
360,C12H17N3O3S,284.1062,4.01,1.21,1/1,0.015
361,C22H26FN3O2,384.208,21.21,0.85,1/1,0.464
362,C31H38N8O3,571.314,5.62,1.21,1/1,0.034
363,C12H7N3O2S,258.0327,6.99,1.07,1/1,0.513
364,C18H17F3N2O3,367.1266,7.7,1.03,1/1,0.401
365,C15H20BrN3O,338.0859,3.25,1.11,1/1,0.023
366,C18H21N3O2,312.1707,5.07,1.14,1/1,0.169
367,C7H15N,114.1271,0.59,1.36,2/1,0.31
368,C21H16N2O9S2,505.0367,3.41,0.98,1/1,0.893
369,C23H27N5,374.2335,8.88,1.11,1/1,0.288
370,C19H20Br2N6O4S,588.9687,29.81,0.94,1/1,0.556
371,C31H52O3,473.3944,32.73,1.57,1/1,0.012
372,C17H18Br2N2O,426.9834,18.55,1.15,1/1,0.032
373,C14H16N4O3S,321.0981,3.77,1.33,1/1,0.001
374,C17H18F3N3O3,370.137,18.33,1.26,1/1,0.092
375,C8H10N2O3S,215.0484,2.54,1.27,1/1,0.014
376,C17H18N6,307.1666,6.64,1.19,1/1,0.041
377,C28H24FN3O5,502.1774,16.18,1.07,1/1,0.061
378,C21H16ClF3N4O3,465.094,28.93,0.97,1/1,0.564
379,C20H21FN6O5,445.1627,14.76,1.27,1/1,0.003
380,C13H16N4O,245.1397,3.19,1.09,1/1,0.285
381,C24H28N2O3,393.2176,9.69,1.3,1/1,0.002
382,C24H28N2O3,393.2172,30.26,1.03,1/1,0.272
383,C18H22N2S,299.1578,16.78,1.16,1/1,0.06
384,C22H21Cl3N4O,463.0855,31.45,1.22,1/1,0.074
385,C22H24N2O8,445.1618,14.76,1.27,1/1,0.004
386,C26H30N6O3,475.2451,8.93,1.14,1/1,0.303
387,C31H38N6O2,527.3123,8.33,0.97,1/1,0.766
388,C31H38N6O2,527.3123,9.92,1.09,1/1,0.366
389,C53H83NO14,980.5712,31.6,0.71,1/1,0.26
390,C5H11NO4S,204.0299,0.65,1.36,1/1,0.024
391,C20H36O2,331.2606,31.11,1.04,1/1,0.021
392,C20H28O5S,398.1994,10.94,1.17,1/1,0.011
393,C18H17NO5,345.1464,3.76,1.21,1/1,0.006
394,C21H25ClO6,426.1676,17.11,2.04,2/1,0.059
395,C12H18O,196.1695,14.74,1.17,1/1,0.144
396,C10H12O,166.1223,3.79,1.15,1/1,0.078
397,C5H11NO2S,167.0851,7.84,1,1/1,0.972
398,C26H29NO4S2,484.1613,15.53,1.08,1/1,0.439
399,C20H23N,278.1905,9.99,1.06,1/1,0.596
400,C7H15NO2,146.1169,0.58,1.07,1/1,0.713
401,C16H25NO4S,328.1578,3.35,1.27,1/1,0.004
402,C20H18N4O3,363.1452,4.27,0.89,1/1,0.259
403,C27H28N2O3,429.2171,10.02,1.07,1/1,0.583
404,C18H11BrN2O2,367.0074,24.97,1.27,1/1,0.001
405,C19H12ClN3O2,350.069,20.42,1.28,1/1,0.023
406,C14H16N2O,229.1334,3.58,1.24,1/1,0.018
407,C28H33N7O2,500.277,5.59,1.01,1/1,0.67
408,C17H13Cl2NO4,366.0291,17.97,1.06,1/1,0.624
409,C14H11Cl3N2O3,360.9906,28.99,1.18,1/1,0.143
410,C25H27NO2,374.2117,19.41,1.03,1/1,0.533
411,C26H22Cl2N4O3,509.1142,28.61,1.18,1/1,0.001
412,C29H32O7S,525.1939,28.79,1.14,1/1,0.029
413,C18H13N3OS2,352.0572,6.17,0.88,1/1,0.128
414,C28H35ClN6O3,539.2532,4.04,0.97,1/1,0.55
415,C18H17NO4,312.1232,23.7,0.97,1/1,0.332
416,C21H23N3O5,398.1708,3.51,1.2,1/1,0.126
417,C18H19F3N6O,393.1643,4.69,1.25,1/1,0.006
418,C23H19NO3,358.1441,28.3,1.19,1/1,0.009
419,C35H51N5O4,606.401,3.48,0.47,1/2,0.002
420,C13H16N4O2,261.1347,3.47,1.21,1/1,0.003
421,C30H38ClN7O3,580.2794,5.76,1.34,1/1,0.242
422,C17H13Br2N5OS,495.9259,12.31,0.96,1/1,0.548
423,C18H16FN3O,310.1351,7.1,1.33,1/1,0
424,C36H39NO5,566.2902,25.4,1.23,1/1,0.019
425,C21H19FN6O2,407.1625,4.86,1.33,1/1,0.054
426,C18H17F3N2O2,351.1314,31.46,0.98,1/1,0.846
427,C19H20N2O2,309.1598,5.24,1.37,1/1,0.02
428,C15H11Cl2NO3,324.0188,17.9,0.77,1/1,0.23
429,C11H6F3NO2S,274.0144,24.92,1.22,1/1,0.187
430,C26H34ClN6O2P,529.2241,3.69,1.42,1/1,0.145
431,C21H24N4O2,365.1973,21.05,1.01,1/1,0.633
432,C33H43N7O2,570.3554,11.8,1.13,1/1,0.006
433,C20H16N6S,373.1233,4.04,1.18,1/1,0.04
434,C16H25N3O3,308.1966,4.97,1.07,1/1,0.19
435,C27H36N6O3S,525.2641,3.95,1.09,1/1,0.009
436,C18H23F2N5O4S2,476.1233,17.71,1.24,1/1,0.001
437,C28H36O15,613.2122,7.45,1.33,1/1,0.021
438,C16H18N2O2,271.1441,4.97,1.45,1/1,0.003
439,C24H23ClFN5O2,468.1594,4.99,1.02,1/1,0.624
440,C24H23N3O5,434.171,18.49,1.42,1/1,0.015
441,C21H15F4N5O2S,478.0953,27.08,1.11,1/1,0.022
442,C48H78O19,959.5209,9.88,0.68,1/1,0.078
443,C27H41NO2,412.321,9.82,0.83,1/1,0.162
444,C13H12N2O,213.1023,4.05,0.95,1/1,0.576
445,C20H24O6,361.1647,8.76,1.13,1/1,0.193
446,C15H15FIN3O3,432.0213,6.51,1.25,1/1,0.025
447,C28H36O3,421.2738,32.13,1.07,1/1,0.298
448,C17H19FN4O4,363.1456,4.27,0.9,1/1,0.274
449,C34H34F2N4O6,633.2518,8.39,0.91,1/1,0.174
450,C25H22F3N5O4S,546.142,20.18,1.18,1/1,0.022
451,C18H11F3N2O,329.0893,26,1.4,1/1,0.004
452,C30H42N8O3,563.3447,3.57,1.3,1/1,0.118
453,C9H9N3O2,192.0767,3.26,1.14,1/1,0.072
454,C26H40O3,401.3047,33.36,1.06,1/1,0.407
455,C22H30O4,359.2214,14.41,1.09,1/1,0.272
456,C28H37N3O3S3,560.2075,23.83,1.07,1/1,0.67
457,C24H26N4O4,435.2028,7.97,1.34,1/1,0.015
458,C16H14Br2N4O4,486.9431,30.82,1.08,1/1,0.349
459,C5H5N5S,168.0326,35.89,1.19,1/1,0.411
460,C6H7NO2,126.0544,0.68,0.89,1/1,0.798
461,C17H15BrClFN4O3,459.0048,12.02,1.16,1/1,0.087
462,C21H16F4N4O2S,465.1002,26.19,1.12,1/1,0.107
463,C21H20N4O3,377.1606,3.52,1.03,1/1,0.677
464,C27H32ClN5O5,542.2161,4.27,0.7,1/1,0.036
465,C19H17N5O7S3,524.036,6.79,1.36,1/1,0
466,C26H33NO2,392.2582,32.1,1.09,1/1,0.14
467,C33H38N4O6,587.2867,5.9,1.11,1/1,0.135
468,C23H26F2N2O4,433.193,27.82,1.14,1/1,0.221
469,C28H39N7O3,522.3181,3.95,1.09,1/1,0.415
470,C29H31N7O,494.266,4.27,0.84,1/1,0.496
471,C5H5N5,136.0616,3.57,1.3,1/1,0.01
472,C35H28F3N5O2,608.2268,24.99,1.19,1/1,0.01
473,C20H25NO4,344.187,4.73,1.09,1/1,0.234
474,C12H22O11,343.1235,31.51,1.53,1/1,0.142
475,C21H25N3O2S,384.1744,6.41,0.87,1/1,0.34
476,C26H26ClN3,416.1883,5.13,1.24,1/1,0.19
477,C18H18N2O3,311.139,21.62,1.24,1/1,0.002
478,C22H30FN3O7,468.2137,16.94,1.04,1/1,0.205
479,C20H32O2,305.2476,25.81,1.13,1/1,0.152
480,C12H10N2O,199.0867,3.34,1.16,1/1,0.014
481,C20H19N3O,318.1601,16.74,0.93,1/1,0.003
482,C11H14ClN,196.0887,4.47,0.9,1/1,0.115
483,C16H14N2O3,283.1076,21.32,1.12,1/1,0.167
484,C23H36O3,361.2734,32.5,1.1,1/1,0.24
485,C13H18Br2N2O,378.9834,4.45,1.15,1/1,0.126
486,C20H21N5O6,428.1557,3.59,1.44,1/1,0.022
487,C11H12N2O2,205.0969,3.27,1.05,1/1,0.21
488,C21H17Cl3N4OS,479.0259,29.08,1.25,1/1,0.038
489,C29H36O10,545.238,8.59,1.01,1/1,0.869
490,C27H44O3,417.336,34.39,1.22,1/1,0.018
491,C20H28O6,365.1963,21.05,1.01,1/1,0.644
492,C17H17ClFN3O3,366.1014,3.9,1.34,1/1,0.003
493,C14H25N3O9,380.1688,4.85,0.91,1/1,0.037
494,C16H16O5,289.1077,4.85,1.41,1/1,0.003
495,C19H20FN3O3,358.1569,3.54,1.34,1/1,0.012
496,C8H12N4S3,261.0315,25.83,1.45,1/1,0.058
497,C25H21F3N4O3S,515.1372,31.28,1.08,1/1,0.447
498,C23H33N5O2,412.2705,4.14,1.15,1/1,0.129
499,C25H24N4O2,413.1973,4.29,1.2,1/1,0.052
500,C22H21NO3,348.1595,26.78,1.2,1/1,0.015
501,C27H28N4O3S2,521.1677,26.32,1.11,1/1,0.158
502,C26H24ClN3O3,462.1573,8,1.16,1/1,0.121
503,C22H30N4O,367.2488,3.86,1.26,1/1,0.026
504,C14H10F3N5O2,338.0857,15.86,1.37,1/1,0.02
505,C24H23N5OS,430.1698,30.29,1.12,1/1,0.27
506,C16H16N2OS,285.1058,18.04,0.71,1/1,0.063
507,C16H14N2O2S2,331.0568,25.83,1.22,1/1,0.05
508,C23H22N6O2,415.1872,4.03,1.25,1/1,0.015
509,C16H10N2O2,263.0815,13.92,1.32,1/1,0.012
510,C18H14N2O4,323.1025,13.74,1.4,1/1,0.002
511,C18H21F3N6O2,411.1751,5.02,1.5,1/1,0
512,C17H11F6N7O,444.0999,24.62,1.09,1/1,0.13
513,C31H29N5O6S,600.1912,31.42,1.08,1/1,0.159
514,C21H27N7O,394.235,9.11,1.13,1/1,0.005
515,C18H14Cl2N2O2,361.0507,27.52,1.02,1/1,0.673
516,C19H20ClN3,326.1419,9.94,0.88,1/1,0.236
517,C19H23N3O3,342.1811,13.75,1.28,1/1,0
518,C31H32N6O2,521.2672,31.31,0.92,1/1,0.231
519,C25H34N4O2S,455.2475,21.35,1.27,1/1,0.039
520,C17H13ClN4,309.0906,31.22,1.2,1/1,0.04
521,C16H10BrN3O2,356.0027,26.03,1.17,1/1,0.117
522,C23H30N8O3S,499.226,4.06,1.16,1/1,0.491
523,C22H21Cl2IN4O,555.0219,31.65,0.98,1/1,0.9
524,C21H28N6O2,397.2345,4.4,1.14,1/1,0.099
525,C18H17Cl2FN4OS,427.0553,13.45,1.22,1/1,0.031
526,C22H24N8OS,449.1868,26.53,1.2,1/1,0.012
527,C22H29N7O5,472.2292,16.48,0.55,1/2,0.004
528,C21H16FN7O,402.1474,8.55,1.07,1/1,0.233
529,C22H20N6O3,417.1669,7.51,1.25,1/1,0.063
530,C18H17F2N3O2,346.1363,25.85,1.1,1/1,0.309
531,C30H27BrN4O2,555.1387,15.84,1.09,1/1,0.298
532,C19H16N8O,373.1515,3.76,1.44,1/1,0.017
533,C25H23N5O2S,458.1645,8.65,1.2,1/1,0.32
534,C19H18N2O5S2,419.0728,28.41,1.07,1/1,0.392
535,C13H9Cl2N5,306.0306,8.21,1.2,1/1,0.011
536,C19H17N3O3,336.134,5.87,0.92,1/1,0.11
537,C24H25N5O3S,464.1748,9.52,1.28,1/1,0.17
538,C29H29N7O2,508.2454,4.48,1.4,1/1,0.026
539,C26H24F4N6O,513.2039,8.74,1.28,1/1,0.044
540,C21H17FN2O2,349.1349,8.44,1.16,1/1,0.102
541,C26H29N5O2,444.2392,7.45,1.26,1/1,0.002
542,C22H19ClN4O5,455.1119,12.89,1.49,1/1,0.039
543,C25H52NO4P,462.3703,33.01,0.93,1/1,0.539
544,C20H19N5,330.1715,14.53,1.16,1/1,0.003
545,C18H25NO3Si,332.168,32.14,1.03,1/1,0.691
546,C25H23N5O2,426.1921,3.96,1.21,1/1,0.004
547,C21H18F3N3O3S2,482.0816,29.75,1.13,1/1,0.296
548,C32H36N6O4,569.2876,19.37,1.06,1/1,0.429
549,C16H13FN2O2,285.1035,14.96,1.2,1/1,0.002
550,C16H14IN3O2,408.0206,9.27,1.39,1/1,0.079
551,C16H15N3O2,282.1237,4.67,1.3,1/1,0.022
552,C12H21N3O2,240.1703,15.11,0.97,1/1,0.632
553,C24H16F3NO4,440.11,31.2,1.14,1/1,0.077
554,C19H16ClNO4,358.0844,30.59,1.1,1/1,0.024
555,C22H19FN4O2,391.1563,4.32,1.29,1/1,0.023
556,C22H24Cl2N2O4,451.1183,27.67,1.24,1/1,0.007
557,C18H24N6O,341.2086,6.19,1.17,1/1,0.171
558,C9H11NOS,182.0631,5.4,1.26,1/1,0.091
559,C16H15N3O3,298.1184,3.82,1.39,1/1,0.022
560,C25H27N5O5,478.2084,24.39,1.01,1/1,0.924
561,C15H12N2O,237.1024,22.42,1.14,1/1,0.026
562,C29H24ClN3O3S,530.1298,29.27,1.24,1/1,0.069
563,C32H36N2O3,497.2799,31.58,1.3,1/1,0.026
564,C15H23N5O2S,338.1645,3.46,1.27,1/1,0.027
565,C17H16N4O2S,341.1067,5.51,1.38,1/1,0.018
566,C15H14O3S2,307.0456,27.19,1.26,1/1,0.045
567,C27H24N2O5,457.1759,27.51,1.05,1/1,0.076
568,C19H17NO3,308.1283,16.78,1.1,1/1,0.107
569,C20H24FN5O3,402.1935,26.33,1.07,1/1,0.3
570,C24H30ClN7O2S,516.1946,9.59,0.94,1/1,0.522
571,C11H10N2O2S,235.0535,13.02,1.17,1/1,0.135
572,C24H28N8O2,461.2409,12.85,1.04,1/1,0.679
573,C17H12BrFN2O3,391.0085,21.25,1.13,1/1,0.056
574,C34H36FN5O2,566.2918,25.4,1.2,1/1,0.012
575,C22H18FN3O2,376.1458,12.96,1.36,1/1,0.013
576,C22H30N4O6,447.2234,21.62,1.13,1/1,0.014
577,C18H13ClF6N2O3,455.0587,31.28,1.03,1/1,0.502
578,C19H21F3N6,391.1853,4.64,0.86,1/1,0.099
579,C28H25FN6O3,513.2046,8.74,1.27,1/1,0.034
580,C23H24N6,385.2137,10.4,1,1/1,0.938
581,C18H17N3O4S,372.101,5.02,1.29,1/1,0
582,C21H27N3O3,370.2127,14.16,1.06,1/1,0.37
583,C25H28Cl2N4O2,487.1662,4.05,1,1/1,0.982
584,C16H14BrN3O2,360.0343,8.02,1.21,1/1,0.001
585,C21H19FN4O,363.1613,22.41,1.07,1/1,0.277
586,C23H17FN6O2,429.147,17.85,0.85,1/1,0.133
587,C21H19F4N7,446.1704,5.74,1.4,1/1,0.06
588,C20H15NO3,318.1124,21.95,1.92,2/1,0.05
589,C20H23ClFNO,348.1527,13.49,1.15,1/1,0.053
590,C21H21N5,344.1871,4.73,1.09,1/1,0.243
591,C21H16FN3OS,378.107,4.07,1.33,1/1,0.015
592,C18H17N5O3S,384.1122,8.21,1.6,1/1,0.001
593,C16H12F3NOS,324.0665,29.31,1.08,1/1,0.013
594,C16H13NO2,252.102,25.76,1.17,1/1,0.001
595,C16H13ClFN3O2,334.0755,6.93,1.19,1/1,0.055
596,C23H28N8OS,465.2193,32.47,0.96,1/1,0.776
597,C26H34N2O5Si,483.2316,32.47,1,1/1,0.988
598,C15H18BrN7,376.0875,3.75,1.37,1/1,0.003
599,C20H22N2O5,371.1605,18.85,0.55,1/2,0
600,C12H11ClN2O2S,283.0303,26.35,0.99,1/1,0.772
601,C30H33N3O5S,548.2209,8.15,1.58,1/1,0.014
602,C16H15NO2,254.118,5.69,1.56,1/1,0.016
603,C23H23F3N2O4,449.1683,29.17,1.05,1/1,0.194
604,C17H15FN2O3,315.1139,14.99,1.27,1/1,0.008
605,C32H38ClN3O2,532.2721,19.98,0.78,1/1,0.003
606,C19H15Br2N3O3,493.9527,27.05,1.18,1/1,0.114
607,C20H21N3O2,336.1708,7.31,1.08,1/1,0.141
608,C16H16F3N3O3,356.122,31.05,1.24,1/1,0.006
609,C20H31N3O2S2,410.1933,32.44,1.11,1/1,0.241
610,C17H18N2O4,315.1338,4.31,1.28,1/1,0.02
611,C24H27N5O3,434.2186,15.54,1.16,1/1,0.06
612,C20H21NO4S,372.1267,27.4,1.12,1/1,0.257
613,C10H8BrN5OS,325.9705,5.65,1.47,1/1,0.009
614,C18H15Cl4N3OS,463.9731,29.88,1.24,1/1,0.007
615,C16H15NO7S,366.064,16.61,1.39,1/1,0.007
616,C13H12N4O2S2,321.0476,10.98,1.21,1/1,0.084
617,C12H7F2NO3S2,315.991,28.2,1.26,1/1,0.073
618,C22H20N2O5S,425.1161,13.32,1.3,1/1,0.034
619,C16H14N2O4,299.1028,23.64,1.15,1/1,0.148
620,C24H25ClFN5O3,486.1696,4.79,1.39,1/1,0.002
621,C21H20F3N7O3S,508.1371,6.6,1.34,1/1,0.005
622,C25H30N6O,431.2552,5.11,1.29,1/1,0.034
623,C25H27FN4O3,451.2141,10.9,1.01,1/1,0.68
624,C17H15BrF2N4O3,441.0366,9.06,1.27,1/1,0.003
625,C23H25NO,332.2007,13.77,0.89,1/1,0.011
626,C17H15NO3,282.1126,11.78,1.15,1/1,0.053
627,C43H69NO12,792.4889,31.41,1.05,1/1,0.534
628,C23H18N4O3,399.1452,4.68,1.27,1/1,0.112
629,C18H17N5O3,352.1402,3.74,1.3,1/1,0.005
630,C19H14F3N3O3,390.1035,14.63,1.2,1/1,0.021
631,C24H18F3N3O4,470.1322,15.91,1.1,1/1,0.153
632,C22H19N5O,370.1652,3.39,1.01,1/1,0.913
633,C18H21N5O2S,372.1486,3.98,1.44,1/1,0
634,C20H19ClFN5OS,432.1056,4.97,1.05,1/1,0.424
635,C17H17N7,320.1619,8.53,1.22,1/1,0.052
636,C25H23N7OS,470.1758,14.44,1.29,1/1,0.038
637,C17H14ClF2N3O3S,414.0483,23.71,1.17,1/1,0.049
638,C18H16N2OS,309.1059,30.81,1.09,1/1,0.26
639,C23H28N4O2,393.2286,12.87,1.29,1/1,0.02
640,C19H18F3N3O6,442.1217,21.46,1.13,1/1,0.047
641,C27H30ClN7O2,520.2222,12.94,1.05,1/1,0.339
642,C24H25F3N6S,487.1883,4.63,1.12,1/1,0.011
643,C19H19N5OS,366.1381,26.81,1.23,1/1,0.073
644,C25H20N4O2S2,473.1102,28.78,1.08,1/1,0.413
645,C16H13F3N4O,335.1116,20.78,1.09,1/1,0.113
646,C27H27N5O2,454.2234,3.32,1.03,1/1,0.116
647,C19H26N6O,355.2242,9.33,1.26,1/1,0.119
648,C19H16N2O2S2,369.0722,29.32,1.08,1/1,0.22
649,C17H15N5O,306.135,6.85,1.25,1/1,0.015
650,C25H30N4O2,419.2443,6.5,1.02,1/1,0.818
651,C17H21ClN4O3S2,429.0813,5.3,1.33,1/1,0.022
652,C19H24N8,365.2193,3.23,1.3,1/1,0.049
653,C28H30F3N7O3,570.2438,13.41,1.12,1/1,0.057
654,C26H21F3N4O4,511.1589,27.3,1.24,1/1,0.131
655,C20H17F2N3O2,370.1364,28.14,1.09,1/1,0.053
656,C25H27N7O3S2,538.1687,13.6,1.13,1/1,0.02
657,C21H21N3O2S,380.1427,10.7,1.1,1/1,0.201
658,C15H22N2O3,279.1704,9.58,1.01,1/1,0.921
659,C30H40ClN7O3S,614.2677,9.28,0.86,1/1,0.114
660,C26H27N5O2,442.2224,17.92,18.52,16/1,0
661,C17H18BrN3O4S,440.027,21.35,1.2,1/1,0.009
662,C29H31F3N6O3,569.2484,13.55,1.02,1/1,0.628
663,C14H7F6N3O,348.0567,27.9,1.18,1/1,0.015
664,C16H14ClN3O2,316.0849,7.3,1.06,1/1,0.016
665,C18H18N4O3S2,403.089,6,1.31,1/1,0.009
666,C20H27N7O3S,446.1965,6.74,1.36,1/1,0.032
667,C21H19N5O2S,406.1343,31.92,1.04,1/1,0.169
668,C23H21N5O3,416.1713,6.48,1.25,1/1,0.006
669,C18H17ClN2O3S,377.0723,27.73,1.12,1/1,0.193
670,C19H17N3O2S2,384.0835,24.82,1.37,1/1,0.004
671,C34H37N5O4,580.2915,28.05,1.12,1/1,0.009
672,C19H18ClN5OS,400.0994,15.61,1,1/1,0.926
673,C22H22FN3O3,396.1717,10.27,1.27,1/1,0.001
674,C24H19N3O6,446.1342,31.14,1.14,1/1,0.259
675,C27H28N4O2,441.2286,6.71,1.1,1/1,0
676,C26H19F3N4O,461.1585,25.81,1.13,1/1,0.085
677,C29H27N7O4S,570.191,3.66,1.39,1/1,0.022
678,C17H14ClF2IN2O2,478.9827,31.26,0.86,1/1,0.101
679,C12H9ClN2O4,281.0324,18.81,1.19,1/1,0.03
680,C22H25N3O3,380.1963,3.58,1.52,1/1,0.002
681,C19H23N9O,394.2095,5.12,1.2,1/1,0.043
682,C18H16N4O3S,369.1018,22.93,1.21,1/1,0.061
683,C19H23N5O3,370.1872,21.69,1.15,1/1,0.036
684,C23H28N4O4S,457.1905,26.7,1.13,1/1,0.268
685,C27H40N8O7,589.3095,4.59,1.21,1/1,0.118
686,C13H8N6,249.0883,3.8,1.3,1/1,0.015
687,C18H12Cl2N4O4S,451.0026,30.42,1.21,1/1,0.005
688,C22H15Br2N3O4,545.9482,31.21,1.44,1/1,0.066
689,C37H61N7O2,636.4953,3.34,1.07,1/1,0.311
690,C23H25N3O3S,424.169,16.79,1.23,1/1,0.007
691,C23H24FN9O,462.2162,22.67,1.18,1/1,0.069
692,C20H20N4O,333.1701,32.14,0.95,1/1,0.61
693,C26H35N7O2S,510.261,7.56,1.09,1/1,0.234
694,C21H16Cl2N4OS,443.0497,31.04,1.12,1/1,0.135
695,C29H23N5O3S,522.1596,23.71,1.22,1/1,0.185
696,C19H23N7O2,382.1968,3.35,1.29,1/1,0.007
697,C26H43N5O7,538.3236,16.99,1.12,1/1,0.165
698,C18H21N3OS,328.1479,26.2,1.42,1/1,0.013
699,C22H21ClN2O3,397.1311,13.44,1.06,1/1,0.285
700,C6H7N5,150.0773,0.6,0.91,1/1,0.623
701,C28H34N2O,415.2745,18.99,1.13,1/1,0.133
702,C7H5N5S2,224.0058,5.47,1.29,1/1,0.008
703,C12H15N3O2,234.1233,0.59,2.81,4/1,0.014
704,C26H31N3O5,466.2338,7.68,1.31,1/1,0.004
705,C25H17F2N5O3S,506.1092,16.83,1.18,1/1,0.074
706,C18H18N4,291.1602,0.64,1.8,2/1,0.026
707,C13H14ClN3O2,280.0848,6.98,1.41,1/1,0.003
708,C15H13N5OS,312.0916,5.88,1.2,1/1,0.05
709,C18H15NO4,310.108,30.81,1.07,1/1,0.396
710,C23H26FN6O9P,581.1556,6.93,1.25,1/1,0.02
711,C28H30N6OS,499.2268,4.06,1.19,1/1,0.427
712,C26H31BrN8O,551.1871,3.7,1.43,1/1,0.005
713,C29H31F3N2O3,513.2363,21.84,1.08,1/1,0.387
714,C24H20F3N5O,452.1692,17.31,0.93,1/1,0.214
715,C18H15ClN6OS2,431.0505,10.63,1.33,1/1,0.004
716,C15H19N7O3S,378.1342,5.64,1.88,2/1,0.013
717,C31H33N3O5,528.2489,7.84,1.46,1/1,0
718,C20H22F3N5O,406.1847,4.38,0.63,1/2,0.011
719,C19H12N2O2Cl2,371.0347,28.97,1.17,1/1,0.185
720,C23H25ClFN7O,470.1864,11.51,1.1,1/1,0.077
721,C15H14F2N4S,321.098,3.77,1.31,1/1,0.001
722,C14H12N4OS,285.0803,3.19,1.91,2/1,0.002
723,C21H18Cl2N2O4,433.0713,31.28,1.19,1/1,0.025
724,C25H33N7O2,464.2762,3.56,1.12,1/1,0.069
725,C25H25BrN6O2,521.1292,11.5,1.08,1/1,0.112
726,C19H20FN5,338.1776,5.93,1.03,1/1,0.35
727,C9H7ClFN5O2,272.0344,15.48,1.21,1/1,0.063
728,C30H28FN7O3,554.2312,24.25,1.31,1/1,0.022
729,C23H21Cl2FN4O3,491.105,13.16,1.18,1/1,0.045
730,C25H30N2O5,439.223,30.57,1.05,1/1,0.261
731,C18H25N5S2,376.1626,9.51,1.34,1/1,0.061
732,C25H22N2O2,383.1756,28.13,1.27,1/1,0.004
733,C28H41N7O3,524.3346,13.41,1.09,1/1,0.251
734,C21H18FN5O,376.1569,22.76,1.21,1/1,0
735,C22H20Br2N2O2,504.994,31.61,0.99,1/1,0.925
736,C27H31N7O2,486.2611,4.03,0.67,1/1,0.009
737,C24H29N3O2,392.2333,9.25,0.9,1/1,0.11
738,C13H20Cl2N2,275.1078,3.5,0.93,1/1,0.222
739,C15H14N2O,239.1163,27.73,1.01,1/1,0.793
740,C17H17N3O2,296.1393,3.36,1.34,1/1,0.001
741,C18H22N2O,283.1806,10.23,0.99,1/1,0.863
742,C19H16N2O5,353.1133,25.96,1.26,1/1,0.005
743,C19H16N2O5,353.1127,27.5,1.28,1/1,0.009
744,C20H17Cl2N9O2,486.0951,7.88,1.09,1/1,0.316
745,C22H21N3O3S,408.1378,28.46,1.18,1/1,0
746,C22H21N3O3S,408.1333,31.92,1.11,1/1,0.052
747,C23H20N6O,397.177,3.86,1.53,1/1,0.015
748,C23H20N6O,397.1769,4.85,0.85,1/1,0.081
749,C23H21N5O3S,448.1437,6,1.3,1/1,0.043
750,C24H29N7O2,448.2461,11.12,1.33,1/1,0.033
751,C25H31N5O4,466.2449,9.32,1.31,1/1,0.142
752,C25H31N5O4,466.245,8.69,1.08,1/1,0.09
753,C29H27F3N6O,533.2272,18.3,1.27,1/1,0.002
754,C37H40N2O6,609.2954,3.88,0.78,1/1,0.113
755,C25H31N7O6,548.2211,8.15,1.6,2/1,0.011
756,C19H14N2O4,357.0843,15.04,1.73,2/1,0.011
757,C16H18N2OS,309.1057,30.81,1.08,1/1,0.256
758,C14H16N2O2S,299.0795,14.19,1.27,1/1,0.127
759,C17H12N2O2,299.0814,13.34,0.97,1/1,0.107
760,C22H33N8O6S2,592.1881,31.53,1.61,1/1,0.567
761,C19H20N4O2,359.1468,28.3,1.25,1/1,0.028
762,C35H46O20,804.2916,3.42,1.39,1/1,0.039
763,C29H24F3N5O,533.2272,18.3,1.27,1/1,0.002
764,C26H44O4,438.357,31,1.03,1/1,0.497
765,C24H27N7O,447.2574,26.99,1.11,1/1,0.561
766,C32H37N4O12S3,766.1635,31.79,1.27,1/1,0
767,C19H24N2S,313.1765,3.39,1.23,1/1,0.039
768,C19H24N2S,313.173,5.07,1.17,1/1,0.177
769,C19H24N2S,313.1768,32.26,0.96,1/1,0.704
770,C15H25NO3,268.1887,7.84,1.06,1/1,0.317
771,C11H11N5,214.1106,7.45,1.41,1/1,0.015
772,C11H11N5,214.1103,28.41,1.15,1/1,0.081
773,C21H28O5,361.1987,31.44,1.15,1/1,0.139
774,C21H26N2S2,371.16,9.65,1.09,1/1,0.318
775,C18H28N2O4,337.2167,13.04,1.3,1/1,0.001
776,C21H19F2N3O3,400.1473,4.68,1.39,1/1,0.057
777,C21H19F2N3O3,400.1427,27.69,1.22,1/1,0.051
778,C25H31NO6,442.2233,3.24,0.97,1/1,0.831
779,C22H38O5,383.2788,13.04,0.98,1/1,0.77
780,C12H20N4O7,333.1411,13.48,1.15,1/1,0.178
781,C17H16FN3O2S,346.1025,4.78,1.56,1/1,0.003
782,C17H16FN3O2S,346.1022,13.08,1.07,1/1,0.133
783,C22H28F2O5,411.196,32.44,1.09,1/1,0.324
784,C20H29FO3,337.2127,3.78,0.06,1/16,0
785,C16H21N5O2,316.1767,0.6,1.11,1/1,0.523
786,C21H23N7O2S,438.1719,32.47,0.87,1/1,0.373
787,C15H13NO3,256.0966,3.74,1.84,2/1,0.002
788,C15H13NO3,256.0992,5.93,1.06,1/1,0.067
789,C15H22N2O,247.1805,12.02,0.88,1/1,0.159
790,C15H22N2O,247.1804,24.68,1.41,1/1,0.069
791,C19H17N5O2,348.1423,25.55,1.04,1/1,0.642
792,C14H17N3O2S,292.1086,28.81,1.26,1/1,0.01
793,C27H31N7OS,502.2354,14.91,1.14,1/1,0.109
794,C27H37N3O7S,548.2492,29.31,0.9,1/1,0.18
795,C20H19F2N3O5,420.1304,6.51,1.12,1/1,0.457
796,C20H23NO4,342.1691,0.59,2.72,4/1,0.007
797,C22H29N3O4S,432.1896,14.95,0.97,1/1,0.811
798,C15H14N2O2,255.1127,3.47,0.98,1/1,0.756
799,C9H12ClN5O,242.0805,2.01,1.11,1/1,0.009
800,C14H10N4O5,315.0768,31.05,1.03,1/1,0.337
801,C17H21NO3,288.1597,2.31,1.19,1/1,0.013
802,C24H30O6,415.2113,11.83,1.31,1/1,0.004
803,C24H30O6,415.2117,27,1.34,1/1,0.012
804,C19H18N2O4S,371.107,4.04,1,1/1,0.964
805,C19H18N2O4S,371.1059,23.76,1.21,1/1,0.001
806,C19H18N2O4S,371.1008,31.39,1.08,1/1,0.842
807,C19H18N2O4S,371.1016,31.96,1.42,1/1,0.53
808,C19H18N2O4S,371.1016,32.74,0.91,1/1,0.795
809,C19H18N2O4S,371.1012,34.07,0.87,1/1,0.732
810,C24H26FNO4,412.1958,18.18,1.12,1/1,0.221
811,C24H26FNO4,412.1911,32.44,1.15,1/1,0.202
812,C16H25NO4,296.1837,5.17,1.34,1/1,0.025
813,C22H22N2O4,379.166,4.85,0.96,1/1,0.344
814,C22H22N2O4,379.1652,7.68,1.4,1/1,0.004
815,C22H22N2O4,379.1615,9.51,1.37,1/1,0.006
816,C22H22N2O4,379.1651,25.55,1.08,1/1,0.838
817,C15H9FN2O3,285.07,9.06,1.05,1/1,0.473
818,C20H25NO2S2,376.14,13.77,1.17,1/1,0.018
819,C9H14N4O3,227.1142,10.9,1.18,1/1,0.169
820,C25H25N5O4,460.192,26.7,1.2,1/1,0.028
821,C10H17NOS,200.1103,3.27,0.98,1/1,0.834
822,C12H11NO,186.0886,3.39,0.95,1/1,0.789
823,C15H21N3O2S,308.1404,9.28,1.29,1/1,0.005
824,C6H8N2,109.0754,3.52,1.18,1/1,0.135
825,C6H8N2,109.0755,4.85,1.76,2/1,0.028
826,C21H43N5O7,478.3273,27.74,1.04,1/1,0.881
827,C16H20N6O,313.1733,5.07,1.2,1/1,0.166
828,C16H20N6O,313.174,12.32,4.57,4/1,0
829,C16H20N6O,313.1772,32.27,0.97,1/1,0.774
830,C19H20FNO3,330.1487,26.78,1.27,1/1,0.026
831,C24H32O7,433.222,30.06,1.13,1/1,0.126
832,C13H15NO3,234.1125,29.49,1.18,1/1,0.064
833,C13H15NO3,234.1125,30.57,1.17,1/1,0.038
834,C12H13NO3,220.0984,31.31,1.25,1/1,0.011
835,C8H11NO2,154.0855,3.4,1.83,2/1,0.128
836,C8H11NO2,154.086,31.66,0.21,1/4,0.037
837,C8H11NO2,154.0859,31.72,0.14,1/4,0
838,C12H11N5,226.1114,10.9,1.15,1/1,0.078
839,C8H13NO2,156.1015,3.33,1.18,1/1,0.074
840,C15H12O2,225.0915,10.98,1.08,1/1,0.176
841,C13H16N4O6,325.1131,25.9,1.94,2/1,0.015
842,C15H24N2O2,265.1912,2.17,1.2,1/1,0.113
843,C15H24N2O,249.1963,1.55,0.96,1/1,0.596
844,C15H24N2O,249.196,18.99,1.5,1/1,0.034
845,C21H24N4O2S,397.1736,10.26,1.25,1/1,0.069
846,C26H24N8O2,481.2147,12.79,0.28,1/4,0
847,C18H10F3NO3S2,410.0126,29.75,0.37,1/2,0.01
848,C18H10F3NO3S2,410.0126,30.02,0.69,1/1,0.011
849,C22H22F3N3O3,434.1698,18.48,1.39,1/1,0.021
850,C21H24FN5O5S,478.1589,8.57,1.11,1/1,0.301
851,C27H31FN6OS,507.2315,14.93,1.06,1/1,0.154
852,C15H15N7O,310.141,4.12,1.4,1/1,0.003
853,C30H22N4O2,471.1799,14.58,7.96,16/1,0
854,C25H27N3O2S,434.1953,27.82,1.24,1/1,0.075
855,C14H16ClN5O2S,354.0787,5.67,1.12,1/1,0.325
856,C27H27N7O2S,514.2009,7.15,1.19,1/1,0.324
857,C27H27N7O2S,514.2063,8.74,1.26,1/1,0.032
858,C10H7NO2,174.0574,4.43,1.55,1/1,0.005
859,C10H7NO2,174.0528,13.41,1.1,1/1,0.072
860,C20H20N4O3,365.1583,4.28,0.89,1/1,0.466
861,C28H31N5O,454.2623,4.83,1.05,1/1,0.553
862,C27H31FN4O2,463.2551,6.11,1.19,1/1,0.104
863,C20H21N5O4,396.171,10.27,1.29,1/1,0.003
864,C22H20FN3O2,378.1598,9.51,1.34,1/1,0.029
865,C24H18FN3O2,400.1473,4.07,0.35,1/4,0.001
866,C24H18FN3O2,400.1472,4.68,1.39,2/1,0.056
867,C24H18FN3O2,400.1427,27.69,1.22,1/1,0.06
868,C12H17N3O3S,284.1099,21.32,1.16,1/1,0.202
869,C31H38N8O3,571.3095,14.79,1.24,1/1,0.062
870,C12H7N3O2S,258.033,6.29,1.24,1/1,0.057
871,C7H15N,114.1272,12.32,5.6,4/1,0
872,C26H22FN7O3,500.1895,24.39,1.12,1/1,0.007
873,C17H18F3N3O3,370.1372,28.14,1.09,1/1,0.043
874,C20H21FN6O5,445.1603,5.23,1.23,1/1,0.005
875,C22H24N2O8,445.1602,5.23,1.22,1/1,0.008
876,C20H22O8,390.1269,26.96,0.96,1/1,0.665
877,C25H27NO2,374.2115,18.53,1.12,1/1,0.037
878,C18H17NO4,312.1239,5.6,1.17,1/1,0.28
879,C18H17NO4,312.123,21.26,1.12,1/1,0.011
880,C18H16FN3O,310.1342,16.77,1.14,1/1,0.161
881,C36H39NO5,566.2917,7.75,0.8,1/1,0.036
882,C19H20N2O2,309.1599,4.42,0.66,1/1,0.012
883,C11H6F3NO2S,274.0156,32.26,0.83,1/1,0.482
884,C20H16N6S,373.1286,27.4,1.12,1/1,0.323
885,C24H23N3O5,434.1701,12.73,1.13,1/1,0.022
886,C34H34F2N4O6,633.2555,31.15,1.09,1/1,0.41
887,C9H9N3O2,192.0781,6.9,1.23,1/1,0.035
888,C9H9N3O2,192.075,20.56,1.19,1/1,0.089
889,C21H20N4O3,377.1599,22.76,1.2,1/1,0.003
890,C26H33NO2,392.2585,28.9,1.08,1/1,0.425
891,C8H10FN3O3S,248.05,2.01,1.11,1/1,0.458
892,C8H10FN3O3S,248.0487,22.93,1.17,1/1,0.566
893,C29H31N7O,494.2657,18.09,1.04,1/1,0.445
894,C12H22O11,343.1204,8.02,1.42,1/1,0.003
895,C18H18N2O3,311.143,4.12,1.36,1/1,0.006
896,C18H18N2O3,311.1379,7.1,1.29,1/1,0.011
897,C11H14ClN,196.0888,3.56,1.08,1/1,0.31
898,C16H14N2O3,283.1076,31,1.46,1/1,0.004
899,C14H25N3O9,380.1665,27.68,0.93,1/1,0.698
900,C16H16O5,289.1067,3.26,1.48,1/1,0.005
901,C16H16O5,289.1081,7.45,1.49,1/1,0.054
902,C16H16O5,289.1071,9.58,1.38,1/1,0.015
903,C26H24ClN3O3,462.1575,14.56,1.17,1/1,0.032
904,C16H16N2OS,285.1086,4.01,1.22,1/1,0.014
905,C16H16N2OS,285.1037,14.96,1.2,1/1,0.001
906,C16H10N2O2,263.0813,10.67,1.15,1/1,0.118
907,C17H11F6N7O,444.1046,4.05,1.41,1/1,0.03
908,C21H27N7O,394.2313,12.87,1.18,1/1,0.082
909,C21H27N7O,394.237,31.56,0.1,1/16,0
910,C23H27ClO7,451.1514,13.01,1.16,1/1,0.193
911,C22H29N7O5,472.2297,3.49,1.07,1/1,0.433
912,C19H16N8O,373.1569,18.85,0.55,1/2,0
913,C19H16N8O,373.1569,31.61,0.9,1/1,0.452
914,C19H17N3O3,336.1341,24.39,1.12,1/1,0.097
915,C16H13FN2O2,285.1049,18.04,0.72,1/1,0.061
916,C15H12N2O,237.1023,11.39,1.18,1/1,0.183
917,C34H36FN5O2,566.2928,7.75,0.79,1/1,0.017
918,C22H18FN3O2,376.1408,13.77,1.26,1/1,0.008
919,C21H19F4N7,446.1698,6.37,1.32,1/1,0.007
920,C21H19F4N7,446.1721,9.04,1.27,1/1,0.023
921,C21H19F4N7,446.1655,14.76,1.27,1/1,0.008
922,C16H13NO2,252.1052,5.53,1.41,1/1,0.019
923,C16H13NO2,252.0994,8.53,1.12,1/1,0.147
924,C16H13NO2,252.102,13.34,1.17,1/1,0.108
925,C23H28N8OS,465.2177,5.67,0.94,1/1,0.474
926,C20H22N2O5,371.1599,9.65,1.09,1/1,0.309
927,C16H15NO2,254.1207,4.11,1.6,1/1,0.009
928,C17H15FN2O3,315.115,22.32,1.03,1/1,0.784
929,C17H15FN2O3,315.1139,24.44,1.02,1/1,0.787
930,C17H15FN2O3,315.1157,31.59,1.21,1/1,0.173
931,C20H31N3O2S2,410.1984,18.19,1.19,1/1,0.232
932,C24H27N5O3,434.2179,6.07,1.19,1/1,0.035
933,C24H27N5O3,434.2243,22.78,1.09,1/1,0.033
934,C25H30N6O,431.2612,12.39,0.52,1/2,0
935,C19H14F3N3O3,390.1058,26.12,1.17,1/1,0.086
936,C27H26N4O2S,471.1803,14.58,8.2,16/1,0
937,C24H25F3N6S,487.1856,5.56,1.43,1/1,0
938,C24H25F3N6S,487.1857,8.46,1.15,1/1,0.045
939,C19H16N2O2S2,369.0726,5.56,0.85,1/1,0.347
940,C19H24N8,365.2162,6.51,1.17,1/1,0.229
941,C21H21N3O2S,380.1426,14.83,1.17,1/1,0.005
942,C26H27N5O2,442.2234,3.24,0.97,1/1,0.841
943,C26H27N5O2,442.2304,6.71,1.12,1/1,0.01
944,C22H22FN3O3,396.1664,6.29,1.59,1/1,0.005
945,C22H22FN3O3,396.1702,6.71,1.16,1/1,0.096
946,C19H23N9O,394.2097,12.35,1.13,1/1,0.11
947,C19H23N9O,394.2107,16.79,1.15,1/1,0.141
948,C23H25N3O3S,424.1735,26.33,0.95,1/1,0.233
949,C26H35N7O2S,510.2641,3.66,1.05,1/1,0.512
950,C12H15N3O2,234.1239,1.94,1.12,1/1,0.077
951,C18H18N4,291.1604,2.24,1.16,1/1,0.379
952,C15H13N5OS,312.0905,31.22,1.19,1/1,0.013
953,C15H19N7O3S,378.1369,13.77,1.2,1/1,0.01
954,C15H19N7O3S,378.1343,27.8,1.21,1/1,0.139
955,C14H12N4OS,285.0803,23.71,1.03,1/1,0.713
956,C18H25N5S2,376.1572,22.76,1.26,1/1,0.001
957,C21H18FN5O,376.1621,9.51,1.3,1/1,0.066
958,C12H11NO3,218.0811,3.79,1.24,1/1,0.014
959,C19H16N2O5,353.1129,13.34,0.94,1/1,0.004
960,C23H20N6O,397.1746,10.26,1.29,1/1,0.063
961,C14H16N2O2S,299.0823,13.34,0.98,1/1,0.266
962,C20H12N2O3S,383.046,13.06,1.36,1/1,0.081
963,C20H12N2O3S,383.0469,19.13,1.16,1/1,0.023
964,C17H12N2O2,299.079,14.19,1.27,1/1,0.104
965,C17H12N2O2,299.0787,6,1.08,1/1,0.819
966,C17H12N2O2,299.0833,10,1.36,1/1,0.064
967,C17H12N2O2,299.0792,23.27,1.37,1/1,0
968,C19H26O3,325.177,6.07,1.27,1/1,0.044
969,C19H20N4O2,359.1428,17.22,0.97,1/1,0.692
970,C19H20N4O2,359.1496,31.73,1.2,1/1,0.052
