mz,rt,Compound Name,formula,Fold change,p-value,Compound concentration ratio
371.1617,18.85,1,C21H26N2S2,0.47,0,1/2
442.2233,17.66,2,C25H31NO6,21.23,0,16/1
292.1118,3.01,3,C14H17N3O2S,1.91,0.019,2/1
502.2395,22.78,4,C27H31N7OS,1.06,0.29,1/1
342.1706,3.37,5,C20H23NO4,1.07,0.399,1/1
455.1791,17.2,6,C20H22N8O5,0.93,0.098,1/1
408.1344,29.02,7,C21H24ClO6,0.84,0.157,1/1
359.2447,0.58,8,C20H30N4O2,0.99,0.847,1/1
527.3126,26.96,9,C31H38N6O2,0.85,0.151,1/1
571.3155,5.54,10,C31H38N8O3,1.01,0.932,1/1
360.9916,28.92,11,C14H11Cl3N2O3,0.95,0.463,1/1
312.1234,23.36,12,C18H17NO4,0.67,0.073,1/1
205.0975,3.34,13,C11H12N2O2,0.91,0.113,1/1
338.0867,3.32,14,C15H20BrN3O,0.94,0.406,1/1
444.0999,19.69,15,C17H11F6N7O,1.05,0.36,1/1
397.1778,4.69,16,C23H20N6O,0.77,0.032,1/1
454.2245,3.35,17,C27H27N5O2,1.18,0.042,1/1
442.2246,3.3,18,C26H27N5O2,1.14,0.011,1/1
510.2657,3.69,19,C26H35N7O2S,1.07,0.166,1/1
310.1077,23.76,20,C18H15NO4,1.03,0.144,1/1
200.1107,3.34,21,C10H17NOS,0.91,0.112,1/1
309.1601,4.45,22,C19H20N2O2,0.86,0.072,1/1
478.0977,22.77,23,C21H15F4N5O2S,0.23,0.2,1/4
329.1535,0.58,24,C15H24N2O4S,0.99,0.707,1/1
374.2121,19.36,25,C25H27NO2,0.98,0.716,1/1
408.1383,26.89,26,C22H21N3O3S,1.01,0.711,1/1
313.1736,12.3,27,C19H24N2S,4.12,0,4/1
453.2091,15.47,28,C24H30F2O6,0.05,0,1/16
495.2201,25.94,29,C26H32F2O7,0.45,0,1/2
376.1461,12.76,30,C21H23ClFNO2,1.07,0.16,1/1
531.1575,12.31,31,C26H28Cl2N4O4,0.95,0.542,1/1
407.2218,3.35,32,C18H34N2O6S,0.26,0,1/4
345.2429,24.87,33,C22H32O3,0.55,0,1/2
268.1912,3.99,34,C15H25NO3,2.21,0,2/1
416.9913,24.69,35,C18H14Cl4N2O,3.68,0,4/1
264.1751,12.14,36,C19H21N,0.27,0,1/4
320.141,3.46,37,C16H18FN3O3,22.46,0,16/1
414.1554,5.18,38,C22H23NO7,0.8,0.032,1/1
270.1856,9.97,39,C18H23NO,0.89,0.05,1/1
261.1965,6.83,40,C16H24N2O,12.59,0,16/1
340.1549,4.97,41,C20H21NO4,0.12,0,1/4
214.1091,5.47,42,C11H11N5,0.06,0,1/16
288.2324,9.91,43,C19H29NO,3.43,0,4/1
315.2323,28.05,44,C21H30O2,0.46,0.001,1/2
286.1917,4.29,45,C17H23N3O,9.21,0,16/1
277.0646,6.39,46,C13H12N2O3S,0.51,0,1/2
399.0764,11.63,47,C18H14N4O5S,0.24,0,1/4
317.1647,3.8,48,C13H24N4O3S,0.06,0,1/16
308.1106,31.52,49,C19H17NOS,1.83,0.001,2/1
408.1721,16.82,50,C21H24F3N3S,15.01,0,16/1
302.2482,11.27,51,C20H31NO,0.26,0,1/4
256.1812,4.19,52,C16H21N3,9.74,0,16/1
279.186,5.06,53,C19H22N2,0.99,0.883,1/1
245.2016,9.47,54,C16H24N2,3.41,0,4/1
180.1022,5.84,55,C10H13NO2,0.05,0,1/16
355.2022,4.37,56,C21H26N2O3,1.99,0,2/1
337.2127,3.83,57,C18H28N2O4,0.06,0,1/16
310.1264,5.58,58,C19H19NOS,1.11,0.134,1/1
327.1377,5.16,59,C18H19ClN4,0.48,0,1/2
384.1448,4.19,60,C21H21NO6,0.05,0,1/16
235.1808,3.63,61,C14H22N2O,0.53,0.001,1/2
195.092,3.56,62,C13H10N2,1.03,0.396,1/1
438.1831,15.66,63,C22H26F3N3OS,0.29,0,1/4
361.1206,31.69,64,C20H21ClO4,1.87,0.001,2/1
242.1179,28.63,65,C15H15NO2,4.48,0,4/1
430.2596,12.38,66,C25H35NO5,0.45,0.001,1/2
180.1749,5.27,67,C12H21N,2.03,0,2/1
484.1241,14.08,68,C24H26BrN3O3,4.2,0,4/1
480.214,12.7,69,C26H29N3O6,0.37,0,1/2
254.1543,5.34,70,C17H19NO,0.06,0,1/16
285.0211,4.62,71,C10H9ClN4O2S,2,0,2/1
311.0813,7.02,72,C12H14N4O4S,0.08,0,1/16
397.0101,22.56,73,C18H15Cl3N2S,14.57,0,16/1
338.2515,25.6,74,C20H35NOS,1.72,0,2/1
377.2121,31.65,75,C25H28O3,2.91,0.004,4/1
381.0328,21.68,76,C18H15Cl3N2O,15.15,0,16/1
312.1379,15.92,77,C14H21N3O3S,4.02,0,4/1
404.0377,5.13,78,C17H13N3O5S2,4.15,0,4/1
354.2431,20.16,79,C23H31NO2,0.31,0,1/4
324.1962,10.52,80,C21H25NO2,1.69,0.005,2/1
607.3258,31.28,81,C32H47F5O3S,0.22,0,1/4
470.233,16.46,82,C25H32ClN5O2,0.41,0,1/2
427.2148,4.63,83,C23H27FN4O3,3.68,0,4/1
349.2128,3.68,84,C19H28N2O4,1.15,0.136,1/1
296.147,11.64,85,C19H21NS,1.69,0.003,2/1
318.2795,21.55,86,C21H35NO,1.73,0.003,2/1
914.5281,31.81,87,C50H75NO14,0.21,0,1/4
294.0696,27.12,88,C15H13ClFNO2,4.29,0,4/1
266.1656,6.45,89,C17H19N3,16.85,0,16/1
345.1816,3.97,90,C19H24N2O4,1.05,0.377,1/1
383.2796,31.23,91,C22H38O5,0.83,0.048,1/1
333.1409,0.6,92,C12H20N4O7,0.95,0.314,1/1
359.1641,3.65,93,C16H26N2O5S,1.07,0.394,1/1
416.2781,18.8,94,C25H37NO4,1.09,0.262,1/1
346.1026,5.27,95,C17H16FN3O2S,1.07,0.018,1/1
411.1968,32.46,96,C22H28F2O5,0.96,0.661,1/1
325.2167,25.51,97,C22H28O2,0.91,0.118,1/1
1019.4501,4.45,98,C49H66N10O10S2,1.07,0.027,1/1
435.0574,29.43,99,C20H15BrN6O,0.95,0.46,1/1
364.0951,26.39,100,C18H18ClNO5,0.96,0.126,1/1
214.0711,0.58,101,C9H11NO5,0.92,0.243,1/1
201.139,5.14,102,C13H16N2,0.91,0.14,1/1
469.271,5.39,103,C27H36N2O5,0.8,0.037,1/1
312.1961,12.8,104,C20H25NO2,1.11,0.114,1/1
239.0742,4.82,105,C10H8F2N4O,1,0.952,1/1
307.2271,17.26,106,C19H30O3,1.06,0.345,1/1
325.1552,4.3,107,C19H20N2O3,0.93,0.426,1/1
329.2188,3.41,108,C15H28N4O4,1.03,0.53,1/1
471.2655,12.15,109,C30H34N2O3,1.31,0.027,1/1
612.3079,25.62,110,C36H41N3O6,0.91,0.009,1/1
337.2178,12.84,111,C20H29FO3,1.09,0.307,1/1
368.1744,3.75,112,C18H26ClN3O3,0.89,0.067,1/1
441.2428,8.32,113,C22H36N2O5S,0.99,0.58,1/1
484.1621,15.44,114,C26H29NO4S2,0.94,0.424,1/1
258.1129,16.43,115,C15H15NO3,0.98,0.805,1/1
316.1774,3.33,116,C16H21N5O2,1,0.965,1/1
222.1855,4.12,117,C14H23NO,0.85,0.194,1/1
836.3872,30.1,118,C45H57NO14,0.87,0.065,1/1
308.1761,3.73,119,C19H21N3O,1.12,0.13,1/1
438.1718,6.13,120,C21H23N7O2S,1.25,0.005,1/1
256.0972,15.09,121,C15H13NO3,1,0.947,1/1
278.125,0.58,122,C12H15N5O3,1.05,0.391,1/1
615.3171,25.62,123,C23H46N6O13,0.89,0.025,1/1
335.1508,4.41,124,C19H18N4O2,1.01,0.863,1/1
694.2874,26.11,125,C39H37F6N3O2,0.94,0.026,1/1
328.1912,6.35,126,C20H25NO3,0.72,0.001,1/1
247.1809,4.92,127,C15H22N2O,1.29,0.001,1/1
168.175,3.7,128,C11H21N,1,0.953,1/1
348.146,0.58,129,C19H17N5O2,0.97,0.776,1/1
632.253,31.25,130,C34H38N3O7P,0.93,0.18,1/1
548.2435,21.68,131,C27H37N3O7S,0.99,0.914,1/1
557.2076,4.56,132,C30H29ClN6O3,0.88,0.35,1/1
484.1872,8.42,133,C23H26ClN7O3,0.92,0.07,1/1
451.2019,7.75,134,C21H30N4O5S,1.1,0.115,1/1
470.3062,27.89,135,C32H39NO2,0.94,0.388,1/1
449.1636,25.74,136,C26H25ClN2O3,1,0.945,1/1
448.1331,29.01,137,C23H23ClFNO5,0.95,0.453,1/1
349.1841,4.77,138,C18H22F2N4O,1.14,0.148,1/1
420.1372,13.54,139,C20H19F2N3O5,1.11,0.26,1/1
367.1672,10.72,140,C22H18N6,0.99,0.868,1/1
355.1028,3.38,141,C16H18O9,1.13,0.096,1/1
311.201,21.45,142,C21H26O2,0.9,0.293,1/1
295.1808,5.2,143,C19H22N2O,0.88,0.008,1/1
517.3543,31.12,144,C31H48O6,0.98,0.772,1/1
289.1218,25.17,145,C15H17ClN4,0.89,0.094,1/1
269.1056,3.61,146,C13H17ClN2O2,1.04,0.373,1/1
278.1906,9.94,147,C20H23N,0.78,0.016,1/1
231.1495,23.99,148,C14H18N2O,1.01,0.627,1/1
325.1715,8.36,149,C20H21FN2O,1,0.877,1/1
528.1878,10.42,150,C27H29NO10,1.01,0.905,1/1
475.1149,4.27,151,C22H24BrFN4O2,0.69,0.002,1/1
172.1195,0.58,152,C6H13N5O,1.04,0.416,1/1
432.196,3.67,153,C22H29N3O4S,1.05,0.249,1/1
387.2535,28.93,154,C24H34O4,0.93,0.462,1/1
255.1132,10.16,155,C15H14N2O2,0.91,0.357,1/1
282.1605,5.24,156,C17H19N3O,1.06,0.467,1/1
242.0807,0.58,157,C9H12ClN5O,0.99,0.348,1/1
375.184,12.32,158,C21H27ClN2O2,0.91,0.091,1/1
315.0726,11.56,159,C14H10N4O5,0.92,0.661,1/1
433.2156,5.96,160,C24H25FN6O,1.01,0.458,1/1
206.1404,3.7,161,C10H15N5,1.04,0.707,1/1
288.1598,0.58,162,C17H21NO3,0.96,0.452,1/1
415.212,26.96,163,C24H30O6,0.98,0.782,1/1
403.0429,27.35,164,C17H14Cl2F2N2O3,0.88,0.048,1/1
406.2092,3.79,165,C19H27N5O5,1.05,0.444,1/1
352.2124,14.45,166,C19H29NO5,0.97,0.617,1/1
510.1585,13.18,167,C25H25Cl2N7O,1.13,0.028,1/1
319.0753,7.95,168,C15H14N2O4S,1.08,0.036,1/1
845.4837,11.3,169,C43H65FN6O10,0.87,0.056,1/1
535.1584,28.14,170,C23H21F7N4O3,0.91,0.19,1/1
540.2617,12.46,171,C31H33N5O4,1.1,0.121,1/1
980.5722,31.7,172,C53H83NO14,0.99,0.846,1/1
445.1468,9.18,173,C24H25FO5S,1.16,0.012,1/1
289.2278,5.62,174,C18H28N2O,0.84,0.047,1/1
483.0852,29.56,175,C21H15ClF4N4O3,0.95,0.157,1/1
1270.4492,26,176,C56H71N9O23S,1.07,0.338,1/1
720.4344,24.82,177,C40H57N5O7,0.98,0.508,1/1
564.3096,31.39,178,C30H46NO7P,0.89,0.213,1/1
412.1925,26.93,179,C24H26FNO4,0.98,0.791,1/1
847.4508,22.72,180,C46H62N4O11,0.93,0.276,1/1
294.1604,4.53,181,C18H19N3O,1,0.926,1/1
329.1321,31.65,182,C18H20N2O2S,0.82,0.063,1/1
465.0944,28.87,183,C21H16ClF3N4O3,0.95,0.283,1/1
296.1859,4.43,184,C16H25NO4,0.92,0.157,1/1
221.1111,3.91,185,C12H16N2S,1.01,0.859,1/1
304.2023,0.58,186,C17H25N3O2,0.98,0.654,1/1
496.2429,4.48,187,C25H32F3N3O4,1.22,0.005,1/1
379.1657,25.44,188,C22H22N2O4,0.88,0.069,1/1
390.1578,4.42,189,C18H20FN5O4,1.04,0.481,1/1
391.1479,3.32,190,C15H18N8O5,1.01,0.766,1/1
502.1781,16.11,191,C28H24FN3O5,1.06,0.327,1/1
285.0673,24.55,192,C15H9FN2O3,1.04,0.107,1/1
371.1269,7.77,193,C17H15FN6O3,0.85,0.06,1/1
445.1641,14.42,194,C20H21FN6O5,1.03,0.539,1/1
308.2587,24.88,195,C19H33NO2,0.95,0.013,1/1
588.9704,29.77,196,C19H20Br2N6O4S,0.92,0.216,1/1
245.1401,0.58,197,C13H16N4O,1.01,0.833,1/1
376.1405,13.66,198,C20H25NO2S2,1,0.967,1/1
393.2178,9.62,199,C24H28N2O3,0.92,0.051,1/1
451.1654,28.81,200,C23H23ClN6O2,0.91,0.112,1/1
227.1142,0.61,201,C9H14N4O3,1.15,0.071,1/1
616.0869,27.2,202,C26H23FIN5O4,0.81,0.048,1/1
442.1894,15.54,203,C22H24FN5O4,0.99,0.894,1/1
398.1981,10.71,204,C24H23N5O,0.92,0.006,1/1
267.1859,7.8,205,C18H22N2,1.08,0.037,1/1
460.1987,11.17,206,C25H25N5O4,1.02,0.637,1/1
493.2638,18.1,207,C28H36N4O2S,1.05,0.263,1/1
417.1284,25.26,208,C21H21FN2O4S,0.97,0.506,1/1
299.1579,16.78,209,C18H22N2S,0.98,0.681,1/1
399.167,4.12,210,C20H22N4O5,0.98,0.652,1/1
186.0916,6.17,211,C12H11NO,1.12,0.189,1/1
307.1669,6.39,212,C17H18N6,1.05,0.229,1/1
316.0351,28.06,213,C14H9ClF3NO2,0.91,0.519,1/1
810.4564,32.42,214,C43H68ClNO11,0.95,0.444,1/1
394.1403,12.5,215,C21H19N3O5,1.09,0.127,1/1
463.0861,31.53,216,C22H21Cl3N4O,0.97,0.44,1/1
486.2011,28.32,217,C26H26F3N3O3,0.91,0.123,1/1
308.1431,3.94,218,C15H21N3O2S,1.07,0.242,1/1
416.1636,9.12,219,C22H18FN7O,1.01,0.755,1/1
351.1959,32.42,220,C23H26O3,0.95,0.71,1/1
392.2006,21.68,221,C22H28FO5,1.05,0.552,1/1
204.0303,0.64,222,C5H11NO4S,0.74,0.001,1/1
302.1754,3.57,223,C18H23NO3,1,0.927,1/1
339.2167,31.55,224,C19H30O5,0.76,0.61,1/1
331.0439,27.31,225,C10H19O6PS2,0.84,0.149,1/1
192.1385,13.76,226,C12H17NO,0.98,0.753,1/1
340.3695,29.27,227,C21H45N3,1.13,0.474,1/1
555.253,3.7,228,C22H42N4O8S2,1.06,0.445,1/1
178.1354,29.14,229,C12H17O,1.27,0.253,1/1
305.1084,29.89,230,C12H21N2O3PS,0.88,0.09,1/1
109.0763,0.59,231,C6H8N2,0.94,0.221,1/1
204.1386,18.06,232,C13H17NO,0.94,0.43,1/1
114.128,0.58,233,C7H15N,0.96,0.296,1/1
291.1957,32.3,234,C18H26O3,0.96,0.719,1/1
146.1177,0.58,235,C7H15NO2,1.03,0.155,1/1
362.2122,32.25,236,C24H27NO2,0.94,0.781,1/1
220.9536,8.65,237,C4H7Cl2O4P,0.98,0.68,1/1
279.1595,31.43,238,C16H22O4,0.96,0.715,1/1
275.2123,4.42,239,C17H26N2O,0.86,0.01,1/1
215.049,2.42,240,C8H10N2O3S,0.93,0.321,1/1
428.2553,6.76,241,C24H33N3O4,0.94,0.355,1/1
214.0996,3.63,242,C11H16ClNO,0.97,0.633,1/1
427.1176,4.26,243,C21H19ClN4O4,1.04,0.449,1/1
347.2223,13,244,C21H30O4,1.05,0.674,1/1
488.1642,6.85,245,C22H26ClN7O2S,0.97,0.184,1/1
489.229,10.46,246,C23H32N6O4S,0.94,0.324,1/1
245.1752,32.87,247,C14H20N4,0.75,0.134,1/1
233.0924,9.2,248,C12H12N2O3,1.09,0.085,1/1
558.2312,21.93,249,C28H36ClN5O3S,0.89,0.034,1/1
406.2343,3.35,250,C21H31N3O5,1.07,0.295,1/1
445.1615,5.21,251,C22H24N2O8,0.98,0.613,1/1
417.1186,3.43,252,C21H20O9,0.93,0.064,1/1
529.2294,30.89,253,C27H30F6N2O2,0.93,0.108,1/1
359.1972,3.83,254,C20H26N2O4,1.07,0.067,1/1
313.1776,3.43,255,C16H20N6O,1.02,0.814,1/1
330.1505,10.85,256,C19H20FNO3,0.99,0.903,1/1
433.2228,22.61,257,C24H32O7,0.89,0.049,1/1
234.1128,11.21,258,C13H15NO3,1.02,0.775,1/1
413.1203,7.33,259,C21H21ClN4OS,1.05,0.159,1/1
328.1583,3.39,260,C16H25NO4S,1.06,0.033,1/1
163.0868,5.62,261,C9H10N2O,0.94,0.229,1/1
316.2025,3.49,262,C18H25N3O2,1.06,0.373,1/1
223.0869,10.5,263,C14H10N2O,0.94,0.631,1/1
119.0606,5.08,264,C7H6N2,0.92,0.143,1/1
185.9776,10.63,265,C7H4ClNOS,0.94,0.702,1/1
226.109,3.81,266,C12H11N5,0.98,0.645,1/1
296.2012,6.71,267,C20H25NO,0.99,0.897,1/1
425.2443,5.67,268,C25H32N2O4,1.16,0.084,1/1
457.2343,8.6,269,C25H32N2O6,0.88,0.015,1/1
223.0757,20.79,270,C15H10O2,0.97,0.759,1/1
433.8753,3.54,271,C9H9I2NO3,1.04,0.647,1/1
156.1024,0.58,272,C8H13NO2,0.97,0.413,1/1
329.1947,6.35,273,C17H28O6,0.68,0.002,1/1
175.0392,29.15,274,C10H6O3,1.12,0.711,1/1
225.0913,18.59,275,C15H12O2,1.14,0.085,1/1
189.0549,7.76,276,C11H8O3,1.11,0.312,1/1
331.2597,6.23,277,C20H36O2,1,0.99,1/1
386.2444,7.77,278,C22H31N3O3,1.11,0.03,1/1
318.2431,17.79,279,C20H31NO2,1.04,0.277,1/1
325.115,0.59,280,C13H16N4O6,1.12,0.205,1/1
447.0931,6.33,281,C21H18O11,1.14,0.04,1/1
265.1914,0.58,282,C15H24N2O2,0.97,0.616,1/1
249.1965,0.58,283,C15H24N2O,1.01,0.602,1/1
385.13,4.47,284,C22H16N4O3,1.1,0.142,1/1
343.1441,4.4,285,C14H22N4O4S,0.95,0.123,1/1
153.0525,0.92,286,C4H4N6O,0.94,0.507,1/1
395.2136,10.75,287,C24H27FN2O2,0.97,0.6,1/1
381.2543,11.94,288,C24H32N2O2,0.97,0.671,1/1
453.2618,4.74,289,C24H32N6O3,1.05,0.818,1/1
330.1276,5.33,290,C17H19N3O2S,0.92,0.12,1/1
426.9846,18.51,291,C17H18Br2N2O,1.08,0.169,1/1
347.1257,3.96,292,C18H14N6O2,1.04,0.444,1/1
618.2413,7.72,293,C28H40BrN7O4,0.7,0.001,1/1
526.2182,23.05,294,C26H26F3N7O2,1.04,0.444,1/1
334.1667,29.57,295,C19H19N5O,0.94,0.29,1/1
330.0588,25.48,296,C14H10F3NO5,0.94,0.575,1/1
397.1709,6.19,297,C21H24N4O2S,1.27,0,1/1
455.0447,26.8,298,C19H17Cl3N4O3,0.83,0,1/1
315.1507,7.44,299,C18H19FN2O2,1.05,0.494,1/1
469.2471,7.04,300,C26H28N8O,1.1,0.029,1/1
352.1827,5.16,301,C21H22FN3O,0.92,0.172,1/1
322.1417,5.19,302,C16H15N7O,0.95,0.429,1/1
501.2732,5.17,303,C27H32N8O2,0.99,0.797,1/1
402.193,26.24,304,C23H23O2N5,0.95,0.107,1/1
287.1294,3.41,305,C18H14N4,1.05,0.311,1/1
341.1534,3.46,306,C19H21ClN4,1.22,0.019,1/1
481.2105,3.75,307,C26H24N8O2,0.96,0.511,1/1
435.1603,6.34,308,C21H24ClFN4O3,0.99,0.69,1/1
444.1198,26.82,309,C24H17N3O6,1.03,0.183,1/1
541.1432,21.87,310,C25H25ClN6O4S,1,0.925,1/1
479.1505,6.74,311,C26H19ClN8,0.79,0.345,1/1
592.2687,31.4,312,C32H38ClN5O4,1,0.999,1/1
428.2715,18.64,313,C25H34FN3O2,1.04,0.659,1/1
546.2835,6.16,314,C29H35N7O4,1.28,0.001,1/1
475.245,8.79,315,C26H30N6O3,1.17,0.001,1/1
573.345,3.92,316,C34H44N4O4,1.02,0.774,1/1
435.2513,5.34,317,C24H30N6O2,0.97,0.732,1/1
434.1696,12.6,318,C22H22F3N3O3,0.95,0.424,1/1
485.1897,5.5,319,C24H29ClN6OS,0.89,0.211,1/1
478.1566,26.14,320,C21H24FN5O5S,0.96,0.344,1/1
409.3332,3.58,321,C26H40N4,1.39,0.002,1/1
228.0344,6.03,322,C11H11Cl2N,0.99,0.81,1/1
639.3782,13.53,323,C36H46N8O3,1.16,0.19,1/1
628.1028,31.97,324,C31H32BrNO4S2,1.01,0.962,1/1
342.101,12.99,325,C18H16ClN3O2,0.86,0.042,1/1
507.2328,14.86,326,C27H31FN6OS,1.01,0.844,1/1
518.1657,27.68,327,C24H22F3N5O5,0.92,0.185,1/1
414.2869,3.86,328,C23H35N5O2,1.03,0.786,1/1
481.2928,4.56,329,C26H36N6O3,0.88,0.094,1/1
501.2341,15.01,330,C26H33FN4O3S,0.94,0.362,1/1
334.065,5.07,331,C18H11N3O2S,0.95,0.262,1/1
310.1417,14.73,332,C15H15N7O,0.95,0.419,1/1
448.1989,14.19,333,C24H25N5O4,0.94,0.332,1/1
354.1278,5.6,334,C19H19N3O2S,1.04,0.503,1/1
592.1,8.22,335,C23H26IN7O2S,0.86,0.032,1/1
401.0475,8.94,336,C14H17IN4O2,1,0.964,1/1
501.2064,9.97,337,C29H29ClN4O2,1.08,0.326,1/1
321.1004,7.85,338,C14H16N4O3S,0.98,0.807,1/1
471.1261,3.43,339,C20H23BrN8O,1.01,0.829,1/1
499.2512,25.23,340,C30H31FN4O2,0.9,0.023,1/1
376.0834,5.45,341,C15H19Cl2N3O4,1.08,0.102,1/1
557.0014,30.61,342,C21H19Cl2IN4O2,0.98,0.382,1/1
519.1241,26.74,343,C27H20ClFN4O4,1.03,0.312,1/1
388.1065,14.3,344,C19H18ClN3O4,0.99,0.829,1/1
521.1902,26.78,345,C26H27F3N2O6,0.93,0,1/1
327.0132,21.79,346,C16H11BrN2O,0.95,0.5,1/1
474.2298,21.76,347,C30H27N5O,0.97,0.558,1/1
434.1906,10.29,348,C25H27N3O2S,0.99,0.636,1/1
438.0895,25.99,349,C19H20ClN3O5S,0.99,0.809,1/1
370.1367,28.08,350,C17H18F3N3O3,0.96,0.586,1/1
331.0959,31.27,351,C16H15ClN4O2,0.9,0.685,1/1
227.1546,5.14,352,C15H18N2,0.73,0.002,1/1
354.0792,17.44,353,C14H16ClN5O2S,0.99,0.837,1/1
490.1997,16.55,354,C28H23N7O2,0.95,0.496,1/1
514.2032,7.09,355,C27H27N7O2S,1.1,0.171,1/1
561.195,24.52,356,C30H26F2N4O5,1.04,0.102,1/1
500.1637,11.46,357,C23H25F4N3O3S,0.98,0.837,1/1
638.1764,32.36,358,C30H25F10NO3,1.02,0.919,1/1
389.0905,17.19,359,C19H17ClN2O5,1.04,0.486,1/1
413.0816,30.78,360,C21H20N2OS3,0.97,0.5,1/1
174.0554,6.71,361,C10H7NO2,1.09,0.216,1/1
813.2673,19.66,362,C42H45ClN6O5S2,0.92,0.417,1/1
365.1615,15.14,363,C20H20N4O3,0.96,0.515,1/1
362.2557,3.53,364,C19H31N5O2,1,0.974,1/1
272.9874,5.54,365,C9H9BrN2O3,0.96,0.505,1/1
454.2611,6.35,366,C28H31N5O,0.53,0.001,1/2
463.2515,19.4,367,C27H31FN4O2,0.99,0.821,1/1
283.1445,7.84,368,C17H18N2O2,1.07,0.064,1/1
162.0551,3.69,369,C9H7NO2,1.05,0.563,1/1
480.1033,7.71,370,C21H23Cl2N5O2S,1.05,0.305,1/1
370.2497,5.59,371,C22H31N3O2,0.9,0.004,1/1
974.3051,26,372,C47H55ClF3N5O6S3,0.92,0.357,1/1
517.2377,24.84,373,C30H33ClN4O2,0.95,0.049,1/1
441.277,3.86,374,C27H32N6,1.1,0.228,1/1
408.2512,10.19,375,C22H29N7O,0.91,0.165,1/1
517.2263,24.56,376,C31H33ClN2O3,0.95,0.047,1/1
418.1047,9.99,377,C20H15ClF3N5,0.94,0.29,1/1
280.0753,21.7,378,C12H13N3O3S,1.04,0.426,1/1
381.2768,5.36,379,C22H32N6,1.29,0.049,1/1
368.2088,3.85,380,C20H25N5O2,1.14,0.199,1/1
353.1502,6.47,381,C20H20N2O4,1,0.914,1/1
383.1484,6.65,382,C21H17F3N4,0.98,0.565,1/1
380.1764,3.4,383,C25H21N3O,1.2,0.087,1/1
405.0976,8.19,384,C19H12F4N4O2,0.87,0.008,1/1
396.1673,6.19,385,C20H21N5O4,1.29,0,1/1
374.2346,8.84,386,C23H27N5,1.03,0.223,1/1
251.1546,9.79,387,C17H18N2,0.75,0.004,1/1
545.175,31.24,388,C30H28N2O6S,0.94,0.25,1/1
376.0298,4.76,389,C16H14BrN3O3,1.02,0.56,1/1
601.1757,31.97,390,C26H25F9N2O4,1.01,0.971,1/1
416.2226,29.49,391,C27H29NO3,0.94,0.22,1/1
443.1742,9.01,392,C24H27ClN2O4,1.11,0.183,1/1
378.1618,27.61,393,C22H20FN3O2,1.03,0.761,1/1
284.1066,4.03,394,C12H17N3O3S,0.92,0.443,1/1
384.2087,20.96,395,C22H26FN3O2,1.07,0.331,1/1
367.127,7.41,396,C18H17F3N2O3,1.13,0.148,1/1
312.171,4.9,397,C18H21N3O2,0.96,0.205,1/1
429.2181,9.95,398,C27H28N2O3,0.94,0.349,1/1
367.0083,24.79,399,C18H11BrN2O2,0.96,0.002,1/1
350.0698,19.73,400,C19H12ClN3O2,1,0.96,1/1
229.1339,3.62,401,C14H16N2O,1.06,0.481,1/1
500.2781,5.47,402,C28H33N7O2,1.12,0.057,1/1
335.0465,21.38,403,C15H12Cl2N4O,1.26,0.127,1/1
366.0302,17.56,404,C17H13Cl2NO4,1.06,0.396,1/1
509.1157,28.55,405,C26H22Cl2N4O3,0.97,0.622,1/1
525.1956,28.76,406,C29H32O7S,0.94,0.498,1/1
548.2226,7.98,407,C25H31N7O6,1.4,0,2/1
539.2545,4.01,408,C28H35ClN6O3,0.95,0.284,1/1
398.1717,3.55,409,C21H23N3O5,1.01,0.867,1/1
393.1651,4.69,410,C18H19F3N6O,0.96,0.48,1/1
358.1444,28.24,411,C23H19NO3,0.98,0.565,1/1
606.403,3.51,412,C35H51N5O4,1.03,0.2,1/1
261.1351,3.51,413,C13H16N4O2,1.07,0.37,1/1
580.2813,5.58,414,C30H38ClN7O3,1.43,0.018,1/1
495.9274,11.92,415,C17H13Br2N5OS,0.85,0.165,1/1
310.1354,6.79,416,C18H16FN3O,1.02,0.653,1/1
407.1632,4.81,417,C21H19FN6O2,1.15,0.008,1/1
351.132,31.56,418,C18H17F3N2O2,0.91,0.456,1/1
324.0194,17.41,419,C15H11Cl2NO3,1.08,0.247,1/1
529.2255,3.69,420,C26H34ClN6O2P,1.05,0.714,1/1
365.1977,20.53,421,C21H24N4O2,1.13,0.417,1/1
570.3564,11.77,422,C33H43N7O2,1.08,0.091,1/1
373.1237,3.99,423,C20H16N6S,0.98,0.623,1/1
308.1973,4.87,424,C16H25N3O3,0.96,0.366,1/1
525.2655,3.99,425,C27H36N6O3S,1.16,0.126,1/1
476.1245,17.37,426,C18H23F2N5O4S2,1,0.955,1/1
613.2143,7.22,427,C28H36O15,1.07,0.033,1/1
271.1445,4.97,428,C16H18N2O2,1.15,0.239,1/1
468.1606,4.88,429,C24H23ClFN5O2,0.87,0.015,1/1
959.5238,9.71,430,C48H78O19,1,0.978,1/1
412.3216,9.81,431,C27H41NO2,0.83,0.006,1/1
213.1026,4.08,432,C13H12N2O,0.93,0.037,1/1
361.1652,8.58,433,C20H24O6,0.97,0.751,1/1
432.0224,6.24,434,C15H15FIN3O3,0.97,0.09,1/1
421.2743,32.17,435,C28H36O3,0.94,0.396,1/1
363.1458,4.31,436,C17H19FN4O4,0.54,0.001,1/2
633.2536,8.3,437,C34H34F2N4O6,0.88,0.294,1/1
546.1429,19.8,438,C25H22F3N5O4S,1.05,0.455,1/1
329.0901,25.7,439,C18H11F3N2O,1.04,0.37,1/1
563.3466,3.61,440,C30H42N8O3,1.09,0.018,1/1
609.2975,0.58,441,C37H40N2O6,0.91,0.096,1/1
192.077,3.32,442,C9H9N3O2,1.05,0.539,1/1
401.3059,33.31,443,C26H40O3,0.95,0.433,1/1
359.2223,14.14,444,C22H30O4,1,0.962,1/1
560.2081,23.93,445,C28H37N3O3S3,0.92,0.054,1/1
435.2035,7.83,446,C24H26N4O4,1.05,0.081,1/1
486.9446,30.77,447,C16H14Br2N4O4,0.95,0.612,1/1
168.034,0.91,448,C5H5N5S,0.93,0.534,1/1
126.0551,0.63,449,C6H7NO2,0.97,0.589,1/1
459.0061,11.65,450,C17H15BrClFN4O3,1.08,0.091,1/1
465.1014,26.06,451,C21H16F4N4O2S,0.95,0.511,1/1
377.1615,3.54,452,C21H20N4O3,0.97,0.588,1/1
542.2177,4.26,453,C27H32ClN5O5,0.55,0,1/2
524.0375,6.61,454,C19H17N5O7S3,1.12,0.002,1/1
392.2588,32.18,455,C26H33NO2,0.94,0.275,1/1
248.0504,1.93,456,C8H10FN3O3S,0.86,0.093,1/1
587.2879,5.88,457,C33H38N4O6,0.99,0.712,1/1
433.1941,27.78,458,C23H26F2N2O4,0.84,0.06,1/1
469.2588,31.37,459,C28H36O6,0.87,0.525,1/1
522.32,3.95,460,C28H39N7O3,0.99,0.876,1/1
494.2667,18.1,461,C29H31N7O,1.04,0.319,1/1
448.2466,4.66,462,C24H29N7O2,1.07,0.085,1/1
136.062,0.58,463,C5H5N5,0.96,0.07,1/1
608.2283,24.86,464,C35H28F3N5O2,1.05,0.126,1/1
344.1864,4.5,465,C20H25NO4,0.74,0.443,1/1
343.1227,31.6,466,C12H22O11,0.9,0.308,1/1
384.1746,6.31,467,C21H25N3O2S,0.74,0.005,1/1
358.1681,3.75,468,C18H20FN5O2,1.02,0.794,1/1
416.1894,4.99,469,C26H26ClN3,0.82,0.104,1/1
311.1391,21.19,470,C18H18N2O3,1.04,0.573,1/1
468.2152,16.62,471,C22H30FN3O7,1.11,0.279,1/1
296.1397,3.4,472,C17H17N3O2,1.09,0.108,1/1
305.2478,25.7,473,C20H32O2,0.92,0.415,1/1
199.0869,3.38,474,C12H10N2O,1.07,0.077,1/1
318.1605,16.58,475,C20H19N3O,1.08,0.097,1/1
196.0893,4.49,476,C11H14ClN,1.07,0.01,1/1
283.1081,20.88,477,C16H14N2O3,1.06,0.538,1/1
361.2741,32.52,478,C23H36O3,1,0.99,1/1
378.9846,4.47,479,C13H18Br2N2O,1.05,0.127,1/1
428.1573,3.59,480,C20H21N5O6,1.05,0.401,1/1
479.0273,28.96,481,C21H17Cl3N4OS,1.05,0.396,1/1
545.2394,8.44,482,C29H36O10,0.93,0.21,1/1
417.3371,34.31,483,C27H44O3,0.9,0.222,1/1
366.1023,3.92,484,C17H17ClFN3O3,1.04,0.381,1/1
358.1567,3.57,485,C19H20FN3O3,1.06,0.109,1/1
515.1369,31.37,486,C25H21F3N4O3S,0.94,0.534,1/1
218.0815,3.8,487,C12H11NO3,0.99,0.748,1/1
412.2713,4.18,488,C23H33N5O2,1.01,0.758,1/1
413.1977,4.27,489,C25H24N4O2,1.01,0.794,1/1
348.1599,26.5,490,C22H21NO3,1.03,0.2,1/1
521.1688,26.26,491,C27H28N4O3S2,0.97,0.336,1/1
462.1587,7.87,492,C26H24ClN3O3,1.09,0.047,1/1
367.25,3.87,493,C22H30N4O,1.04,0.537,1/1
430.1702,30.22,494,C24H23N5OS,1.01,0.781,1/1
285.1059,17.54,495,C16H16N2OS,0.99,0.881,1/1
331.0574,25.69,496,C16H14N2O2S2,0.95,0.218,1/1
263.0819,13.48,497,C16H10N2O2,1.07,0.595,1/1
323.1031,13.3,498,C18H14N2O4,1.05,0.355,1/1
411.1757,4.97,499,C18H21F3N6O2,1.3,0.023,1/1
600.1922,31.52,500,C31H29N5O6S,0.9,0.209,1/1
394.2354,8.96,501,C21H27N7O,0.96,0.483,1/1
361.0511,27.44,502,C18H14Cl2N2O2,0.91,0.361,1/1
353.1138,27.39,503,C19H16N2O5,0.97,0.686,1/1
326.1424,9.89,504,C19H20ClN3,0.76,0.009,1/1
342.1818,13.46,505,C19H23N3O3,1.05,0.44,1/1
521.2669,31.39,506,C31H32N6O2,0.86,0.048,1/1
455.2485,21.4,507,C25H34N4O2S,1.11,0.323,1/1
309.0905,31.27,508,C17H13ClN4,1.11,0.133,1/1
451.1527,12.78,509,C23H27ClO7,1.04,0.712,1/1
356.0036,25.83,510,C16H10BrN3O2,1.07,0.239,1/1
499.2245,3.8,511,C23H30N8O3S,0.98,0.731,1/1
555.0217,31.74,512,C22H21Cl2IN4O,0.92,0.138,1/1
397.2353,4.38,513,C21H28N6O2,0.9,0.01,1/1
427.0565,13.39,514,C18H17Cl2FN4OS,1.01,0.889,1/1
449.1876,26.3,515,C22H24N8OS,1.17,0.06,1/1
472.2313,3.51,516,C22H29N7O5,1.02,0.747,1/1
325.1778,5.96,517,C19H26O3,1.13,0.007,1/1
402.148,8.24,518,C21H16FN7O,0.97,0.267,1/1
417.1676,7.23,519,C22H20N6O3,0.94,0.27,1/1
341.1516,3.37,520,C20H16N6,0.99,0.837,1/1
346.1366,25.73,521,C18H17F2N3O2,0.94,0.167,1/1
555.1401,15.78,522,C30H27BrN4O2,1.03,0.645,1/1
373.1527,3.73,523,C19H16N8O,1.05,0.422,1/1
458.1654,8.44,524,C25H23N5O2S,1.01,0.93,1/1
419.0735,28.31,525,C19H18N2O5S2,0.95,0.483,1/1
306.0312,7.81,526,C13H9Cl2N5,1.1,0.101,1/1
336.1349,5.82,527,C19H17N3O3,0.86,0.123,1/1
464.1764,9.38,528,C24H25N5O3S,0.95,0.286,1/1
508.2468,4.39,529,C29H29N7O2,0.99,0.938,1/1
349.1353,8.11,530,C21H17FN2O2,0.82,0.209,1/1
444.2405,7.26,531,C26H29N5O2,1.09,0.031,1/1
455.1126,12.79,532,C22H19ClN4O5,1.1,0.033,1/1
462.3714,31.72,533,C25H52NO4P,1.03,0.866,1/1
330.1717,14.35,534,C20H19N5,1.01,0.885,1/1
332.168,32.18,535,C18H25NO3Si,0.94,0.394,1/1
426.1931,3.93,536,C25H23N5O2,0.99,0.685,1/1
482.0828,29.68,537,C21H18F3N3O3S2,0.91,0.297,1/1
569.2878,19.24,538,C32H36N6O4,0.99,0.872,1/1
285.1037,14.47,539,C16H13FN2O2,0.96,0.664,1/1
408.021,9.1,540,C16H14IN3O2,1.28,0.003,1/1
282.1241,4.67,541,C16H15N3O2,1.17,0.044,1/1
240.1709,14.83,542,C12H21N3O2,0.94,0.473,1/1
440.1114,31.29,543,C24H16F3NO4,0.94,0.656,1/1
358.0847,30.53,544,C19H16ClNO4,0.99,0.866,1/1
391.157,4.26,545,C22H19FN4O2,1,0.971,1/1
451.1196,27.64,546,C22H24Cl2N2O4,0.95,0.545,1/1
341.209,6.14,547,C18H24N6O,1.1,0.003,1/1
182.0638,5.49,548,C9H11NOS,0.96,0.598,1/1
298.119,3.84,549,C16H15N3O3,1.11,0.056,1/1
478.2096,24.14,550,C25H27N5O5,1,0.941,1/1
237.1026,11.01,551,C15H12N2O,1.01,0.871,1/1
530.1312,28.9,552,C29H24ClN3O3S,0.92,0.1,1/1
497.2805,31.64,553,C32H36N2O3,0.95,0.416,1/1
338.1651,3.51,554,C15H23N5O2S,1.08,0.26,1/1
341.1074,5.46,555,C17H16N4O2S,1.13,0.048,1/1
307.0461,27.02,556,C15H14O3S2,0.94,0.354,1/1
457.1769,27.46,557,C27H24N2O5,0.93,0.552,1/1
308.1284,16.44,558,C19H17NO3,0.86,0.147,1/1
516.1956,9.27,559,C24H30ClN7O2S,0.77,0.023,1/1
235.0539,12.7,560,C11H10N2O2S,0.99,0.938,1/1
461.2417,12.5,561,C24H28N8O2,1.07,0.406,1/1
391.0094,20.82,562,C17H12BrFN2O3,0.98,0.857,1/1
566.2912,25.53,563,C34H36FN5O2,0.78,0.005,1/1
514.1702,6.46,564,C23H27N7O3S2,1.06,0.027,1/1
447.2248,21.31,565,C22H30N4O6,1,0.942,1/1
455.0601,31.37,566,C18H13ClF6N2O3,0.92,0.492,1/1
391.1858,4.57,567,C19H21F3N6,0.89,0.125,1/1
504.9956,31.7,568,C22H20Br2N2O2,0.94,0.591,1/1
385.214,10.33,569,C23H24N6,0.93,0.275,1/1
372.102,4.93,570,C18H17N3O4S,0.95,0.322,1/1
370.2129,14.09,571,C21H27N3O3,0.91,0.17,1/1
487.1672,4.03,572,C25H28Cl2N4O2,0.9,0.173,1/1
360.0348,7.89,573,C16H14BrN3O2,1.08,0.026,1/1
363.1621,21.93,574,C21H19FN4O,0.96,0.344,1/1
429.1478,17.54,575,C23H17FN6O2,0.97,0.732,1/1
446.1722,5.56,576,C21H19F4N7,1.07,0.277,1/1
318.1131,21.45,577,C20H15NO3,0.97,0.658,1/1
275.108,3.54,578,C13H20Cl2N2,0.96,0.228,1/1
348.153,13.39,579,C20H23ClFNO,1.01,0.929,1/1
344.1876,4.75,580,C21H21N5,1.04,0.449,1/1
378.1078,4.06,581,C21H16FN3OS,1.06,0.273,1/1
384.1131,7.92,582,C18H17N5O3S,1.23,0.002,1/1
324.0671,29.25,583,C16H12F3NOS,0.93,0.593,1/1
252.1023,25.51,584,C16H13NO2,0.91,0.112,1/1
334.0759,6.84,585,C16H13ClFN3O2,0.64,0.001,1/2
465.2192,5.58,586,C23H28N8OS,0.71,0.001,1/1
376.1574,22.13,587,C21H18FN5O,1.06,0.211,1/1
483.2316,32.48,588,C26H34N2O5Si,0.99,0.838,1/1
376.0887,3.78,589,C15H18BrN7,0.99,0.65,1/1
283.0306,26.15,590,C12H11ClN2O2S,1.03,0.221,1/1
254.118,32.11,591,C16H15NO2,1.27,0.197,1/1
449.1692,29.15,592,C23H23F3N2O4,0.95,0.4,1/1
315.1142,14.61,593,C17H15FN2O3,1.03,0.536,1/1
532.2739,20.04,594,C32H38ClN3O2,1.07,0.508,1/1
493.9543,26.94,595,C19H15Br2N3O3,0.97,0.433,1/1
336.171,7.3,596,C20H21N3O2,1.01,0.859,1/1
356.122,31.09,597,C16H16F3N3O3,0.91,0.298,1/1
410.1935,32.46,598,C20H31N3O2S2,0.96,0.659,1/1
315.1343,4.29,599,C17H18N2O4,0.99,0.726,1/1
434.2195,15.32,600,C24H27N5O3,0.99,0.906,1/1
372.127,27.31,601,C20H21NO4S,0.84,0.045,1/1
283.1808,10.22,602,C18H22N2O,0.83,0.012,1/1
325.9712,5.47,603,C10H8BrN5OS,1.01,0.788,1/1
463.9745,29.84,604,C18H15Cl4N3OS,0.91,0.151,1/1
366.0647,16.14,605,C16H15NO7S,0.94,0.679,1/1
321.048,10.74,606,C13H12N4O2S2,0.82,0.017,1/1
425.1172,12.98,607,C22H20N2O5S,1.01,0.853,1/1
299.1029,23.11,608,C16H14N2O4,0.98,0.685,1/1
486.1712,4.75,609,C24H25ClFN5O3,1.01,0.932,1/1
508.1386,6.3,610,C21H20F3N7O3S,1.02,0.51,1/1
431.2563,5.14,611,C25H30N6O,1.12,0.22,1/1
451.215,10.79,612,C25H27FN4O3,1.05,0.531,1/1
441.038,8.75,613,C17H15BrF2N4O3,1.05,0.134,1/1
332.2011,13.71,614,C23H25NO,0.71,0.023,1/1
282.1127,11.5,615,C17H15NO3,0.98,0.833,1/1
792.491,31.55,616,C43H69NO12,1.02,0.886,1/1
399.1458,4.63,617,C23H18N4O3,0.98,0.618,1/1
352.1411,3.73,618,C18H17N5O3,1.03,0.606,1/1
235.1015,5.32,619,C11H14N4S,0.71,0.095,1/1
470.133,15.75,620,C24H18F3N3O4,1.01,0.868,1/1
370.167,3.42,621,C22H19N5O,0.94,0.174,1/1
372.1496,3.99,622,C18H21N5O2S,1.14,0.105,1/1
432.1065,4.88,623,C20H19ClFN5OS,1.31,0.002,1/1
320.1624,8.28,624,C17H17N7,0.99,0.757,1/1
239.118,27.62,625,C15H14N2O,1.01,0.946,1/1
470.177,14.37,626,C25H23N7OS,1.18,0.067,1/1
414.0492,23.3,627,C17H14ClF2N3O3S,0.97,0.537,1/1
309.1058,30.76,628,C18H16N2OS,0.92,0.159,1/1
393.2289,12.79,629,C23H28N4O2,1.19,0.017,1/1
359.1477,28.24,630,C19H20N4O2,1.01,0.774,1/1
442.123,20.99,631,C19H18F3N3O6,1.07,0.315,1/1
467.0676,27.88,632,C22H18N4O2S3,0.85,0.026,1/1
520.2235,12.83,633,C27H30ClN7O2,1.08,0.319,1/1
487.1896,4.61,634,C24H25F3N6S,1.05,0.31,1/1
366.139,26.69,635,C19H19N5OS,1.1,0.046,1/1
473.1112,28.71,636,C25H20N4O2S2,0.92,0.02,1/1
335.1119,20.4,637,C16H13F3N4O,0.98,0.743,1/1
299.0829,12.81,638,C14H16N2O2S,1.78,0.004,2/1
355.2246,9.21,639,C19H26N6O,1.08,0.217,1/1
306.1353,6.52,640,C17H15N5O,1,0.945,1/1
419.2447,6.5,641,C25H30N4O2,0.89,0.001,1/1
429.0825,5.28,642,C17H21ClN4O3S2,1.11,0.043,1/1
365.2204,3.29,643,C19H24N8,1.13,0.035,1/1
570.2449,13.27,644,C28H30F3N7O3,1.14,0.082,1/1
511.1598,27.09,645,C26H21F3N4O4,1.17,0.003,1/1
538.1702,13.49,646,C25H27N7O3S2,1.08,0.038,1/1
380.1434,14.76,647,C21H21N3O2S,0.97,0.701,1/1
279.1707,9.41,648,C15H22N2O3,0.72,0,1/1
614.269,9.04,649,C30H40ClN7O3S,0.95,0.37,1/1
440.0284,20.95,650,C17H18BrN3O4S,1,0.99,1/1
569.2495,13.46,651,C29H31F3N6O3,1.18,0.006,1/1
348.057,27.84,652,C14H7F6N3O,0.96,0.577,1/1
316.0853,7.18,653,C16H14ClN3O2,1.03,0.085,1/1
403.09,5.72,654,C18H18N4O3S2,1.03,0.632,1/1
446.1979,6.61,655,C20H27N7O3S,1.21,0,1/1
406.1337,31.98,656,C21H19N5O2S,0.98,0.735,1/1
416.1723,6.35,657,C23H21N5O3,1.08,0.008,1/1
377.0728,27.67,658,C18H17ClN2O3S,1.01,0.902,1/1
384.0841,24.47,659,C19H17N3O2S2,1.06,0.016,1/1
580.2931,28.08,660,C34H37N5O4,0.92,0.163,1/1
400.1,15.36,661,C19H18ClN5OS,0.81,0.006,1/1
383.0467,12.58,662,C20H12N2O3S,0.95,0.147,1/1
396.1724,10.08,663,C22H22FN3O3,0.99,0.819,1/1
446.1356,31.22,664,C24H19N3O6,0.91,0.177,1/1
441.2295,6.66,665,C27H28N4O2,1,0.847,1/1
461.1593,25.98,666,C26H19F3N4O,0.98,0.601,1/1
570.1933,3.66,667,C29H27N7O4S,1.03,0.436,1/1
478.9843,31.35,668,C17H14ClF2IN2O2,0.94,0.498,1/1
281.0327,18.34,669,C12H9ClN2O4,1.07,0.335,1/1
486.2623,4,670,C27H31N7O2,0.85,0.003,1/1
380.1975,3.61,671,C22H25N3O3,1.09,0.039,1/1
394.2106,5.01,672,C19H23N9O,1.01,0.617,1/1
369.1023,22.36,673,C18H16N4O3S,1.03,0.67,1/1
370.188,21.35,674,C19H23N5O3,0.96,0.406,1/1
457.1914,26.62,675,C23H28N4O4S,1.04,0.015,1/1
589.3107,4.59,676,C27H40N8O7,0.99,0.771,1/1
249.0887,3.77,677,C13H8N6,1,0.969,1/1
451.0042,30.37,678,C18H12Cl2N4O4S,0.98,0.752,1/1
545.9497,31.3,679,C22H15Br2N3O4,1.03,0.877,1/1
636.4969,3.34,680,C37H61N7O2,0.57,0.006,1/2
497.2482,31.7,681,C28H36N2O4S,0.92,0.278,1/1
424.1695,16.31,682,C23H25N3O3S,1.02,0.71,1/1
462.2169,22.25,683,C23H24FN9O,1.11,0.439,1/1
333.1702,32.18,684,C20H20N4O,0.95,0.435,1/1
443.0504,31.09,685,C21H16Cl2N4OS,0.9,0.001,1/1
522.1602,23.31,686,C29H23N5O3S,1.05,0.188,1/1
382.1992,3.38,687,C19H23N7O2,0.97,0.713,1/1
538.3246,16.84,688,C26H43N5O7,0.78,0,1/1
299.0796,13.89,689,C17H12N2O2,0.82,0,1/1
397.132,13.36,690,C22H21ClN2O3,0.99,0.86,1/1
150.0777,0.57,691,C6H7N5,1.02,0.591,1/1
415.2749,18.8,692,C28H34N2O,1.04,0.591,1/1
224.0063,5.35,693,C7H5N5S2,0.97,0.669,1/1
234.124,0.58,694,C12H15N3O2,1.01,0.888,1/1
466.2348,7.59,695,C26H31N3O5,1.13,0.002,1/1
506.1106,16.37,696,C25H17F2N5O3S,1.11,0.038,1/1
291.1607,0.58,697,C18H18N4,0.91,0.026,1/1
466.2458,8.64,698,C25H31N5O4,0.99,0.254,1/1
280.0852,6.77,699,C13H14ClN3O2,0.84,0.026,1/1
312.0918,5.67,700,C15H13N5OS,1.01,0.839,1/1
405.2655,3.33,701,C25H32N4O,1.22,0.035,1/1
581.157,6.67,702,C23H26FN6O9P,1.06,0.15,1/1
501.1618,21.99,703,C26H29ClN2O4S,0.92,0.289,1/1
371.1067,24.45,704,C19H18N2O4S,0.88,0.01,1/1
499.2284,4,705,C28H30N6OS,0.89,0.038,1/1
551.1891,3.71,706,C26H31BrN8O,0.97,0.615,1/1
513.2369,21.64,707,C29H31F3N2O3,0.79,0.119,1/1
452.1701,17.2,708,C24H20F3N5O,1.01,0.639,1/1
431.0519,10.4,709,C18H15ClN6OS2,1.02,0.803,1/1
442.0813,25.98,710,C21H20ClF2O4S,1.17,0.003,1/1
378.135,5.5,711,C15H19N7O3S,1.05,0.363,1/1
528.2506,7.75,712,C31H33N3O5,1.06,0.025,1/1
406.1855,4.34,713,C20H22F3N5O,0.84,0.029,1/1
392.2338,8.94,714,C24H29N3O2,0.94,0.27,1/1
371.0355,28.9,715,C19H12N2O2Cl2,0.96,0.717,1/1
470.1877,11.35,716,C23H25ClFN7O,1.07,0.119,1/1
321.0986,3.81,717,C15H14F2N4S,1.01,0.823,1/1
285.0808,3.27,718,C14H12N4OS,1.27,0.026,1/1
433.0725,31.36,719,C21H18Cl2N2O4,0.95,0.611,1/1
464.2778,3.6,720,C25H33N7O2,1.03,0.623,1/1
521.1309,11.18,721,C25H25BrN6O2,1.07,0.31,1/1
338.178,5.8,722,C19H20FN5,0.98,0.707,1/1
272.0349,14.94,723,C9H7ClFN5O2,1.07,0.488,1/1
491.106,12.97,724,C23H21Cl2FN4O3,1.02,0.721,1/1
486.0967,7.69,725,C20H17Cl2N9O2,0.95,0.047,1/1
439.2235,30.56,726,C25H30N2O5,0.99,0.79,1/1
376.1631,9.44,727,C18H25N5S2,0.86,0.127,1/1
383.1757,28.06,728,C25H22N2O2,0.95,0.302,1/1
533.228,18.22,729,C29H27F3N6O,1.27,0.004,1/1
524.3355,13.29,730,C28H41N7O3,0.92,0.252,1/1
313.1746,4.9,731,C19H24N2S,0.95,0.17,1/1
407.2218,0.58,732,C18H34N2O6S,0.26,0,1/4
278.1907,12.33,733,C20H23N,0.55,0,1/2
416.2801,14.58,734,C25H37NO4,0.92,0.142,1/1
368.1742,0.58,735,C18H26ClN3O3,1.26,0.266,1/1
422.177,5.95,736,C25H24FNO4,0.92,0.018,1/1
316.1774,0.58,737,C16H21N5O2,1,0.999,1/1
256.0972,3.73,738,C15H13NO3,1.09,0.109,1/1
348.146,3.29,739,C19H17N5O2,1.03,0.755,1/1
292.1118,3.28,740,C14H17N3O2S,2.31,0.001,2/1
502.2373,15.01,741,C27H31N7OS,0.94,0.477,1/1
367.1673,10.07,742,C22H18N6,1.09,0.359,1/1
475.1151,20.59,743,C22H24BrFN4O2,0.91,0.017,1/1
282.1605,11.02,744,C17H19N3O,0.99,0.969,1/1
329.1535,3.33,745,C15H24N2O4S,0.96,0.599,1/1
415.212,22.6,746,C24H30O6,0.9,0.076,1/1
415.212,11.56,747,C24H30O6,0.93,0.451,1/1
371.1068,23.35,748,C19H18N2O4S,0.95,0.059,1/1
847.4477,26.96,749,C46H62N4O11,1.11,0.072,1/1
296.1843,5.2,750,C16H25NO4,0.93,0.184,1/1
304.2024,3.28,751,C17H25N3O2,0.91,0.155,1/1
379.1652,27.6,752,C22H22N2O4,1.03,0.637,1/1
390.1563,16.01,753,C18H20FN5O4,1.14,0.131,1/1
245.1401,3.27,754,C13H16N4O,0.84,0.029,1/1
245.14,4.66,755,C13H16N4O,1.11,0.067,1/1
200.1108,0.58,756,C10H17NOS,0.98,0.587,1/1
461.1615,27.86,757,C21H30Cl2N2O5,0.89,0.124,1/1
359.2447,3.26,758,C20H30N4O2,1.75,0.002,2/1
302.1755,0.58,759,C18H23NO3,1.01,0.84,1/1
328.1582,0.58,760,C16H25NO4S,0.97,0.527,1/1
475.2462,3.92,761,C26H30N6O3,1.07,0.341,1/1
485.1903,8.42,762,C24H29ClN6OS,0.92,0.098,1/1
527.3142,8.19,763,C31H38N6O2,0.91,0.005,1/1
527.3141,9.76,764,C31H38N6O2,1.06,0.189,1/1
507.2349,4.11,765,C27H31FN6OS,0.98,0.412,1/1
334.065,4.48,766,C18H11N3O2S,1.02,0.661,1/1
310.1415,4.1,767,C15H15N7O,0.97,0.676,1/1
441.2756,10.51,768,C27H32N6,1.47,0.025,1/1
400.1474,4.08,769,C24H18FN3O2,0.23,0,1/4
258.0336,6.16,770,C12H7N3O2S,1.09,0.042,1/1
338.0868,0.58,771,C15H20BrN3O,0.99,0.79,1/1
312.171,15.34,772,C18H21N3O2,2.02,0.436,2/1
229.1339,0.58,773,C14H16N2O,1.12,0.335,1/1
296.1398,0.59,774,C17H17N3O2,1.02,0.781,1/1
374.2121,18.48,775,C25H27NO2,1.08,0.213,1/1
352.058,5.93,776,C18H13N3OS2,1.06,0.073,1/1
312.1234,20.81,777,C18H17NO4,0.92,0.618,1/1
398.1715,0.58,778,C21H23N3O5,1.01,0.897,1/1
261.1352,0.58,779,C13H16N4O2,1.17,0.409,1/1
309.1601,5.25,780,C19H20N2O2,1.14,0.116,1/1
365.1967,7.03,781,C21H24N4O2,1.07,0.108,1/1
434.1718,18.17,782,C24H23N3O5,0.98,0.761,1/1
478.0963,26.98,783,C21H15F4N5O2S,0.93,0.428,1/1
609.2975,3.9,784,C37H40N2O6,1.04,0.493,1/1
377.1609,22.12,785,C21H20N4O3,1.02,0.623,1/1
392.2588,28.63,786,C26H33NO2,0.22,0.353,1/4
469.2562,18.39,787,C28H36O6,1.18,0.168,1/1
311.1388,6.79,788,C18H18N2O3,1.02,0.756,1/1
205.0974,0.58,789,C11H12N2O2,1.05,0.425,1/1
462.1587,14.49,790,C26H24ClN3O3,1.16,0.003,1/1
338.0864,15.49,791,C14H10F3N5O2,0.97,0.717,1/1
263.0818,10.4,792,C16H10N2O2,0.84,0.098,1/1
263.0819,20.88,793,C16H10N2O2,0.25,0.172,1/4
444.1012,24.49,794,C17H11F6N7O,0.95,0.164,1/1
448.1449,5.85,795,C23H21N5O3S,1.25,0,1/1
472.2297,16.46,796,C22H29N7O5,0.42,0.001,1/2
227.1139,10.77,797,C9H14N4O3,1,0.968,1/1
237.1025,21.92,798,C15H12N2O,0.95,0.386,1/1
566.2939,7.54,799,C34H36FN5O2,0.71,0.121,1/1
513.2059,8.51,800,C28H25FN6O3,0.99,0.826,1/1
385.2121,20.96,801,C23H24N6,1.11,0.147,1/1
315.1343,9.92,802,C17H18N2O4,0.77,0.383,1/1
434.219,5.96,803,C24H27N5O3,1.02,0.464,1/1
283.1809,9.6,804,C18H22N2O,0.77,0.018,1/1
486.1712,4.06,805,C24H25ClFN5O3,0.95,0.253,1/1
408.136,19.65,806,C22H21N3O3S,1.07,0.5,1/1
408.1384,28.39,807,C22H21N3O3S,0.95,0.367,1/1
393.2272,8.96,808,C23H28N4O2,0.87,0.223,1/1
397.1758,10.07,809,C23H20N6O,1.01,0.813,1/1
397.1779,3.87,810,C23H20N6O,1.15,0.082,1/1
353.1138,25.81,811,C19H16N2O5,0.99,0.861,1/1
466.246,9.29,812,C25H31N5O4,0.91,0.156,1/1
371.1609,9.39,813,C21H26N2S2,0.88,0.014,1/1
487.187,8.42,814,C24H25F3N6S,0.94,0.255,1/1
487.1904,19.48,815,C24H25F3N6S,1.09,0.262,1/1
454.2239,10.78,816,C27H27N5O2,1.01,0.85,1/1
369.0734,24.29,817,C19H16N2O2S2,0.95,0.424,1/1
218.0816,6.54,818,C12H11NO3,1.05,0.185,1/1
380.1434,10.59,819,C21H21N3O2S,1.05,0.441,1/1
446.1356,30.08,820,C24H19N3O6,0.92,0.155,1/1
486.2621,16.36,821,C27H31N7O2,1,0.997,1/1
380.1974,16.03,822,C22H25N3O3,0.98,0.745,1/1
394.2114,12.1,823,C19H23N9O,1.02,0.596,1/1
451.0038,31.42,824,C18H12Cl2N4O4S,0.98,0.855,1/1
510.2624,7.51,825,C26H35N7O2S,0.96,0.613,1/1
510.2628,19.61,826,C26H35N7O2S,0.99,0.893,1/1
499.2258,8.77,827,C28H30N6OS,0.81,0.067,1/1
499.2258,10.91,828,C28H30N6OS,0.87,0.154,1/1
452.1686,28.82,829,C24H20F3N5O,0.91,0.127,1/1
431.0498,13.39,830,C18H15ClN6OS2,0.95,0.44,1/1
378.136,13.68,831,C15H19N7O3S,0.53,0.312,1/2
392.2339,7.05,832,C24H29N3O2,1,0.931,1/1
310.1254,7.73,833,C19H19NOS,1.06,0.204,1/1
242.1175,25.26,834,C15H15NO2,0.99,0.853,1/1
242.1179,26.45,835,C15H15NO2,1.05,0.561,1/1
484.1236,11.84,836,C24H26BrN3O3,1.01,0.899,1/1
