,mz,rt,/home/zzy/data/raw-mzml/good-mzml/TOF_test/SampleA_3-20170326-960MIX_SampleA_4.mzML,/home/zzy/data/raw-mzml/good-mzml/TOF_test/SampleA_4-20170326-960MIX_SampleA_5.mzML,/home/zzy/data/raw-mzml/good-mzml/TOF_test/20170326-960MIX_SampleA_1.mzML,/home/zzy/data/raw-mzml/good-mzml/TOF_test/20170326-960MIX_SampleA_2.mzML
1,313.1734,12.32,3000166.4801172474,3599820.198656002,1283971.6489616667,1832855.140772008
2,453.2079,15.8,3725438.2695441428,3475151.327617769,3783636.7529477994,3729207.601523291
3,495.2184,26.07,227825.07658950193,269615.4762284425,243133.86464177255,214020.0904276693
4,376.1464,12.96,1645773.776738598,2270224.6329395548,768564.4468198663,1388348.9675051237
5,531.1562,12.46,3586896.0403706552,2916641.223347565,4106675.5609537973,3985730.5047487747
6,407.2227,3.3,4954235.035210695,4167595.025056374,4730913.652847695,3941854.2669081558
7,278.1905,12.39,11905817.73429061,10319012.922821105,3637169.0443554064,5324449.660830723
8,345.2421,25.02,134240.7109444273,141510.9992430295,132377.08057828393,105017.07172411363
9,268.1907,3.94,2367114.708811619,3001113.83379967,2256552.9012351567,1725856.2303624568
10,416.9905,24.58,1626603.241850666,1758086.3651077761,276956.19009856833,553436.262584216
11,264.1749,12.18,12369799.503361896,14025386.032127403,3692219.405378554,6543845.861955933
12,320.1409,3.42,428632.8483218779,494309.45067327283,333042.2824469566,395928.1933828603
13,414.1546,5.18,3887884.4230926945,3534211.7026150445,4552645.534577276,4406470.136404934
14,270.1851,10.0,827007.1671304965,831406.7348906127,315485.21111499076,572666.3946292922
15,261.1963,6.83,487996.31284436747,238943.87172288558,463226.4004370493,661373.1188130185
16,340.1543,4.95,30469018.949358627,30019233.62094275,19490701.311439566,25956049.79302933
17,214.1088,5.53,2809024.5711149275,2884263.1011944395,2381812.9134525834,1757618.14620798
18,361.1992,8.59,71273.87370750247,87605.66637352874,73940.74927149958,84748.26024802667
19,288.2323,9.9,5376691.601431025,5231390.590746035,1767564.7269661266,2829634.783599114
20,315.2316,28.13,668594.9194621542,566797.6607591393,633029.0924399873,783685.7790869744
21,286.1914,4.3,669118.2348905914,581361.1184143665,608604.5622048201,772254.8629693922
22,249.0903,4.99,2515669.1894978187,2412337.4952863017,3084434.4663721453,2265354.3747779
23,277.0641,6.57,156653.5820348981,149516.83715626446,143475.34202586606,117392.36786665874
24,399.0755,11.84,508157.8010562448,557283.9984693291,168099.89703831897,275456.85573745496
25,371.1612,18.84,6941424.713203807,9988317.197950637,158194.596490397,1691517.4191240494
26,317.1642,3.75,4375921.145239895,3969826.2721304037,4030591.450338246,4099133.903423041
27,408.1716,17.0,3897880.715341401,3981444.7106983634,3611928.518972947,3594006.723568944
28,302.248,11.24,16230376.184410606,17019600.034683827,4890634.309780281,8978899.33337878
29,256.1808,4.2,317809.2624239696,254433.74504191036,313558.72003687447,243680.58854233052
30,279.1856,5.1,8565046.453049364,7457357.265800526,9479580.23216517,8710042.829528362
31,245.2014,9.47,1184879.6023490077,1531227.0248317947,15795.279936114315,89653.79620340579
32,180.1017,5.91,3892352.1198399505,3763724.2545796284,4420832.769591313,3961269.0301177837
33,355.2015,4.36,1298824.1859558232,1278498.162526207,1550735.4262070889,1222642.341243242
34,337.2121,3.78,17174580.55153898,18674227.21530542,15451124.183390487,19944779.257436585
35,310.1261,5.6,3076442.2163192327,2902147.57008581,2861985.0959459757,2236424.20510485
36,327.1369,5.25,1505614.42056463,860671.1450617169,2003800.4097070075,2452849.0987807494
37,384.144,4.18,10535295.348233117,11028098.293326108,8441205.561955174,8086542.568187212
38,235.1802,3.57,1932284.3545011492,1627500.380613387,2203075.684706873,2138437.512908166
39,195.0917,3.52,3681781.6204352425,3766081.512844708,3047716.9722405653,2490832.4839512547
40,438.182,15.81,13785864.048557172,11302571.29161289,14796147.674805146,14467875.219820874
41,361.1199,31.6,217948.71812440292,170088.08911788365,168095.7968006592,227673.96860529383
42,242.1175,25.46,84229.342478549,72640.96973267088,73530.79006720423,91714.12568704491
43,430.2586,12.39,4998763.618911813,5086702.316567351,2062118.0328739844,2984354.305615888
44,180.1747,5.24,866208.3916689073,1167498.673687735,270824.01141915936,435963.1737527957
45,484.1226,14.09,331483.9274180898,430320.3950507004,67199.03863310059,128863.61164830226
46,480.2131,12.8,4428993.953181501,5174678.890288694,133938.69883070834,491314.93511393375
47,254.1539,5.32,9582100.699703986,9440418.402129265,8209958.782926314,7317787.522494324
48,285.0206,4.68,275964.1229580659,244841.76447285622,264876.483343427,270557.4739584195
49,311.0809,7.22,5082157.88840159,5034769.210103328,4982377.79441855,5116862.473231749
50,397.0093,22.58,245702.42615769943,290992.8485940834,927.7476502332265,9427.44827715065
51,338.2514,25.45,5702842.921236945,4598742.606849591,43897.60685587945,460914.30305642064
52,377.2109,31.56,977838.3500876673,1029149.3317012078,1220431.371441315,1052862.6722726068
53,381.0322,21.68,436233.3198722968,524454.596962344,13892.292352311695,73432.75399775228
54,312.1378,16.24,2043029.18090737,2036478.6167676412,1837115.5090471443,1752446.094614288
55,404.0368,5.23,185010.00047404357,193743.5363819835,203185.29226478143,187240.43393435463
56,354.2429,20.1,6515879.63699745,6803850.477849244,20603.248344989046,128145.72166788197
57,324.196,10.55,10325823.209350081,11986104.472795315,3533444.889236722,6606568.826139422
58,607.3224,31.18,55207.01529734688,48753.06522546886,40663.35925800605,11334.106922386974
59,470.2307,16.48,1083078.7143318863,1759591.4026707322,3645.553121452309,19760.304825307205
60,427.2136,4.62,442537.84587490495,388814.9256529426,458770.7591163411,411155.83932914597
61,349.2121,3.64,1755146.7913956854,1728699.3100546747,1584064.1860848868,1501839.6150330473
62,400.1475,4.07,1431399.9013578775,1216807.3592631477,1204292.7457942409,1171742.3676799908
63,296.1469,11.69,4749302.400527124,4662390.017137591,1697361.0663679275,3758524.241519007
64,318.2793,21.44,6913041.434803282,11310928.337125016,217344.99013768198,905052.9819043754
65,442.2221,17.92,634308.3708204477,621672.7276478953,631224.6950837374,646763.3767798339
66,914.5269,31.72,3819657.082104197,4944219.544492845,3742836.7494926797,1769653.2650656067
67,294.069,27.23,195136.47128042296,205898.2921772315,187837.96282524947,139330.61298372253
68,266.1653,6.48,1526006.1014389782,1094441.4219418233,1422297.7521794704,1697692.9432433085
69,345.1807,3.94,1096659.9809049843,1023726.7651398336,895993.323328476,1288043.4402023857
70,383.2803,5.33,10992.900256224828,10342.371440543038,16.64028398126041,100.31026689130994
71,383.2789,31.12,26429.170140097238,18087.061746028176,20091.606882899025,18519.976373658075
72,333.1403,0.64,74923.09848018014,72089.63129630263,98591.2943989934,95966.42377727872
73,416.2774,18.99,5090124.347540523,4152747.3443287876,3910061.403979216,3955518.6810486475
74,346.1019,5.3,111009.3358039973,104666.01621674372,58238.95523841775,47061.52951775205
75,411.1975,12.3,536290.4859585261,553822.4623766475,557647.8485576601,532085.4120555869
76,325.2163,25.66,2215191.0219856994,2294502.5800565933,1980265.361325352,2201440.327036278
77,1019.4478,4.46,44132.78263012845,37351.9911581171,12403.46046442748,13717.76235678729
78,435.0565,29.5,4844067.03530245,4520022.734519983,4915305.896015467,5129356.787087496
79,364.0948,26.56,4866801.733743541,4172281.9435468186,5567026.527027714,7002105.385757012
80,214.071,0.67,5814.104781635336,4432.013027585158,6465.129594356196,4932.089150032165
81,201.1385,5.12,160286.03526334724,156143.4749506664,165831.15385386383,174661.760101602
82,469.2698,5.36,9981077.67350899,8773563.361008774,9856449.037402548,9251349.400705673
83,312.1959,13.1,3249431.3935262575,4100424.373584788,2972341.7784897303,3830244.922275153
84,239.0743,15.17,891002.9832312302,1026336.3005539227,951155.9532896294,1086929.6678292053
85,307.2267,17.53,1617738.2385766662,1625982.413490528,1234871.9122542266,1439813.9975213974
86,325.1546,4.29,1417310.7196140073,1378084.1940271817,1293873.1770556974,895939.2352759882
87,329.2172,3.37,4962041.561328446,4475218.251108272,1932809.724876433,2750439.908541131
88,471.264,12.3,1035076.2042234121,888463.7681688931,36347.45153237393,146956.2953359346
89,612.307,25.49,24481664.994014747,22907281.834881194,26730256.162768506,23773527.302814864
90,337.2176,13.04,3394969.301617648,4650315.173342662,3853601.0574814933,4192337.9812822035
91,368.1737,3.71,3165640.2481349222,3476274.8342329813,3252100.293261026,2212556.895089525
92,422.176,6.05,530822.9626501435,515246.07859567244,418052.46945093304,420865.7575645165
93,441.2419,8.4,14227806.268648108,14531081.378155002,9608621.323750548,11656643.365665495
94,258.1127,16.84,230954.90833525092,215820.25009863274,276018.35795349895,218352.71116481317
95,316.1766,3.28,719904.055128861,1007231.2530960322,932819.6662004404,505404.51098307787
96,222.1854,4.09,7686903.050814869,6442478.292027047,8067812.634535248,10213094.927463423
97,836.3853,30.08,674025.5326380436,578450.37077185,132421.63946493642,151046.47575510928
98,308.1756,3.71,865602.0886832896,832718.6869777114,992890.7527002557,830397.57175776
99,542.3112,32.2,1920749.5488461824,1969298.8056302215,1774745.9377034525,2317753.8396183597
100,556.3274,32.61,9375295.380292993,8464142.32328713,5133913.225143187,7727495.651445608
101,438.1702,6.2,2492639.514104004,2440550.513288734,954623.3807757115,1111755.026767396
102,256.0969,15.53,721124.0908429475,738741.3327960419,724080.8028580298,774187.0889161127
103,278.1214,24.24,1244403.024833222,1723591.5118591783,26265.753850153524,123382.72016331826
104,335.1502,4.46,3670740.910020957,3339695.738806381,2747851.0322182504,2992157.259045234
105,694.2863,25.95,11760080.909554867,12038318.523292642,8860658.638669936,13233775.544727566
106,328.1908,6.34,7730335.688897245,8100203.3472805135,7221349.49014667,7578463.381804442
107,247.1803,4.88,1318779.564451965,1459633.6626299312,613257.1297002255,996647.4996972026
108,168.1742,3.63,262610.9745191007,267706.8733041399,280201.85846830206,243146.2813315029
109,348.1453,3.23,374843.5431896172,297175.8902956693,297613.08240795403,199620.3119426804
110,292.1114,3.22,201464.26079750218,193637.0930073456,172161.26304058402,166981.87605247018
111,502.2384,23.18,4531608.045077429,3999968.119151503,1263824.310360689,2436302.8575269077
112,632.2532,31.15,10964638.439371113,11903203.344491094,8886541.795515442,9943797.242959261
113,548.2423,22.09,1999361.9796541359,1955405.678517227,2118162.722633526,2266996.248929931
114,557.2059,4.72,7451.164555678637,6576.813537954447,1443.5786140342311,4705.1960765916265
115,484.1858,8.47,8098668.242818646,7927662.202033844,6498582.19881601,7109281.28246875
116,451.2005,7.81,654978.9322657355,568145.3317883889,60357.33044930326,182699.34498582553
117,470.3052,27.72,10029842.311840065,13915306.08508203,19750.873117516618,101937.67789125933
118,449.1626,25.82,1826620.5663866042,1982754.679919498,2034345.0468807889,2024637.3802733147
119,349.1835,4.82,4908347.878949495,4178757.6948667727,3290488.801781839,4824025.598809779
120,420.1363,13.86,4015880.690660942,4313871.3901771065,3481226.5259957793,4097860.3078708276
121,367.1666,11.04,4201537.323877023,4332113.697164982,3940244.6318720286,3880687.0480037876
122,355.1022,3.34,32605.991426779747,29376.13029672803,18692.899719311208,19342.804749489107
123,311.2005,21.85,1174148.8682660088,1482452.379616145,1336009.0232551477,1951642.0996339903
124,295.1806,5.19,5916625.281254617,4802717.205399092,6360011.85141946,5108731.42870174
125,517.3534,30.95,35560.69307409422,33297.715137901294,28323.610689137957,24134.37065793204
126,289.1215,25.35,2253049.270677721,2246490.831390591,2355244.289453393,2030426.231329643
127,269.105,3.56,1070785.5876512225,1009269.6602821497,974848.1296110227,920547.2728731533
128,342.1695,3.32,1021250.4409901053,1001898.6011756898,557324.5263028143,794879.0321668123
129,231.1493,24.21,4744348.049653237,4617818.59655858,4752911.612890176,4536608.108787225
130,325.1712,8.43,11874943.928682119,11999535.505978318,4576711.537037345,7837782.086899595
131,528.186,10.47,192890.88598220798,174685.46713362337,22464.793255755292,57256.57358508995
132,475.1137,4.26,853130.9319108966,581014.2093263697,820002.1699183122,800062.8514770421
133,172.119,0.58,267225.9838941134,258401.48935026984,238728.87693095484,264864.44695871905
134,432.1946,3.62,67870.26433777611,74937.48406436644,48174.93963928097,48665.8589264234
135,387.2532,28.98,4489816.469364027,4852647.89190657,4780267.737800417,4713173.2524847295
136,255.1128,10.47,756457.8669713137,708639.9088445359,704791.4536024872,792900.9852533918
137,282.1603,5.24,6523557.736048168,6437106.51979586,3978354.5697630784,4121763.6342981583
138,329.1532,3.27,15357409.442751214,15087748.761628304,12266917.430036565,13364732.384567894
139,242.0803,0.6,497989.65351746656,532278.9596777288,502959.0683162976,755764.4608885474
140,375.1836,12.34,9506436.568394382,8078651.079257063,4632631.225906581,6676519.322354508
141,315.0722,11.99,76223.53728788401,83050.64031172532,60362.59668894239,67769.50432510997
142,433.2145,6.07,1435574.7314002633,1429430.8954208735,1238159.2718963197,1256581.924511474
143,206.1399,3.71,3461049.7741529923,3177574.220380463,3665253.4858520757,3676029.6643869933
144,288.1593,0.59,383274.2570707605,381686.1302038769,211077.04672022705,414388.6138006401
145,415.2118,22.78,1150619.7447849575,1171631.1874069036,1224282.4961521057,1191868.5111701502
146,403.0424,27.42,2878557.076802909,3070915.599803425,2843991.994781061,2714337.880878407
147,455.1755,27.82,2071676.9233622507,2199291.979805444,2572505.665666024,1853820.2376598706
148,406.2084,3.76,812476.1296307419,828559.564095865,678192.9978263362,800248.3918828451
149,352.212,14.42,3520204.732504476,4527213.0069672335,545420.1282590677,1849537.1323235445
150,510.1568,13.19,474071.0107124046,483649.54434355965,63424.26683360441,127499.15138649281
151,441.2036,21.57,6361470.55862663,10473244.42309984,247630.5029886267,789449.7603926691
152,319.0745,8.24,436166.9184601195,426113.6775857582,505333.8816826922,485327.2866216961
153,845.4821,11.47,522473.22090604686,441205.7921753388,364563.22096370894,417507.7040077227
154,535.1577,28.13,6802411.641632743,5418062.037189383,5965642.4606906185,6046600.290580669
155,540.2607,12.55,12610971.68276666,10146426.734155182,10872584.833975818,11200095.7832406
156,615.1235,24.23,14316.388282544403,15119.166180451071,9423.889936216412,9347.460692040839
157,448.2452,4.7,1422024.6638688338,1540055.4315621099,1633671.1788509362,1386482.1885361534
158,445.1463,9.27,881653.3553335452,1089356.9368976036,381938.73529843637,684466.165948296
159,289.2276,5.56,9694504.023812545,9465881.954423882,9820354.227741314,9384213.101422071
160,371.1062,24.73,2688850.821719014,2829051.07793754,2750838.7162351906,2779594.8856133595
161,483.0844,29.61,8393319.069904849,7070307.760220681,6988757.673970381,8180851.766256444
162,1270.4467,26.22,163855.61227564994,228294.200234988,135497.1220044842,131632.01549385543
163,720.4335,24.74,9523527.086082436,9376810.500020575,5457062.887255628,5974865.590398904
164,564.3079,31.29,253968.71500472122,223850.84892515832,225699.3250024999,257471.9388132271
165,412.1917,26.95,533142.5359875825,456353.19001511007,389275.8707320755,440443.2936973217
166,847.4493,22.47,3356748.8924691477,3839793.504349437,116366.53617062632,450591.9265022981
167,294.1646,4.51,371728.416063367,356046.95364849706,361676.3766350065,304233.05231788097
168,329.1328,31.56,16279397.611339008,11384447.581549015,13615374.484897684,12957150.361220034
169,296.1858,4.41,6989355.452895579,6445145.058021081,7270174.176480637,7078759.773630228
170,221.1109,3.86,2477020.870695603,2202222.752404583,2857095.6071081944,2597511.087095556
171,304.2008,3.2,346760.14797919785,307988.06653875625,229318.0838624466,222352.2186678918
172,496.2416,4.53,1186625.2189595578,1134790.2989478144,1000841.6866713897,1040525.0330606338
173,379.1639,27.68,866993.1165026772,653349.3536696484,852050.8791972772,1091014.0366979407
174,390.1576,4.43,235506.54882191215,180586.66500468712,314291.03672692523,257050.07372642594
175,391.1471,3.27,244527.92652252084,250015.13499982236,219647.51513666983,224463.42540454023
176,285.0669,24.8,577420.4551730778,537183.2595944612,629305.8552134689,532499.3031340329
177,371.1259,8.02,745131.7894071639,835464.5737419861,631312.4894657838,906276.7907165994
178,308.2586,24.7,1212185.1996702887,1419076.6035193517,278.4372342862411,4079.5315803240146
179,376.1451,12.96,11164444.501115536,10210681.037408255,9539733.136798196,10051684.426977677
180,451.1646,28.83,3958620.069545623,3980569.719776539,4069109.1307509826,3775727.035863835
181,227.1115,3.82,203375.22481289058,254041.13069219195,227220.59827059385,222088.48907071896
182,616.0846,27.2,488356.8461731301,576699.2069034654,682266.4108976555,555476.092607352
183,442.1883,15.58,938547.8401096109,1167364.5420994018,39793.19776109459,79628.60279243179
184,398.1978,10.95,11506303.127848934,12252971.39423218,11983069.597032906,11776571.842487395
185,267.1856,7.84,3733390.5012778533,3736970.5655832835,2203925.794765857,2305263.24830102
186,460.1975,11.39,1093199.5857532106,1268092.542535021,1256762.605040919,1288391.8353886548
187,493.2632,18.09,39748797.52074172,45503127.39346311,155667.50079462686,1349664.8411119608
188,417.1279,25.46,1325586.9666519142,1347339.1469788046,1315782.1810756458,1258673.7762852435
189,399.166,4.11,2909388.1050722008,2673447.470353286,2583384.3152874685,2199869.3660077327
190,200.1096,0.59,78611.48125293166,88169.49014938307,60107.34152800222,89061.42314336894
191,186.0911,6.22,59727.06646117948,63169.51664424501,59059.04932341468,59250.95020477593
192,316.0342,28.14,683382.8030976161,466350.90239412035,522635.960132799,517674.3362785359
193,810.4553,32.27,82412.20681965358,74122.32802678518,82684.07216178105,75978.88769585427
194,394.1395,12.83,1595941.5490125706,1289934.802678132,627263.3473806524,1181154.3880218538
195,486.2001,28.43,6296002.760689137,6732097.3054826725,1066645.2063127686,2567068.05775744
196,461.1596,27.85,933876.6206036985,827255.9159106301,902369.9641162057,974082.9526739854
197,308.1427,3.91,952462.1587844761,929048.5616973101,892488.685103897,1166129.3571650507
198,416.1626,9.45,1114465.8126648,1340744.6077005663,115517.06528700545,322098.8352367263
199,359.2441,3.18,300885.93076919473,297029.41370539286,255216.57680058293,186625.5867003021
200,351.1951,32.4,183224.54460688212,166642.42504318795,101954.20538153255,102071.29606476486
201,302.1751,3.54,420330.8320989141,429020.72193738085,475094.38211505563,378824.3066592496
202,339.2171,3.79,329320.5423720738,267603.18186635163,349318.00451336417,239523.47056168554
203,331.0429,27.45,839105.3984609052,841038.9582171803,601337.563121007,600441.7720213397
204,192.1383,13.95,11616611.919499159,13003776.888708357,12928649.489704374,13172626.205933744
205,340.3688,29.09,2716940.467042234,2822065.8726126,2703785.8929209276,2856060.963135937
206,555.2517,3.68,2561285.3082222953,2772763.650507423,2799396.785665002,2169310.195922183
207,305.1085,29.93,23103052.68952715,22235939.67845063,15767759.492067982,15562681.34420132
208,109.0756,0.55,27325.46267821929,24993.726225220795,26275.776415464865,25123.962072854432
209,204.1382,18.34,12533641.988385983,12712806.402797427,15997105.633867336,12054851.214664789
210,291.1956,32.26,417574.577760907,370228.3784937222,511952.09350079746,544250.0060774556
211,362.2113,32.22,3658357.5571271516,3444087.536861973,3020292.664486618,2323474.649838227
212,220.9531,8.85,602309.6056262876,518362.9513987802,595075.8348842055,597439.3111806522
213,279.1593,31.34,2207796.9928084933,1715137.025543037,1589960.6936585933,1301436.5503515694
214,275.212,4.36,8130216.479024611,6932518.95584043,5164834.738386073,7143748.955253366
215,428.2543,6.77,5372471.294081149,4975765.6439478565,3272897.9116585795,3986889.697232486
216,214.0993,3.57,1263445.895080599,1046754.1939594245,1327791.287986235,1190966.1676660834
217,427.1165,4.29,1448276.9737130841,1425256.631497334,1667124.3187129498,1655816.5868605855
218,347.2215,13.23,1169947.0178166097,1333889.7731849917,1229299.5714282647,1453530.111286915
219,488.1626,6.95,1393227.5656146866,1337143.8787980934,1131880.7677585715,1100027.9542914191
220,489.2277,10.47,7558625.866125311,8009012.966669993,4622584.300002523,6656595.397176938
221,478.3215,30.17,135.8825481444063,570.2024473723093,0.0,0.0
222,464.3071,0.72,7982.8522492346565,8793.791261018798,412.6038087988454,6613.185490312761
223,450.2886,33.7,32327.579975501874,43107.435304465915,40010.49522756147,39406.88334647216
224,233.0922,9.44,1182483.1303892748,1346344.782136403,1297719.956201535,1474213.4296477474
225,558.2299,22.03,4465765.4368473515,3474980.461886787,3274164.1623024386,3575919.080879259
226,417.1177,3.4,482875.8150292053,428180.38965256896,382341.1426412151,480703.28342314286
227,529.2286,30.87,8133451.480451478,6869479.267258914,8794114.016379725,7264916.683791885
228,359.1963,3.79,4333576.379487069,3562570.1128994795,4006545.83814416,3568731.379575759
229,313.177,3.39,1581725.020187358,1563824.411650923,1131956.376831413,1354892.242374281
230,330.1501,10.95,1059326.58145455,1088425.3409557599,16448.228913126735,94204.02552309632
231,433.2223,22.78,5570157.145304495,5553211.07147149,5818021.85869352,6055434.379902734
232,234.1125,11.53,656605.3988935681,610106.4675656868,672009.1971330126,827792.4179172552
233,413.1196,7.42,1411055.6276033656,1372653.549174664,558984.4487848147,744050.8396606648
234,163.0858,5.69,211114.29895377313,189494.79429781603,247176.97601406655,225371.44858578395
235,316.2018,3.44,1745944.5261423474,1831887.330191996,1385920.945513947,1223242.437649238
236,220.0968,6.85,1521944.5140505044,1757676.6343920354,1558326.0396136758,1542547.6661103356
237,223.0867,10.99,8690540.037373386,10227167.388835637,873019.697076678,1826176.345309512
238,119.0602,5.16,336155.83892252494,330710.0908356343,187982.7967570222,388691.74039416487
239,185.9774,10.96,43065.71573825294,39891.9835295357,54858.10856700306,45222.94212958993
240,226.1087,3.82,1486195.1727788409,1445959.6489330544,1567779.508813091,1465560.0753555428
241,296.2011,6.7,10674849.216295805,10342309.209259382,10275021.444536444,8464218.272507353
242,306.2068,3.2,8480.647176161812,8586.564948017802,7468.883260356204,4621.348918409837
243,425.2436,5.73,3054602.7089816052,3022575.254155621,2614510.4014804107,2629494.9776368164
244,457.2334,8.65,17132922.027525917,16581801.438364098,14041745.98462814,13251359.919141961
245,223.0755,21.21,4065999.365064251,4550767.801219727,4789724.178987078,4351783.752567684
246,433.874,3.5,606119.6829355139,619847.4036345646,503130.6223729617,408924.1673120046
247,156.1013,0.59,59900.30507076429,54836.593905010304,41314.29310669933,55910.34943276505
248,1135.377,0.97,926.0971989196262,1227.7445548436606,437.03497629887914,829.0468212236901
249,329.1942,6.34,1898390.2396137707,1254511.8157520322,1421366.758559893,1869388.7613639766
250,175.0363,31.21,119434.7833897025,133572.10941927918,142113.42655677936,103090.0448775071
251,225.091,19.11,913172.9511780373,914228.1515476626,901688.7249238718,885723.9524807815
252,189.0543,7.96,162944.4838803435,174567.93999283173,187247.93971059335,140502.0036189833
253,386.244,7.78,11254256.371352375,11186875.605529498,10448280.939082589,12394926.167366354
254,318.243,17.74,18247786.80036118,21724738.16949897,395469.4711458507,3325789.9475792935
255,325.114,3.17,75553.76681124653,73801.74996283521,81850.49555258112,68571.44073456421
256,325.1152,21.77,116.77579918400136,1932.5855187269597,0.0,0.0
257,447.0919,6.47,903198.2934168983,872500.2375798253,827794.5260496191,805000.9703240482
258,265.1909,0.59,197895.7533419272,237115.13679454132,151811.3790466146,169515.90119694377
259,249.1959,0.59,74624.02833013945,81906.48376053972,63661.66267821409,85370.69390407018
260,385.1296,4.51,445279.1442697431,466067.6213455915,434706.0625884101,297878.11789032153
261,343.1434,4.38,5205383.86374924,4622815.354472396,4452729.399382628,6015237.79107829
262,395.213,10.81,15101437.57160318,16045982.567633003,6517636.587939613,10096828.954922067
263,381.2538,12.02,6172791.047533157,5601758.492438764,5887378.061069126,5471206.151235779
264,453.261,4.83,4173109.749720128,3385018.953357621,3711566.9447658374,4550523.310679971
265,330.1272,5.39,7321300.545169058,8623504.25735751,9614702.522248888,6555497.727207736
266,347.1249,3.96,287254.8855709669,243781.66553893295,250308.37865106485,273227.8364776147
267,618.2396,7.89,1179991.0217997623,751233.8616640499,1287628.436952476,1405673.0846735425
268,501.161,22.01,28888119.55920392,37241209.2788436,550200.864333526,3103955.1142028505
269,526.2176,23.1,19257045.380921587,24680054.486638643,24103998.934116527,23931470.68817704
270,334.1664,29.61,4147723.8513881024,4093931.7048943946,3816706.4696600614,3163154.0665098205
271,330.0582,25.7,182867.37403829582,191551.14527049588,166913.16907241565,176334.48521767656
272,397.1691,6.29,365349.0127213028,340909.8231744867,335931.87331821566,393185.40132208203
273,455.0437,26.85,2792280.58114718,2734471.6025573956,3027149.459007593,3065850.789755015
274,315.1502,7.5,402224.37898734806,383592.83580268105,35914.615571094284,70407.33479425855
275,469.2459,7.16,2874085.897489965,2913550.1001759516,2848111.567531198,2561333.873424415
276,352.1818,5.17,2106758.2647989807,1968015.1001480673,2301131.008378264,1799411.8052182938
277,322.141,5.35,136.3772566020551,1010.5898481880572,58.85965730360654,63.583033886191345
278,501.2786,5.58,2174448.1847783537,1843714.9590797713,2565348.0098251626,2371042.9516110932
279,402.1926,26.33,9044053.050385216,8383921.368540424,9854930.303805163,8938089.844300825
280,287.1293,3.39,3178364.868835806,2618122.873467057,1944789.1085684465,2730197.1648716056
281,341.1524,3.42,880352.5226014622,971062.9426053629,530903.2615519852,445435.3505793035
282,481.2092,3.75,857119.0385956015,927132.6135359101,927523.1871120319,802894.1160793873
283,435.159,6.51,1801040.459390691,1748962.5811328127,1913395.6825120584,1776624.3233058504
284,444.1191,26.9,6106135.600028656,6642971.447764771,5306644.581102446,6055616.558149561
285,541.1421,21.88,3148760.9368126085,3160893.2855137377,111562.69660913655,572945.0662726626
286,479.1491,6.93,1588089.7073404675,1596255.257240298,1167952.3885618316,1432819.8808961988
287,428.2709,18.57,1025172.3991262977,2464072.2950508804,1386.1537531025742,25409.325709571272
288,546.2824,6.28,4666314.376180271,3813777.145982351,3023615.2090198817,3180553.8469329043
289,573.3429,3.92,294052.00402742287,289534.6992435878,201347.97002676676,228059.88398037915
290,435.2501,5.46,2043474.5878567377,1357597.0502907224,2464449.6224780194,2461997.585895012
291,434.1688,12.73,4565115.5475728875,4294902.889042445,2864618.826341972,3531808.1769233434
292,485.1883,5.56,2644490.2090571895,2508070.1767740347,2584436.5381612116,2248713.4515420045
293,478.1557,26.23,3740977.568152475,3696348.572336709,3912435.206357794,3729950.173895977
294,409.3322,3.53,1066109.117590973,925196.0356829108,1467625.113463509,1233512.7181752573
295,228.0342,6.04,1148343.8494107474,1301246.6999727315,314947.36932460894,407726.31757768843
296,639.3768,13.6,8514303.331479372,7788312.02006724,8615714.04890902,9475064.872745201
297,628.1011,31.91,682844.9468970123,601132.6205479966,705056.8449151338,553941.7052045027
298,342.1006,13.09,3495180.373254749,2398209.011176027,390209.664740744,846795.2309081508
299,507.2333,4.11,800599.6421010201,774793.6342371596,610803.7007763174,726560.2411736196
300,518.1647,27.73,5563199.515182429,4616935.5293116635,5529528.320225158,5736572.092758016
301,414.2865,3.83,6104903.581300142,4167087.4271643874,4971566.492698902,5207907.026199785
302,481.2919,4.64,1599896.278744435,1579846.2878208745,730230.3758442823,1096951.642522064
303,501.2331,14.91,2118363.4557840065,1905636.8300725673,15327.292141772636,62597.20066006825
304,334.0642,5.28,478287.44150758616,211982.14354191982,40818.32681938687,149335.1042509709
305,310.1414,14.76,4782211.060231561,5436156.97408056,404583.08441464184,1116676.910834704
306,448.198,14.54,5488444.926174415,5121248.406636168,3068903.962259753,4503894.425684317
307,354.1268,5.62,1723643.3359852626,1754551.4460574444,1145537.6425160656,1141852.1232668227
308,592.0988,8.33,4984322.060057014,4584406.384458059,4816553.253829521,5626107.672486053
309,401.0467,9.03,2671196.1043653106,2525496.849277783,1409933.9947313243,2435030.1983715417
310,501.2051,10.03,10547983.270823745,8631720.030100232,5675607.049607034,9238067.630400123
311,499.2504,25.26,9700015.845467785,9270580.064840043,10498455.874912813,8896368.661439594
312,376.0823,5.49,2273191.628208028,2436349.5855545173,2305008.5955998884,2081623.3233237066
313,557.0004,30.58,6856192.690751972,7431116.532609466,6758577.495793488,6238231.0615886785
314,519.1233,26.83,9548092.585944096,9094933.981182814,7618920.238603836,9396382.351725401
315,388.1055,14.63,980932.8233881275,1051951.1570897244,1033536.2598732872,832750.6111260031
316,327.012,22.3,900238.8133968576,1005632.6048090445,806219.2116255371,854671.4900698476
317,474.2288,21.77,394824.7761927722,183268.38384833175,209562.4269056138,362837.8817591761
318,434.1895,10.41,1451981.4908875574,1187208.5319821455,67987.53245977599,417093.20845247066
319,438.0883,26.18,909454.5062494294,928646.1298445615,818458.3916109785,780404.2244931154
320,227.1544,5.1,1780373.1627669707,3444053.0085745207,1017179.4953838454,1147051.8089233425
321,354.0785,17.9,146119.39591387642,153310.1114684546,165232.40813658497,183224.70241744607
322,490.1985,16.95,854091.2308163678,807113.2925281833,143588.53560981152,329296.06261243834
323,561.1949,24.44,12597542.81255835,7952374.554177835,232283.7652364578,545181.9330983594
324,500.1623,11.53,1711047.2746816936,1774268.3170209378,772733.8657348604,985651.3684091247
325,638.1752,32.33,5180303.26725704,4915976.026392167,3902708.2267680527,4369168.043050165
326,389.0899,17.63,2957784.763958028,2885816.6353510204,2720759.205833618,2662671.165729971
327,413.0807,30.76,138330.8736852188,159399.49431275163,170743.267736863,155751.09856737393
328,174.0535,5.35,87455.16911755322,94173.06479928925,77523.01995147462,59784.0263959078
329,813.2653,19.72,281577.7714866641,305093.4467101915,233816.19603321512,301445.3868047427
330,365.1609,15.51,2172385.3281634413,2199499.041067657,1999573.7149668667,1675755.3561161188
331,362.2552,3.49,3014586.1651143674,2306177.2344922763,2260738.3090505335,2676705.7012164043
332,272.9868,5.65,568590.2444710009,730441.3750858852,623643.5884760155,486385.45708134526
333,454.2596,6.43,2526437.9155207127,2154667.1441631406,2160187.4942527735,2243108.2843186026
334,463.2503,19.33,1630321.0875311182,1920418.485561292,59580.91194549254,415018.1790761978
335,283.1442,8.06,941332.7144621945,1014737.691177472,906635.919286041,1122218.300940971
336,162.0544,3.67,269019.54249300435,243437.17905888907,306492.3717631941,171497.24660076207
337,480.1019,7.77,111035.32417655227,90219.5240109553,6691.13104775859,27100.945304550332
338,370.2489,5.57,7447017.289700438,7949809.963358922,4684335.31885977,4272542.549411696
339,974.3027,25.84,43650.86579588637,45400.790103711195,97287.75031247138,77754.54360986548
340,441.2756,3.87,1884205.120908515,1714021.743647703,1627930.6929588844,1506695.3413638948
341,408.2503,10.3,2341498.3816511203,2466242.5762632145,2246224.0492243725,2405244.229508846
342,517.2253,24.41,2433714.276361143,2488459.130372422,5944.436440704262,24396.75994793312
343,418.1038,10.16,2700837.6113453615,3080626.6039723703,2137411.5841692993,2724454.814334899
344,280.0749,22.28,167404.3867220456,209527.07148452743,152638.2241421634,169800.76087320253
345,381.2761,5.34,456267.54251066997,377074.00973730127,2615.7003927641936,10267.583804928818
346,368.2077,3.85,1340932.4770869515,1213753.597643215,968544.7091463023,1247640.3793068917
347,353.1496,6.55,3914459.37118049,3571553.2568627317,3762692.331085222,4326735.420165681
348,383.1476,6.9,1985675.4495017773,2156327.964097678,1069138.6388823763,1385029.9733055804
349,380.1754,3.39,821296.9770375693,751093.3970041936,779269.4358825011,512588.4683342378
350,405.0968,8.42,3197829.972263292,2986104.9626649125,3356487.3968554544,3206935.2000261205
351,396.1663,6.29,1674085.3080660088,1445831.6783924461,1008748.1905088915,1131365.4393502548
352,251.1542,9.96,8364526.07225735,7691782.716530212,3930983.3530337852,8384087.929296788
353,545.174,31.16,3305591.679872196,4872074.491446766,2331351.6743045496,2074201.0093103482
354,376.0291,4.8,1632323.484698147,1338920.6309526544,659459.1076387279,920801.362811308
355,601.1745,31.9,913716.316759248,1243830.211519131,765116.9168546324,799906.3760473442
356,445.1455,9.27,937110.4523953359,1089356.9368976036,383915.81233841984,723177.0123479073
357,416.2221,29.49,4941540.799842812,4822364.659803134,5660371.989529225,5623379.450076856
358,443.1733,9.04,4961212.4244320905,3555570.907743402,3498537.4127559634,4529544.687731994
359,378.1611,27.68,5654135.660276217,4814631.327600854,6082662.271425741,6229781.10844936
360,284.1062,4.01,1022314.7217996592,909221.4048592469,1013758.0357920794,836108.1543860201
361,384.208,21.21,3398536.226387673,4654605.6708246805,4534063.306110136,3739017.4565757746
362,571.314,5.62,3408935.8792012706,2520628.744787848,2870858.0882136477,2985737.5410528886
363,258.0327,6.99,115619.4697604344,121909.61692016263,110264.74435671887,98610.5925962394
364,367.1266,7.7,5695719.210897692,5690721.45283303,2435633.7513593286,4096688.1776920394
365,338.0859,3.25,166024.28544417332,196807.10086658245,150125.96068221133,212638.76066353451
366,312.1707,5.07,3809.957154661916,11269.86525085615,64820.51453640393,36798.035369497855
367,114.1271,0.59,12658.883709986565,12215.353998689832,12158.028546984584,16324.00636520359
368,505.0367,3.41,24015.650653855777,24087.620928067638,18963.793662559016,33418.2994682207
369,374.2335,8.88,80978.39286745292,70367.33336497175,24729.28981971684,66535.89446201197
370,588.9687,29.81,1858727.7891467772,1702921.3213795917,1603976.2219216488,1742556.5702779843
371,473.3944,32.73,19206.7203404947,17551.496295847694,18501.917929394465,16439.183929736082
372,426.9834,18.55,795330.7011011111,1470670.2705428004,640.7777411880929,20274.27004266179
373,321.0981,3.77,1387714.4215064864,1337133.3322859497,1198497.1610249053,882228.1546853691
374,370.137,18.33,587824.0912687957,572211.3516511086,595934.7676298388,647713.3412802448
375,215.0484,2.54,48499.459405095455,52366.626651608596,38282.23206287105,42417.21768707536
376,307.1666,6.64,4087497.9015084943,4068575.6239845874,963184.580114511,2133221.2759974757
377,502.1774,16.18,42520858.66217826,45794966.57964764,10807351.949026663,29070886.216257155
378,465.094,28.93,11978646.710660787,11046589.470295701,13590717.931525707,9451376.972523876
379,445.1627,14.76,2770002.485538803,2788601.154171437,2511299.8659559386,2551903.064491599
380,245.1397,3.19,231154.68597950222,292448.67411144817,276559.39830664604,158203.73547399486
381,393.2176,9.69,2850310.970916891,2853236.6651955945,1280852.0699567585,2192815.9386780965
382,393.2172,30.26,442416.0680622999,471406.33099363925,429719.86320645973,409503.581819071
383,299.1578,16.78,19065599.101807635,17670045.619063485,2337365.9769752505,6031971.283362738
384,463.0855,31.45,15150063.812385198,17536498.520538986,14097742.923112817,13530358.52202928
385,445.1618,14.76,2785934.8058453538,2787501.680166144,2534000.1875919295,2551903.064491599
386,475.2451,8.93,4460854.573942367,4794516.760715231,3320569.662904064,4271988.568201567
387,527.3123,8.33,287208.14993052516,210444.28494040773,216664.83340411872,271871.8601941413
388,527.3123,9.92,163718.59659214248,124193.0122998746,110008.49245537091,116988.10492006713
389,980.5712,31.6,906482.4524500065,911806.1972579628,2808912.4107012423,866938.438392457
390,204.0299,0.65,49431.350861536295,49671.06505281119,45490.14542263875,46846.95461416836
391,331.2606,31.11,436061.5097146261,468265.1953109455,377545.0782072991,320168.8708292837
392,398.1994,10.94,8611431.447346123,8467905.657264417,8458133.498002373,8483538.497000482
393,345.1464,3.76,274362.26327773335,222370.38343667288,280887.3374528717,404937.3448763191
394,426.1676,17.11,260751.68050795473,288687.31728443573,255832.87838609278,251895.81482464098
395,196.1695,14.74,61832.73654033203,61168.134156904416,47038.62160884531,51420.854002552616
396,166.1223,3.79,28711.99230366452,36968.658399817155,39687.886530402,30832.6928361721
397,167.0851,7.84,7553253.174015267,7565037.901264157,6988762.323669338,6927630.609157652
398,484.1613,15.53,16674226.721401308,16729179.738044156,1503117.5809522867,5154981.022424623
399,278.1905,9.99,26168522.16768035,27312861.341245346,9618547.802979132,13962416.583554484
400,146.1169,0.58,94189.04662050815,83569.10667168011,80651.96346132552,79789.9661885334
401,328.1578,3.35,2164673.6070079473,2215358.5576089807,2592629.0640632147,1918388.1548656016
402,363.1452,4.27,5387740.040086739,4325665.370311769,8134960.599103006,7819331.840774434
403,429.2171,10.02,6972640.898942287,7099060.203284431,3769930.900509067,5438480.673809047
404,367.0074,24.97,742409.7671477149,703421.6621535018,682986.8357607696,582050.9855136619
405,350.069,20.42,1282670.5357169718,1182042.6745973097,109742.4359719497,234288.3839597367
406,229.1334,3.58,76604.08532396895,80931.10256397995,58582.43549064842,79550.65982189919
407,500.277,5.59,5987185.547827516,5495776.982517016,7526084.491866292,7638022.738415149
408,366.0291,17.97,475326.6641665978,602462.9218044395,423079.42822753906,570998.7322150057
409,360.9906,28.99,97426.8775180745,113735.81276144055,103196.19130906995,108830.08474343727
410,374.2117,19.41,1193714.20013865,1635731.8897650181,6818.262254948268,45248.566637186945
411,509.1142,28.61,3720399.269400389,3452916.5978454715,3595210.150873748,4294509.8893429125
412,525.1939,28.79,742252.1763479125,712279.0616935836,812876.2065297837,735021.8996040791
413,352.0572,6.17,1458598.5674509588,1668103.3585539472,708736.237038723,1239974.5474489587
414,539.2532,4.04,3116506.944673949,3486673.9351899168,3762302.844171646,2649500.160815567
415,312.1232,23.7,3851012.815995303,3233137.7588052023,3631899.471100752,3517274.7247142065
416,398.1708,3.51,1358377.3383954773,1811116.4689579178,1395736.2538983626,1173687.1430251389
417,393.1643,4.69,1985118.1447892166,2443816.0887536644,1244792.103263349,995401.7240582358
418,358.1441,28.3,2868638.5187376346,2696594.39438752,2065699.6884138419,2049927.6802528836
419,606.401,3.48,729902.6248548784,606784.0530992817,731954.449743575,692437.7929508381
420,261.1347,3.47,3447963.441826693,3307354.611131512,3414046.8337619556,3804034.1069889455
421,580.2794,5.76,1784771.0114046496,1711864.7687309475,258153.6168040405,824003.0789089968
422,495.9259,12.31,3148675.3639178863,2584484.2306665475,2563517.5590305333,3136131.814318499
423,310.1351,7.1,481391.5459594487,813280.6609721268,20373.68272062543,53495.49809127704
424,566.2902,25.4,1525252.1967777018,2076621.277941637,1984.191767768161,8281.68181821583
425,407.1625,4.86,2106051.676752745,2376933.8727670778,2172135.3637696775,2228131.6159880892
426,351.1314,31.46,1037029.644430975,777286.3645123229,1194479.610378279,871212.2164640377
427,309.1598,5.24,4301132.561288168,4729870.936364944,3743169.056995466,4919319.570171875
428,324.0188,17.9,1425183.169228987,1553744.0377230719,1198345.3573317046,1679184.694968396
429,274.0144,24.92,11686.708907116723,8747.912447710822,7381.1695797308075,6938.61735141731
430,529.2241,3.69,2019959.4019014202,2875610.699383156,3094290.390872102,2008939.9583675845
431,365.1973,21.05,3813452.2161698905,5320671.813803659,287138.078689326,831629.6999455974
432,570.3554,11.8,4859785.288749122,4800030.035802579,4264274.858358742,4524861.297629914
433,373.1233,4.04,207525.45639034506,141228.1312193164,355582.1225252837,295673.28692225704
434,308.1966,4.97,785087.4313264093,667038.5857625677,750953.1792383416,1090351.1271235473
435,525.2641,3.95,3353855.315049406,2970380.4272298478,2807366.6858401652,3129162.0137714096
436,476.1233,17.71,3489469.740753606,3593771.1216527685,3342739.252889205,3637137.525982613
437,613.2122,7.45,363606.7669572915,315961.57352747134,304654.4878388614,227232.79516335702
438,271.1441,4.97,2406670.319045495,2606744.1227001958,1443755.1369987442,2106381.8123479565
439,468.1594,4.99,6240.626640089908,13224.61044019087,825.6013317191125,1277.3525822470465
440,434.171,18.49,4060441.29013191,4692040.9986445,3644180.1171938474,3850589.60331925
441,478.0953,27.08,1306081.7703301765,1629161.1502111554,1274808.6888726817,1257617.6380478304
442,959.5209,9.88,168316.35330455896,118521.54849583025,165774.14444077242,194463.14499891686
443,412.321,9.82,12479133.541277241,10075310.860431602,8377936.967765888,10389466.394398507
444,213.1023,4.05,4472365.561031501,4273471.227078725,4606145.713378443,3678627.581515096
445,361.1647,8.76,548940.3460661162,688106.3052851985,523284.8782081256,473967.3261048505
446,432.0213,6.51,765358.8377556973,569920.4248736624,40464.687784921494,158911.99764071667
447,421.2738,32.13,1568930.378280359,1543150.2651325297,1654159.5906650194,1510460.2059322954
448,363.1456,4.27,5725088.176122373,4325061.445001243,7335645.605694974,6187385.094326568
449,633.2518,8.39,4100345.065346444,3823011.2217333703,3548011.378360099,4038867.110457368
450,546.142,20.18,2960232.5539801614,2797856.5721353483,2910061.604282591,3219293.310736983
451,329.0893,26.0,3256586.366351621,3089053.128699719,1764179.9459833647,2358675.62883643
452,563.3447,3.57,343269.8302154839,348266.1182680056,198010.8181919218,273746.2295636778
453,192.0767,3.26,829905.8613038666,813015.2954264773,818396.6637275277,759683.2121852621
454,401.3047,33.36,200179.0467973452,164206.33178237133,205539.6273722138,202756.79464420635
455,359.2214,14.41,117447.45416571261,96811.70981487463,113274.07784503693,151005.12251863861
456,560.2075,23.83,1136281.6925102093,3552869.468441095,1981.5163423204885,10266.869029285996
457,435.2028,7.97,18192778.54253478,20907926.941963907,16922788.45794847,19703656.4244744
458,486.9431,30.82,589379.1932430104,618632.7688919703,565500.3272961811,479595.8889996755
459,168.0326,35.89,3560.37246996033,2892.1584416964706,1613.1156009512217,2625.8888950177966
460,126.0544,0.68,160021.2628134898,129817.08853835442,108577.17852085736,117821.64621425362
461,459.0048,12.02,771088.0720142644,710113.9859643112,612258.4089474357,721093.923236673
462,465.1002,26.19,1620202.4963970247,1689244.182897743,1629150.195663465,1463038.7669917017
463,377.1606,3.52,551984.4631631718,483109.1404781577,604428.4357389032,562016.7519741016
464,542.2161,4.27,2118209.1623804183,1572753.7891467304,1453594.900392741,1979330.1714027124
465,524.036,6.79,1915215.3910142328,1838039.4048659164,1750953.2032872406,1509279.0130796337
466,392.2582,32.1,1850287.5727154957,1807219.8634781938,1416889.2137775922,1078021.6143411743
467,587.2867,5.9,9382460.254559636,7108075.735924577,5338506.310171939,5896088.597168654
468,433.193,27.82,1487500.7963067999,1487216.4392804357,1665356.6671730962,1406114.7355379038
469,522.3181,3.95,868633.1503482859,851673.8980525166,625153.5525729808,653101.2717356009
470,494.266,4.27,2814502.9395008115,2716889.850182873,965389.4238410245,1973871.0010159833
471,136.0616,3.57,292738.20908673573,242680.996583329,162313.36280366316,143563.44084897012
472,608.2268,24.99,971644.3887922909,819132.8802790863,560803.0027866346,985221.948505417
473,344.187,4.73,10526812.611267459,10460003.478024397,11021392.753262993,8234676.474647881
474,343.1235,31.51,5332.3486341041225,7605.920871978482,4027.5011361101197,6568.020545476157
475,384.1744,6.41,13582569.083141772,11624350.860756256,10422028.225056592,16348103.162133707
476,416.1883,5.13,1085150.2222137342,1340174.027699343,1169403.2084957084,1512253.8409605208
477,311.139,21.62,439695.80745986657,609336.5559238765,500827.1308545512,484996.0427235931
478,468.2137,16.94,902153.5215981422,879387.889113437,927504.7451309352,899773.0751548973
479,305.2476,25.81,1102551.17034371,954606.1407394642,992439.2118058177,978663.6328326808
480,199.0867,3.34,1563772.1782121344,1540804.0450957892,1279842.5479222387,1140220.0007950203
481,318.1601,16.74,1253272.7873075656,1116357.1999727727,1403.168560748563,18345.21072127009
482,196.0887,4.47,2264095.1349895606,2050565.5649022914,2044540.5234904618,2055556.3799174498
483,283.1076,21.32,2174639.537033565,1762448.0613939497,2247783.6162281544,1800538.0088402766
484,361.2734,32.5,650742.5203738045,443370.3005930384,478029.15945450787,588611.1299304815
485,378.9834,4.45,506066.1878521517,500004.12836685963,321890.36567701556,333610.33501409745
486,428.1557,3.59,63714.29464334361,56365.48594832279,64419.82558175383,52731.88957259084
487,205.0969,3.27,509536.4902930533,563121.2254341118,537829.3062296447,580175.1444042996
488,479.0259,29.08,1269230.3951927875,1007589.1448108924,1302225.550876514,1584456.3564589962
489,545.238,8.59,294767.88561800297,313364.83828537504,292917.6625935793,269148.98541017086
490,417.336,34.39,756895.8217902153,744865.5186645631,809760.3897669822,780256.1793798888
491,365.1963,21.05,4081813.1917936467,4231624.6182089485,350103.0493152345,767943.2661026071
492,366.1014,3.9,228821.78997112488,178202.1524578416,184888.25273669924,254431.09543025086
493,380.1688,4.85,38.560542365834536,141.55463614580847,64.62148670552973,168.18155533003832
494,289.1077,4.85,275373.11875910946,233266.1763428603,91301.98897772425,241220.98500560463
495,358.1569,3.54,751423.7091238359,919782.6707129821,860160.6375104012,746674.5955748367
496,261.0315,25.83,1556.9454502677127,1117.7014468807622,1917.4840152648285,781.7660533802936
497,515.1372,31.28,7961337.592292514,8829872.828361087,9245504.589789754,6634723.458412316
498,412.2705,4.14,2832367.2468995224,2286813.3737431327,3008154.102760081,2903515.647689487
499,413.1973,4.29,3087729.1227546697,2554795.959480871,2597960.7243002257,2652385.9315741495
500,348.1595,26.78,4766141.772135579,4851720.754669345,489269.85087222874,1533425.9120697689
501,521.1677,26.32,7060547.523572389,7255299.346292581,8161881.685593749,7216719.871543112
502,462.1573,8.0,416467.80800939107,373194.17403272976,31059.723547396177,115401.50750777026
503,367.2488,3.86,1655728.8909478919,1238319.4483430376,1717192.900039646,1375036.811558251
504,338.0857,15.86,272807.8274004144,233364.4879795321,261379.45745178487,269758.6791840515
505,430.1698,30.29,11849506.014046315,9995574.901348816,12458157.389435628,12970959.500847246
506,285.1058,18.04,6903956.06562321,6302437.4131028345,6561605.029697884,7288668.722785828
507,331.0568,25.83,2016031.1994275134,2646298.1018992243,2643729.235687073,2537164.4103186103
508,415.1872,4.03,1054406.324305804,1254184.9728930388,1202304.5843073654,1120815.9707626216
509,263.0815,13.92,423862.87223736255,524725.7080232193,453294.7789799341,483539.960587258
510,323.1025,13.74,963211.920474513,924113.5363644807,715293.8713865958,850079.4754410698
511,411.1751,5.02,5711597.3277252875,6421214.705272846,5836961.459463877,5670761.440876375
512,444.0999,24.62,721568.0663272452,734794.83572414,660973.7779516476,672610.5641251777
513,600.1912,31.42,2499132.736611491,2128184.027818654,2030295.465465226,2150237.879506466
514,394.235,9.11,2672546.1311700423,2649320.644867465,2803220.609828927,2411538.0161136338
515,361.0507,27.52,2490610.23462115,2557020.3381890487,1940406.5250449833,2053689.8945336444
516,326.1419,9.94,10383201.82752917,6601557.182861489,12200303.400592288,10979154.760628771
517,342.1811,13.75,2312246.445875253,2555975.695563746,2228305.984496036,1687320.5760157155
518,521.2672,31.31,8000560.872801461,8392281.15584796,8952182.190118749,9273942.92718908
519,455.2475,21.35,966912.9869437991,1548757.3375436263,2295.001669905939,19806.05165893001
520,309.0906,31.22,6504249.74173622,5407951.923385286,7228857.693190399,7544564.785705102
521,356.0027,26.03,359027.57675448485,381637.3385115323,297522.22352117114,286984.95407463436
522,499.226,4.06,743342.2699111083,629524.3287187716,852376.5973488288,884195.304015166
523,555.0219,31.65,15265686.898296844,12504459.453018121,16579987.223780207,11895095.042577442
524,397.2345,4.4,2505875.6572585935,2419715.4310732204,2402355.2981796796,2021899.4842490565
525,427.0553,13.45,412561.6401734298,470400.23554251326,3976.1839080500467,21127.36343299799
526,449.1868,26.53,3475806.670491003,1545649.0445940727,265127.1345506675,968164.4585426941
527,472.2292,16.48,1364598.7163975937,1655072.3306903786,186829.0460143889,564344.8769493145
528,402.1474,8.55,3509591.71180852,3504499.2330887797,1708524.7758738021,2340234.5631010686
529,417.1669,7.51,4928514.468001553,5447699.5943647595,2003339.527874663,3687277.680727955
530,346.1363,25.85,5073812.91154933,5191316.465875178,5802955.636716615,4202632.8582328865
531,555.1387,15.84,415969.8276281238,292632.2870900388,20202.836131646745,67759.10089610139
532,373.1515,3.76,472323.6103268019,354745.6869406401,623815.9876261272,649919.2385092645
533,458.1645,8.65,216608.27338918133,140372.95357578935,237321.18171380862,239212.06200796406
534,419.0728,28.41,897605.0461060544,795209.714086073,885045.2946546738,876564.02832332
535,306.0306,8.21,290492.3324402069,469448.0327635989,7218.9918963370355,24386.287653312298
536,336.134,5.87,473244.46177792543,253422.39835087355,445446.1525286421,661238.2073221653
537,464.1748,9.52,3921948.375329847,3406536.663006933,2881040.140923475,3758794.830583034
538,508.2454,4.48,292431.0011780519,265881.3783328318,469489.5375641171,417544.884826098
539,513.2039,8.74,1778055.8184196206,1181673.3612944304,1736143.274212737,1839226.522912201
540,349.1349,8.44,4912717.011919203,4986807.76605755,2568997.3379917555,3105672.540983116
541,444.2392,7.45,1105173.8407073878,659510.8446169709,1145684.0667956003,1292438.4869973175
542,455.1119,12.89,10007926.642750712,11370787.289758531,7759782.893986928,8618219.46067677
543,462.3703,33.01,1238440.4904572251,1136252.0857199153,1216804.1927188397,1098002.619708439
544,330.1715,14.53,13607534.207834035,11572951.965908146,9349162.299570259,11658582.881173262
545,332.168,32.14,6914265.359212704,6787146.525463909,8293313.443298589,8258166.500133298
546,426.1921,3.96,1490026.0633482444,1012455.2406125099,1533890.9875923446,1589566.4246158453
547,482.0816,29.75,2992276.5522635793,2920054.092808542,3009666.584106512,2931000.494728622
548,569.2876,19.37,29520128.065370597,28547471.494026728,27852489.610120364,28485610.97474567
549,285.1035,14.96,1039957.5217510447,1190218.2981531096,860791.7288994535,1189271.3681052653
550,408.0206,9.27,11739500.740710624,12652824.205329526,5960690.189070751,6997635.977515685
551,282.1237,4.67,3140529.1804125765,3502200.121913551,2053431.085820552,2195174.58190015
552,240.1703,15.11,936314.9017379758,1114764.4866652773,816652.8919205847,1100327.0211065533
553,440.11,31.2,514722.59353784134,542013.9700265384,384036.47022065346,307474.0852534647
554,358.0844,30.59,3901917.706171479,4184363.154555871,4299272.543672023,4274354.250823418
555,391.1563,4.32,419801.4126731404,360616.5777303552,368323.9369079792,392015.0934706583
556,451.1183,27.67,870926.0118868002,875582.3050224681,767322.4870902684,840928.336024601
557,341.2086,6.19,3756260.6918349797,3794096.2674239073,5716989.740107264,4868163.118971652
558,182.0631,5.4,68990.73102223835,69175.11876303094,70507.29274644227,54033.553795539745
559,298.1184,3.82,1803752.2523542293,1393015.6874165258,1688777.3312858697,1500688.9042845932
560,478.2084,24.39,5810722.547764864,5501941.107677821,5769230.930402382,6092232.7467848435
561,237.1024,22.42,512380.83176083514,632907.5369802841,337033.0668783251,360334.15268797777
562,530.1298,29.27,1042652.6424811177,1025696.5812981031,435322.1163477102,835544.4507883497
563,497.2799,31.58,14451400.513934813,7766689.803320441,24116677.368421763,20017534.02635149
564,338.1645,3.46,2956025.8377609747,2894257.515248104,2657601.7675565938,2065177.7446065294
565,341.1067,5.51,2560054.297915306,1760302.1939280403,2206685.694554459,2203580.395155722
566,307.0456,27.19,68480.32494064767,63315.88365317367,76530.09257603748,94563.16505363189
567,457.1759,27.51,3478267.4537653755,4200340.668760436,3809893.892277201,3724430.3295159237
568,308.1283,16.78,6195809.549465861,6565122.481803907,7274199.907585256,8017095.31928906
569,402.1935,26.33,8656917.164647348,7607439.354490969,11777198.394620962,10986623.550711595
570,516.1946,9.59,34228935.25186064,26165363.467267267,24677450.263433047,29970382.366754632
571,235.0535,13.02,477214.83629382926,480174.8929649571,496175.745557801,553286.7324979064
572,461.2409,12.85,10698116.894079674,9901962.528519513,2908602.417700491,5704418.865038737
573,391.0085,21.25,699857.87435009,807120.5864444727,716613.0943783182,657801.3121462154
574,566.2918,25.4,4395454.076006377,4917188.856695493,323451.75475907593,997237.7871623392
575,376.1458,12.96,8488185.665396297,8791484.261222053,4327948.988418878,6697653.612442793
576,447.2234,21.62,1355694.6033821474,1406725.1153498865,1323949.6009962242,1303221.6662681473
577,455.0587,31.28,803689.512073735,846696.8909921756,809507.0558443677,771555.0858625046
578,391.1853,4.64,3255598.1183221764,2387146.5488704443,2441180.475287362,3256226.237285052
579,513.2046,8.74,1893205.5403488232,2083803.682855999,1626925.5588446534,2026342.0825787054
580,385.2137,10.4,16215925.229641208,15547524.442539336,10896898.360049073,15015345.981616033
581,372.101,5.02,1968943.1505251804,1977064.1417484714,1555524.4835631428,1916939.151497128
582,370.2127,14.16,16742243.024382835,15375166.964384027,16259811.326274255,25000837.72430574
583,487.1662,4.05,2603415.0123162307,1480657.7818874023,1723600.5860547302,1720989.7821618547
584,360.0343,8.02,9832458.290163744,10131613.033389589,7107640.140825233,8571809.131950896
585,363.1613,22.41,1185426.8092066958,1077507.061030904,960645.7916342849,1192925.506609458
586,429.147,17.85,7945655.054911554,8546958.810712783,7758348.86544441,8145709.853110614
587,446.1704,5.74,394796.0131955662,423105.2836169111,268782.7196642921,313571.31681721646
588,318.1124,21.95,143217.80936846277,205723.37316705225,121801.23726520124,85322.75816243885
589,348.1527,13.49,1427728.8682748533,2066872.477430313,18442.513842281343,67416.01122714083
590,344.1871,4.73,10571957.731639009,10460003.478024397,11021392.753262993,8234676.474647881
591,378.107,4.07,3070200.036042401,2913982.2684124648,2030454.0903386138,2546919.677848722
592,384.1122,8.21,1764657.592408448,1950761.184754581,1372389.6054086224,1279224.8028789137
593,324.0665,29.31,1577906.815221645,1354058.9843443695,1629492.8414609462,1517776.723900635
594,252.102,25.76,215245.79025029874,220045.12696442497,181613.24437643087,259689.52628977518
595,334.0755,6.93,6616759.300587672,7032432.7545680925,6646484.869956097,6420460.260293949
596,465.2193,32.47,1037242.3245095098,1289019.1763636395,836839.2910670745,1077693.0380984212
597,483.2316,32.47,43365116.54789385,41252849.25561929,45595575.71925669,39387789.78263599
598,376.0875,3.75,992595.78138566,889585.8933055687,881240.0474373059,579548.9309142578
599,371.1605,18.85,1500747.314769363,2010085.7280548334,2549.9475788016875,48076.82831226691
600,283.0303,26.35,4942560.2440281715,4946570.883395977,5501715.466278671,4761528.375869146
601,548.2209,8.15,1274836.1181038464,1493738.965442767,1134385.9354081529,1122559.9844152413
602,254.118,5.69,154582.39959667024,168578.74127231174,140522.07718514506,85693.38862069047
603,449.1683,29.17,2711702.7560662343,2782494.441507297,2757008.1243083016,2795529.0605570544
604,315.1139,14.99,539758.4209542682,649750.08754558,502784.74909691024,684009.4726191193
605,532.2721,19.98,1403698.894802058,1489143.8151968063,89868.78724695064,649278.1563411821
606,493.9527,27.05,824705.289761725,876175.9193795297,658395.5431261016,679142.1514072705
607,336.1708,7.31,11141964.659766795,11732406.572833147,13798125.1528925,11937846.954859443
608,356.122,31.05,6143084.406062288,6764365.500011419,4194117.4280705843,5176251.415799862
609,410.1933,32.44,6425614.360115082,6528137.860232938,4535626.094006966,4896251.952933561
610,315.1338,4.31,827187.8291866963,816259.4274691413,667781.2983564005,874860.1014196402
611,434.2186,15.54,2826440.0462503005,2921471.7076372383,2743893.6018600846,2767268.7552176397
612,372.1267,27.4,4125842.6429429436,4335233.867475009,3433542.1571103805,3775875.874052072
613,325.9705,5.65,519724.9409443337,198661.0571131867,484301.4840814068,669260.1402318947
614,463.9731,29.88,1509335.5922922844,1705980.7214806043,1313480.7452986431,1493542.651650952
615,366.064,16.61,69297.52670952783,55922.756341336964,47690.59972787516,75614.0079423
616,321.0476,10.98,2355963.958184473,2302357.0104251276,2781531.674599532,2480141.248316841
617,315.991,28.2,61712.76987370643,65943.69160852044,89336.16128825041,71804.15015429411
618,425.1161,13.32,1010065.3203847309,1172810.7578955987,1101193.4470539114,1084224.7407334421
619,299.1028,23.64,2763439.38569807,2326490.9810778415,2964178.4096914707,3007750.4427255234
620,486.1696,4.79,540952.558854122,489120.36351476604,525477.9749129987,506767.60175113566
621,508.1371,6.6,1355356.0150635878,1914949.2012533047,57489.59764298383,242907.51268277815
622,431.2552,5.11,673381.8206188619,663842.0697175773,794.2324004582747,13092.618762279397
623,451.2141,10.9,12692446.053125648,12903349.23686125,7293115.34274755,11328514.241394274
624,441.0366,9.06,1505237.2325755656,1251572.931990678,1042937.8986825482,1223796.358425201
625,332.2007,13.77,51470.344001344245,45547.57051640299,4684.282341551549,12095.34671129166
626,282.1126,11.78,14550553.928556953,15351401.6752202,17635446.76587026,12762857.623792917
627,792.4889,31.41,26334.691406197875,29690.956429562262,32284.516930095608,29945.452630587934
628,399.1452,4.68,1780427.325046534,2297399.0243030223,2150213.3438853147,1949407.8790481752
629,352.1402,3.74,433230.9211243365,394288.74269572843,468328.5317020683,504009.3841431298
630,390.1035,14.63,303752.80643897684,295930.1070045122,289135.3814996078,311336.8794480203
631,470.1322,15.91,12806647.281624548,10989919.470936518,741761.800422323,1494246.6406995747
632,370.1652,3.39,1239179.0168482144,1104593.669477456,1135896.1948420834,895867.98345819
633,372.1486,3.98,2583175.561499251,2388435.2051273156,2390491.57183179,1549149.3189390404
634,432.1056,4.97,2661723.293728973,2396984.4995261324,2648190.031269004,2840673.4754250366
635,320.1619,8.53,1490952.996987809,918964.7670095845,1440111.8572556444,1430708.412235397
636,470.1758,14.44,3527717.611280811,3937520.3763390225,2125530.2652720986,2699407.9196807723
637,414.0483,23.71,1085989.354842418,1161921.7381449675,1182876.6607156964,1111181.4293634964
638,309.1059,30.81,6052537.9012060985,6237910.153872587,8006803.8135344125,7034978.460400026
639,393.2286,12.87,6344758.544674193,5979258.995034597,3310767.5856402465,4535010.595459305
640,442.1217,21.46,2438415.4051116034,2462802.1509227455,2875606.511666335,2643659.0971121443
641,520.2222,12.94,7109711.367911788,6594007.59298311,6913253.897226984,6335894.1276930645
642,487.1883,4.63,1850435.5014169186,1609767.2359653313,1474690.6416851343,1482734.9211364267
643,366.1381,26.81,3081719.0589200947,3045729.552002569,3550222.4124863287,3302482.3456635466
644,473.1102,28.78,3180518.744192973,2369207.4640436773,3436224.3548248457,3356200.323712653
645,335.1116,20.78,2581096.575741542,3448841.8567850194,3087430.268515029,2768961.991589977
646,454.2234,3.32,298250.44099560357,292730.44970668067,236164.66071416272,206714.6776359442
647,355.2242,9.33,7661230.275691508,6363694.839077424,3554319.9358759965,5084071.063251273
648,369.0722,29.32,219572.16642325386,169647.09318997184,233013.49530385062,230588.28122623247
649,306.135,6.85,2969603.7278888132,3986683.9962201095,481815.0120415726,1223196.981053004
650,419.2443,6.5,13671487.48006337,13873172.119148346,13077407.294049209,13022503.496644937
651,429.0813,5.3,1223526.9017759373,1201420.0291618714,893256.1200858479,868973.498497999
652,365.2193,3.23,91335.20685505326,81851.96326130218,100459.6727060226,107975.13749882513
653,570.2438,13.41,13042609.505899224,15655269.547664324,10957881.510611301,9222176.052197546
654,511.1589,27.3,1628813.2485844488,3519002.452214029,153641.50900729105,309703.2180897177
655,370.1364,28.14,7885662.570599853,6844475.83721618,7331158.08145208,5575986.183626295
656,538.1687,13.6,4585606.013688191,5071010.945081083,2827196.1664937064,3218903.831168162
657,380.1427,10.7,561952.64382283,563122.6052686736,296144.9041874824,431975.6912834473
658,279.1704,9.58,5037957.541756672,4440120.191230148,5668292.586783219,5738314.104928801
659,614.2677,9.28,7535225.95667246,8553270.463706518,5663966.884520205,5637562.885401935
660,442.2224,17.92,863908.4610113602,882576.267228607,869701.2999881167,856683.3575911805
661,440.027,21.35,1193522.2196066466,1238820.996182659,1217178.1006426841,1211682.4201332922
662,569.2484,13.55,13672138.519979717,16004315.624265049,12131595.928301118,15126050.970919352
663,348.0567,27.9,11048615.432320384,11234660.138372261,9708135.153979009,8485980.317920642
664,316.0849,7.3,10276389.492855607,9823800.258917639,9238681.750526782,9560782.210806085
665,403.089,6.0,1451400.659630869,1884851.039203315,92515.23025444383,275414.1383789732
666,446.1965,6.74,2308860.550270844,2320751.173912656,1760831.2630951204,2015080.8907578706
667,406.1343,31.92,13093977.355591416,13245868.977703087,11719711.391974827,12680090.27858765
668,416.1713,6.48,2101921.666364341,1960838.049305613,1995763.35501254,1628101.11347565
669,377.0723,27.73,2167160.036269835,1967884.6235814989,1696081.6037128335,2238248.858675044
670,384.0835,24.82,940396.191444584,1038923.7794748725,851060.7505107173,872792.9163894342
671,580.2915,28.05,951610.0756630467,889841.2239552846,607461.9774863718,625437.3131858684
672,400.0994,15.61,2960517.268399096,2643129.443295885,3063492.855122909,3334337.0643565156
673,396.1717,10.27,3618440.41291222,3276341.703624092,3376464.6473919824,3501959.783028647
674,446.1342,31.14,270666.20534000895,300309.72848397726,244489.47890125992,215500.9234073652
675,441.2286,6.71,2370165.0232543247,2124785.1353688436,284892.6325290851,531472.1221929383
676,461.1585,25.81,1075517.6071514976,1101556.910901077,8647.684534960394,25609.521605592054
677,570.191,3.66,164649.71735826167,198269.4447757631,154809.87155439117,137843.16172888986
678,478.9827,31.26,1182821.5231583093,895630.1011200623,1008706.4771072783,641878.557042157
679,281.0324,18.81,208348.13055131224,201127.8703024316,254862.3839131991,200394.93767132476
680,380.1963,3.58,498127.00044337526,455626.0370112049,479564.06938990345,513417.816259505
681,394.2095,5.12,583992.384950314,565898.7504317036,553722.5355932182,669927.3250945364
682,369.1018,22.93,1771517.0474319046,1739575.456631597,1648324.277608057,1674570.2447962232
683,370.1872,21.69,3040072.038395468,2917498.193210338,3137988.820425047,2519992.5504744304
684,457.1905,26.7,4210026.733111582,4196081.05547344,5387586.146632727,5151120.374917602
685,589.3095,4.59,3066837.316655045,2863046.3801634167,2291322.447662578,1807978.2509938776
686,249.0883,3.8,1555622.4769739578,1187403.3677911507,1041039.5500218094,1063038.6253013178
687,451.0026,30.42,735819.109999971,712453.2566709855,717481.7101376173,669666.2723695119
688,545.9482,31.21,40843.49865417975,37802.73251813507,36122.99841288521,33776.853649636905
689,636.4953,3.34,554043.600327338,619270.1974772568,355971.7537013843,583588.1005699275
690,424.169,16.79,4529.123589218759,17107.5413158468,4181.476414081069,6371.706947025708
691,462.2162,22.67,7905347.256635519,8750952.466439784,6037087.737188046,7156735.61094049
692,333.1701,32.14,1134361.7674313795,938390.5030282682,1068792.455339638,873795.1610734932
693,510.261,7.56,769592.9858331475,806213.5113321657,316650.76398451685,478107.7841661568
694,443.0497,31.04,4394411.437337124,4758963.586209318,4625983.195075101,4232073.905369056
695,522.1596,23.71,39832704.08869522,43183633.374295704,5193933.017699292,13912826.510659449
696,382.1968,3.35,217535.13151580957,212745.61508891534,178760.00928202708,148536.83868662262
697,538.3236,16.99,4202120.378510048,4986502.02222824,3893936.6996507803,3892743.3513686475
698,328.1479,26.2,4158.85982048367,13094.493659961943,2492.998264946889,1884.5314704653708
699,397.1311,13.44,2087197.4424215662,2372104.2686331556,654717.2124153055,894089.2773925514
700,150.0773,0.6,102707.47676600424,108476.71256474029,73395.83791330754,107922.4931116672
701,415.2745,18.99,19844930.50497255,18880319.588994008,14238213.411831439,16707985.761271587
702,224.0058,5.47,75891.39106736163,75676.2712157642,74175.93090619997,84917.01032330883
703,234.1233,0.59,22158.569248481344,18704.067174594173,20611.96295183412,27972.58350048126
704,466.2338,7.68,5543227.0639392845,5539830.122313513,4808179.988534678,5254552.170161039
705,506.1092,16.83,672120.696201056,420478.96764273196,98035.42438504238,282791.36294587137
706,291.1602,0.64,263972.6862693108,316289.8003185312,243606.05140121555,408925.7630679183
707,280.0848,6.98,1830521.8526493255,1609248.7048398172,1820476.7333408473,1994825.7736597771
708,312.0916,5.88,2383119.9600086855,2464987.417640149,1349356.016135287,2168681.584553224
709,310.108,30.81,1459201.5943519915,1465577.6346045942,1595140.2343920327,1740191.8546026167
710,581.1556,6.93,2361875.600724826,1430147.121488757,2190309.794428087,2825488.542521843
711,499.2268,4.06,743342.2699111083,629524.3287187716,852376.5973488288,783643.4003552913
712,551.1871,3.7,138609.4515741555,138166.14323785668,82643.37202626414,124623.93404958054
713,513.2363,21.84,17088236.560398858,20503315.641732372,18869457.016066246,21179909.13151218
714,452.1692,17.31,2231136.4704870614,2266036.725537998,239794.68663493355,749870.2961201206
715,431.0505,10.63,1492152.5469810453,1919288.6592473397,1366548.8655368006,1304269.364883527
716,378.1342,5.64,1205699.6972284676,868715.2823510077,623019.8485411938,729849.0764157411
717,528.2489,7.84,1086888.4563762501,1075979.0844831367,901286.3992311347,989668.7931966251
718,406.1847,4.38,2597694.3721348643,2465923.0009962814,2168415.0660060216,1792644.8429409573
719,371.0347,28.97,634208.0083751186,519860.8228334258,473770.15381272684,609689.7977794668
720,470.1864,11.51,3187631.577415617,3076529.952641646,3263625.4150295313,3299356.8567360146
721,321.098,3.77,1309821.2945745944,1337133.3322859497,1198497.1610249053,882228.1546853691
722,285.0803,3.19,137741.7238818619,145136.77407444976,131960.68566933746,119556.35342738274
723,433.0713,31.28,736761.8145685781,818686.3618406474,646628.2342455655,584601.3530473966
724,464.2762,3.56,817602.4354760614,669025.1062968116,568399.0149207141,697676.2567892119
725,521.1292,11.5,2383768.4106042897,1867667.693911086,3256910.493569754,3341597.053570605
726,338.1776,5.93,9267890.547836637,6190259.275044898,10785928.981710687,10611504.809171107
727,272.0344,15.48,226393.70230380417,225949.54739569192,244778.29082164576,254016.70760479133
728,554.2312,24.25,5219945.526690171,7386168.287317483,106517.14248669536,510223.75539996027
729,491.105,13.16,5130426.236278905,4425304.205133783,4265962.244075867,4400195.936708215
730,439.223,30.57,5510518.597305532,5418386.745202591,5551943.078571526,5560440.114107475
731,376.1626,9.51,7981893.421526978,6935405.090176427,7493170.592330868,10363155.755730435
732,383.1756,28.13,7268499.911178913,6549248.082656458,5416267.29028538,5976971.75057438
733,524.3346,13.41,10365095.622527262,10547007.424167821,10990021.187710209,9266101.720802601
734,376.1569,22.76,5382219.541417022,5874744.402443524,1227178.0908574979,2699573.4944978743
735,504.994,31.61,1415668.7739287938,1251832.3295077118,1446959.2750349701,1475087.481914892
736,486.2611,4.03,6792514.606404982,5873336.4137082845,6599811.8137040455,5796828.6567488145
737,392.2333,9.25,5890105.613923232,6037228.9367413735,1116913.3876936014,1830143.206499788
738,275.1078,3.5,1181042.6485552578,1198488.1842913115,1122819.4559038486,1130125.339955909
739,239.1163,27.73,1081058.3113962398,1161834.6697343509,975889.5539380282,983430.767712595
740,296.1393,3.36,1522249.1205592905,1503139.506911226,1094289.5867039522,1427778.2531247102
741,283.1806,10.23,6652716.976473309,6518534.725473009,2269768.3292381614,3847791.7906852067
742,353.1133,25.96,1689740.2467345172,1779877.533520445,1435784.852310863,1800306.6510262853
743,353.1127,27.5,1819179.299315715,1871023.392127926,2819116.312244104,2401790.3785106195
744,486.0951,7.88,2133022.960094844,1998397.3933009307,2376418.764471019,2136614.3302526893
745,408.1378,28.46,4531945.89142549,4598198.619457699,4390673.619674159,4001613.606506561
746,408.1333,31.92,730906.4378175234,719041.5044002618,551868.4935874324,591078.8732375145
747,397.177,3.86,1417545.52736797,1498337.3814740444,904881.9323602527,961912.2088931404
748,397.1769,4.85,364.7635692835431,699.7644673123433,323.72910639973327,437.0974130457413
749,448.1437,6.0,2440605.20389377,2226665.1991614797,769685.714566545,1420938.3232235957
750,448.2461,11.12,353.5365892547386,277.47402517177625,99.45175269806666,173.0177195670613
751,466.2449,9.32,1049501.631384018,2778815.991825319,15524.668068296109,62756.71964010161
752,466.245,8.69,13949844.448332706,10956443.614812458,9967917.101512149,12450730.137784239
753,533.2272,18.3,5115075.055006314,7771985.735014132,40744.49463038248,291362.4285923073
754,609.2954,3.88,1980102.6163476564,1146098.0508594469,1175961.6289981997,1462267.0536445924
755,548.2211,8.15,1521626.9522394869,1646331.5974697266,1315375.269855926,1480534.0212422246
756,357.0843,15.04,9650.207222035391,9270.79221267758,11014.155778127457,12044.602459075111
757,309.1057,30.81,6467264.808040491,7130888.205191504,8332492.48790567,6770925.952170951
758,299.0795,14.19,125010.95602005013,115421.77018814276,143768.08618586746,151431.83052685278
759,299.0814,13.34,249698.59502453663,264268.2033888048,226761.7171138862,310828.74521188944
760,592.1881,31.53,8807.137786644671,11382.218806353325,9321.00831228515,11283.164641071437
761,359.1468,28.3,553830.5083234201,544822.2716476977,565909.4497275073,556789.8718129831
762,804.2916,3.42,106264.810687842,155055.78589700756,83872.04658023444,99679.01940810148
763,533.2272,18.3,5115075.055006314,7771985.735014132,40744.49463038248,291362.4285923073
764,438.357,31.0,79322.9511647708,83831.31115356291,90301.83543970565,86049.85582603997
765,447.2574,26.99,27610.046950255943,24197.142618474507,17848.935320205946,19431.993000161357
766,766.1635,31.79,2495.8349424365992,1832.3942114136137,2119.136440686045,1692.2032742834183
767,313.1765,3.39,1416117.741333376,1453963.5928298568,1278174.5337616892,1003809.8587333233
768,313.173,5.07,429508.64706149034,424798.9880087181,105186.12320949648,378806.5242812426
769,313.1768,32.26,478295.39605373,336272.9556963099,505611.23385158053,475925.1661047352
770,268.1887,7.84,746022.6193174014,590504.3678370897,727137.711297796,605947.1687442549
771,214.1106,7.45,597601.574214584,760686.6003200035,718398.2332395642,666537.9451868851
772,214.1103,28.41,2657445.3188985186,2592099.3004762935,2677614.8373337076,2563922.9318782915
773,361.1987,31.44,3623426.216474289,4543978.521392336,4697265.985952653,4274894.660920903
774,371.16,9.65,5127296.604546613,4735263.129342578,5226831.574354584,4964884.760385313
775,337.2167,13.04,3594320.2061514286,2929552.304339088,3221029.7351538516,3707937.1989542213
776,400.1473,4.68,512336.75776338787,551271.3353330942,560540.7373351287,400202.5867152986
777,400.1427,27.69,428080.24016868277,340721.138867764,410172.20071102004,421288.14272335294
778,442.2233,3.24,550544.1805042495,569318.7057366638,515359.0955926925,412984.13000238454
779,383.2788,13.04,12993.219919411813,21778.9208628592,23910.73902692817,26899.65294338399
780,333.1411,13.48,45.476953047133584,46.541203974287455,0.0,0.0
781,346.1025,4.78,57166.27524803567,65634.40711696791,58790.789696501306,53537.27731425055
782,346.1022,13.08,49037.33060169999,53632.79010386574,13635.408321510078,19278.445088600787
783,411.196,32.44,1167558.0032168222,1542389.5848200766,1463224.8024181458,1509404.9890375338
784,337.2127,3.78,10041949.728791961,9787607.33365057,11266312.156788364,10679713.948566403
785,316.1767,0.6,119198.18629075738,137973.53360556136,104793.20540477237,100755.33587119594
786,438.1719,32.47,67430.12216331459,104125.18231789107,67319.91566342868,79810.85004595396
787,256.0966,3.74,25210.14090007465,35589.65932223358,20905.014674476944,30229.71899882783
788,256.0992,5.93,636194.3920841852,461740.70697520545,701960.6424547045,698702.6354729242
789,247.1805,12.02,434419.13565556036,422593.9755325713,415073.88881547464,426572.7612731208
790,247.1804,24.68,35233.81658973022,83667.56839074845,136.4161696671448,138.35515914554264
791,348.1423,25.55,556389.8822383957,623220.0253232536,592118.6898302411,733588.5899123375
792,292.1086,28.81,72495.59521937983,77721.1783867063,91427.73374111834,96194.39529617333
793,502.2354,14.91,613572.6805192482,587837.4802770761,5458.74214176019,21176.066252909022
794,548.2492,29.31,134441.41200127252,184904.47692486178,15535.67242801371,54046.29002524759
795,420.1304,6.51,141269.18619184647,128406.82968470932,148849.3507377903,150098.20714446795
796,342.1691,0.59,179598.27220675917,176527.5763891741,131348.77199775222,181739.62865832183
797,432.1896,14.95,633.3635507405511,7004.408026532368,36.29892141830844,0.8427720252232049
798,255.1127,3.47,58955.49607060863,58120.36364096378,54753.781224494334,53710.344594286056
799,242.0805,2.01,2240450.9988274975,2098455.346226437,2354938.606344006,2363837.7919677817
800,315.0768,31.05,96324.0789019822,111154.72240167663,153617.6540256505,132288.95488693748
801,288.1597,2.31,1810643.3516940519,1764353.8754380082,1811245.7359917716,2371637.6101982207
802,415.2113,11.83,2180911.615535804,2119731.4259378123,2244988.182509726,2043497.7725999972
803,415.2117,27.0,9386278.744419158,7902026.189420506,8392487.238423852,8523484.588373762
804,371.107,4.04,112434.48677923685,109932.1227773272,138748.06559289983,149421.81553985635
805,371.1059,23.76,1622561.427799427,1639311.2518343264,1587023.112204409,1519860.267928719
806,371.1008,31.39,38539.150513358014,53245.14564084657,47648.90592271997,25606.61881978672
807,371.1016,31.96,67623.02839302053,54540.953843865165,87148.0011827625,92606.55249048212
808,371.1016,32.74,302627.59304893285,348926.02104817436,415952.26627155574,328876.42015746445
809,371.1012,34.07,55504.66930814302,67124.60662053287,127985.71206612505,75448.13944168616
810,412.1958,18.18,3156399.530783032,2358427.236262286,3476101.974334795,3063072.904049748
811,412.1911,32.44,621101.6861673493,551950.6609601335,470627.1211432556,464387.71888138657
812,296.1837,5.17,1125308.787471246,1103140.7095023973,1251342.6137604841,945562.3751023917
813,379.166,4.85,515628.43953893863,396629.330447562,226294.6638831979,519890.2971286914
814,379.1652,7.68,250464.96580170604,245548.58602845637,79767.12748387858,151776.84543316675
815,379.1615,9.51,246176.9194288467,215122.0026708256,272918.97971271235,214491.60825448108
816,379.1651,25.55,82056.17308804658,76340.01977307997,223878.3386913014,198602.26263534743
817,285.07,9.06,141571.47081122667,123200.6333353669,101776.15180978426,122448.85062619405
818,376.14,13.77,7817957.727747598,8103210.229374083,1870451.3404620397,3620492.6461844803
819,227.1142,10.9,178632.9748456621,188649.9914224119,205616.80843724948,195712.51526531114
820,460.192,26.7,74172.22889712223,63266.72812649583,81706.51485770573,72607.53889312925
821,200.1103,3.27,1109622.0082865292,1265960.7659045495,1176665.86476889,1104469.0842432422
822,186.0886,3.39,42740.35114558702,48849.57773689425,54984.25421822,55925.02488589342
823,308.1404,9.28,423283.80401931587,408116.5640094712,249477.03453604528,273774.5989905939
824,109.0754,3.52,15045.990973956306,9136.448751771408,8125.601849021287,8426.597033907667
825,109.0755,4.85,24360.15955033021,32191.693673206384,16277.052146618114,22347.634008900113
826,478.3273,27.74,1075.069660000757,294.84433682281104,1520.3917983778563,2157.337435082878
827,313.1733,5.07,407122.05712158675,424982.7051331978,108808.07964111582,290843.84355145076
828,313.174,12.32,803776.1166575374,565090.99765356,23297.918662108234,111936.69976038055
829,313.1772,32.27,491292.7780620131,329497.5639416656,483260.2669070496,449096.93051294785
830,330.1487,26.78,378496.88065037143,376163.7302904965,33505.8867438422,101398.14481292048
831,433.222,30.06,292839.06500248815,297914.2327210381,236532.60200926388,236707.9088984431
832,234.1125,29.49,131214.46907910088,117034.23492707533,122525.9256476567,143630.52623743718
833,234.1125,30.57,36547.69090799453,47506.36528793664,47657.00622955304,34298.56086347598
834,220.0984,31.31,1816238.1664917585,1360566.940982302,1737231.9616494034,1660845.6095880428
835,154.0855,3.4,12875.577716835263,16004.307742748035,10206.29747344441,10196.096185618546
836,154.086,31.66,2037.2563588566452,1716.3819793038604,4515.870261940424,2000.7839275705091
837,154.0859,31.72,33339.81287697592,40630.59041442489,19347.74878089204,16836.423046292355
838,226.1114,10.9,3585852.075012906,3872369.584792198,4252688.190294852,3914013.565401086
839,156.1015,3.33,46979.205826603386,43158.5058970094,42972.16016648482,41253.33726926189
840,225.0915,10.98,2420.344356447034,4679.378949333259,1265.7907656341513,1441.508474601841
841,325.1131,25.9,80467.83359141744,93069.05788270524,117686.62901227587,102835.84987828761
842,265.1912,2.17,939598.4660756898,1005178.8431659578,886345.6345953925,1306387.5032908195
843,249.1963,1.55,1107441.291532371,1111931.5535403483,1505835.3228726245,1182030.7553636143
844,249.196,18.99,314958.21758956945,257220.76013950855,300663.22985498275,323536.18897669984
845,397.1736,10.26,876025.9672699021,845927.9775515513,800612.6242537152,845351.7975693272
846,481.2147,12.79,1023223.9786548582,1761777.8744947212,25650.34579920752,94675.98690333354
847,410.0126,29.75,30870.86159739657,31123.66587617988,43893.5818732711,30449.268625631106
848,410.0126,30.02,21437.62638958848,21455.124027075544,21745.936440894966,19633.697906535697
849,434.1698,18.48,2813110.2009623838,3297841.1139004054,2473241.376374679,2624718.3816637215
850,478.1589,8.57,713574.9720226211,785399.3256490825,707573.2291420323,683249.4590556105
851,507.2315,14.93,1096862.3389399806,2063819.207253276,9128.969491504851,24455.884030911984
852,310.141,4.12,451331.87896751857,484008.49522713677,794473.5500281623,460328.2800247314
853,471.1799,14.58,944405.8561057224,763897.150848302,753112.3096128107,824840.9791499282
854,434.1953,27.82,302821.877723253,292420.7910076452,456645.3944226088,336523.3519689705
855,354.0787,5.67,204678.08780210957,175806.79615865162,285633.8436136822,200977.61990891243
856,514.2009,7.15,193727.9788184513,172849.14618263146,59599.46572375081,100893.53343460575
857,514.2063,8.74,554631.1859742476,744353.6392224175,497876.98045024433,571353.5200378719
858,174.0574,4.43,118763.77421478133,129039.57435777668,56331.407646704436,62276.896567518816
859,174.0528,13.41,45927.43081952735,43596.96627904132,32280.648159073768,43800.8468927197
860,365.1583,4.28,130866.64239321633,106760.94581884664,171709.6186926681,139299.44683977132
861,454.2623,4.83,1009776.2531596725,731539.8983820761,624183.974219155,851454.9425326146
862,463.2551,6.11,179026.96248941892,180874.25078689557,77533.07431747057,105296.47711336231
863,396.171,10.27,3909653.093056617,3755680.4763784874,3488926.694078818,3501959.783028647
864,378.1598,9.51,1032663.0893658316,905479.3308129989,1101649.4610924434,887819.4627295168
865,400.1473,4.07,1431399.9013578775,1216807.3592631477,1204292.7457942409,1171742.3676799908
866,400.1472,4.68,665524.8118771157,727405.5179238229,714071.908543791,511961.6326231157
867,400.1427,27.69,428080.24016868277,340721.138867764,410172.20071102004,421288.14272335294
868,284.1099,21.32,203987.60687470107,267379.0610069001,170851.9666360173,232869.69683808513
869,571.3095,14.79,975252.1092773629,1185863.1812183054,128020.80223312032,277198.30204931716
870,258.033,6.29,153764.16877768867,159284.64647798307,150285.0937481275,143823.86520097524
871,114.1272,12.32,15.89699379926164,54.75796610125302,0.0,0.0
872,500.1895,24.39,211783.81944190006,250263.7791646715,260946.37447247352,244803.89741872548
873,370.1372,28.14,5904571.063994348,6844475.83721618,7656929.738393479,6894027.494284683
874,445.1603,5.23,309075.3720153875,273908.83866617724,206837.7579358175,224444.34937722905
875,445.1602,5.23,309379.8159328961,282754.92744005064,206837.7579358175,223916.0510586457
876,390.1269,26.96,14152.867569727568,16434.202855038508,10172.64168186803,18313.296938587806
877,374.2115,18.53,2884467.8918149425,2746715.503864846,19200.502135030372,277752.38624852913
878,312.1239,5.6,96875.04321840846,109549.24718914583,44074.49096568695,59182.38617338842
879,312.123,21.26,2881104.2539133,2566369.569433091,2480505.7779958174,2511550.070861282
880,310.1342,16.77,296454.0198103054,310666.6185419918,314985.698179157,301484.859851115
881,566.2917,7.75,6602124.996158214,4732966.069593972,6815013.568467214,7573791.169547971
882,309.1599,4.42,8620094.232962698,7859262.9863529,7354570.620127113,10273075.046172542
883,274.0156,32.26,3370.5746384212152,5510.637589458152,2513.3267996208438,3781.27648643512
884,373.1286,27.4,794106.2917252327,836275.3046264395,694470.6061276434,660361.1788710378
885,434.1701,12.73,4915862.066047787,4878949.32270741,3928581.126939713,4209469.050334181
886,633.2555,31.15,4359315.391110318,4316325.650951121,2898912.003145921,2595952.078201505
887,192.0781,6.9,289664.90008459584,387541.1348833993,246046.41299881972,234442.72395584022
888,192.075,20.56,24863.94021571749,21791.14653312246,15697.15060522784,22734.81842472522
889,377.1599,22.76,957640.0651234667,1040609.9573359699,331873.4862646564,440432.65050615376
890,392.2585,28.9,3374449.9012434897,4650087.056291966,147861.51568016116,255868.7033136607
891,248.05,2.01,100084.5584637212,111777.53825819124,77326.4879949157,102488.41956293384
892,248.0487,22.93,2837.7288115797373,3119.484441213487,3203.520522546468,2182.0015363941434
893,494.2657,18.09,8978305.322094152,8551448.659986207,24034.039771390657,208253.59333914946
894,343.1204,8.02,77639.46075866376,75730.09961825267,62154.81444768614,78726.83357889988
895,311.143,4.12,108338.62740967429,100660.79436370826,93712.47296035751,112481.89222493081
896,311.1379,7.1,512702.7929994493,421240.7096702339,35836.76163618619,118502.66000738059
897,196.0888,3.56,1109453.907396855,965160.0162005331,1222237.3220104924,1135091.0257221288
898,283.1076,31.0,72078.7000122431,61966.50639122623,42232.30358785516,48109.78125708341
899,380.1665,27.68,178827.80271922797,153203.89844556656,168657.53935105112,211389.31973239104
900,289.1067,3.26,55113.58930252018,58086.01615122761,53377.86109195887,44523.76374320464
901,289.1081,7.45,55319.06676326867,61092.120472639544,55004.60756809784,60952.25088785572
902,289.1071,9.58,1244.9747533991208,2825.6342518437605,122.14606181230712,205.62722603482175
903,462.1575,14.56,492813.83982534066,559283.8807265734,136636.3900543303,223720.4655678346
904,285.1086,4.01,126915.83278950091,112095.90997791823,131878.96299799296,164899.57023634366
905,285.1037,14.96,633571.573724015,736865.1082201279,621878.2563120942,848720.210628862
906,263.0813,10.67,251211.0950079943,266373.9112822088,267672.9796733749,257487.52467685388
907,444.1046,4.05,168520.49241879623,93267.25707602038,118334.58396209269,117721.16513539143
908,394.2313,12.87,1272733.5970182377,1606756.8251710034,598187.4428925781,1091807.0903924177
909,394.237,31.56,346351.6090006262,328150.9136488026,292871.8333555076,235917.51375610672
910,451.1514,13.01,636407.227896214,715840.3906960007,570730.6986534955,613077.9709570613
911,472.2297,3.49,224263.36952883028,180206.32841746596,224338.98946589621,190017.76660287185
912,373.1569,18.85,361627.2553909668,356712.60214350943,1002.2698556215532,19961.259691063788
913,373.1569,31.61,32512.283536394538,14958.300156796724,34074.14165552615,26287.079661356078
914,336.1341,24.39,308195.63803587604,349947.2024086212,409591.761525188,457105.0318506525
915,285.1049,18.04,3844987.211808174,3896755.454310687,5089661.023435789,3837360.139877123
916,237.1023,11.39,996002.5054336579,1293662.9904174688,967519.8411197984,1210630.8126209527
917,566.2928,7.75,8939648.853853177,7355432.213031405,6281520.592541377,6716597.969847774
918,376.1408,13.77,1500353.4931951312,1407565.9647108389,31729.463011763764,151730.21828917708
919,446.1698,6.37,464728.0382978667,467692.63602541963,481690.89534428256,489109.17330331507
920,446.1721,9.04,106935.22852100988,87634.35678621361,15500.16886913982,44626.37780232878
921,446.1655,14.76,426579.2355980324,428748.77372747613,428478.3701436115,430530.6869460553
922,252.1052,5.53,128397.33220421667,123512.59633572915,118387.79040426883,85056.28843800056
923,252.0994,8.53,147288.18479875164,137920.00140775568,148303.747906432,149611.1789809575
924,252.102,13.34,148658.98959858928,153924.48792878163,129402.92864750903,142287.56413157991
925,465.2177,5.67,2864377.3641405357,3327160.1896000644,1945555.0245838524,1790853.693223951
926,371.1599,9.65,5266594.447164158,4760227.875793761,5226831.574354584,4964884.760385313
927,254.1207,4.11,219423.0436883485,268434.41370118735,198521.51571475348,300912.6412108228
928,315.115,22.32,12491.994673124449,17164.158513095223,3790.60241352962,3716.096509548425
929,315.1139,24.44,103365.44719114352,153488.84330383578,765.2992717000026,2478.4949694815755
930,315.1157,31.59,104643.85727227089,102623.42958975506,109643.70097770767,47729.814158285946
931,410.1984,18.19,9279199.360181928,10257710.323695786,11123943.47996143,11254858.428579371
932,434.2179,6.07,434067.9242432691,450037.4397403754,354357.11989166,421534.8839439309
933,434.2243,22.78,1367631.570228743,1428627.843203928,1375893.227395052,1450116.8299694725
934,431.2612,12.39,1402575.341246862,1107173.4366149448,634387.6901987173,939676.1198161977
935,390.1058,26.12,409946.5408160209,421956.5404453126,409648.6846106623,305021.4652482708
936,471.1803,14.58,935553.7860375197,784465.1623242084,868033.3236989853,824840.9791499282
937,487.1856,5.56,929015.6910739157,913151.5641040005,946221.3521255035,904688.8643873332
938,487.1857,8.46,662541.5379003838,628880.3190176823,508125.36114030314,595115.9587479015
939,369.0726,5.56,31292.535316296275,31896.26114188536,31406.55977791886,36660.536810553975
940,365.2162,6.51,217307.78226423325,187059.24258730668,195825.4817614641,231374.08388990597
941,380.1426,14.83,474077.7158147417,834276.4285422824,2880.322949071615,6303.146122230657
942,442.2234,3.24,478516.6800287926,560398.4602726114,515359.0955926925,412984.13000238454
943,442.2304,6.71,2177325.8607476475,2018176.798313906,994814.0709174508,1287216.2138783706
944,396.1664,6.29,486952.06126139755,529175.1958297836,138902.48808007978,176230.9722223648
945,396.1702,6.71,222853.86011228748,228814.40771306766,253892.166078332,236467.5272450755
946,394.2097,12.35,113306.14337454335,112989.33508180053,102126.83714113591,89032.01933956362
947,394.2107,16.79,98545.86172568268,114729.03304338739,3488.3251956356294,18519.594978517085
948,424.1735,26.33,1160269.5230704471,1269304.5758558866,1448456.8263834096,1396062.7721577035
949,510.2641,3.66,325873.43167703657,231081.4403572569,357853.97498668334,350083.2495130618
950,234.1239,1.94,358315.29621091485,367953.27769394463,367746.5456040257,360404.1715791667
951,291.1604,2.24,700775.4115637811,664381.8432776047,933013.0280445783,803425.6939799306
952,312.0905,31.22,264613.92848126596,270400.4909257567,217237.8701567005,224946.96423125325
953,378.1369,13.77,150644.34470869557,129218.5736600815,1262.8960240522392,15619.308947652047
954,378.1343,27.8,881256.6823236638,834929.6435058707,846148.4888823519,933547.1566593528
955,285.0803,23.71,274557.33433885354,299607.9237902003,42739.68527978933,128612.77579736724
956,376.1572,22.76,5328908.02722968,5622530.77446717,1350672.0867613005,2699573.4944978743
957,376.1621,9.51,8009549.4440797325,7063687.525483711,9429990.121137898,10363155.755730435
958,218.0811,3.79,434866.35322397295,440156.5877800939,378106.5947157467,353173.8631684144
959,353.1129,13.34,201527.70691648772,222058.27399749638,188332.3348749712,241679.77536331414
960,397.1746,10.26,761655.0760935182,764801.3868872911,746886.4216635211,810659.3520258031
961,299.0823,13.34,199027.29742265822,272231.6306525302,218582.82046961706,171603.41597797239
962,383.046,13.06,6183.502324065883,10168.172413793069,1385.1724825575973,1626.1681546090126
963,383.0469,19.13,17814.73545699228,19495.30899902345,23009.91122201298,10737.72348652312
964,299.079,14.19,119300.07950700514,115421.77018814276,143768.08618586746,188966.7112698358
965,299.0787,6.0,16358.35465451092,14182.841994254684,11829.464691021234,16877.63052577928
966,299.0833,10.0,37687.98526608311,34227.48795857101,48506.68791585518,47357.0401520065
967,299.0792,23.27,63537.33725257933,55908.41356020101,27365.2566353483,44197.69363760903
968,325.177,6.07,1394824.6644161334,1605370.2850988144,1196935.7194513523,1020624.9170266932
969,359.1428,17.22,280308.97478642984,284199.3747414783,33847.61703560507,90855.26364831314
970,359.1496,31.73,108068.16201834049,117056.65338774332,111013.24389430258,103880.80156209621
