,mz,rt,/home/zzy/data/raw-mzml/good-mzml/TOF_test/20170326-960MIX_SampleB_2.mzML,/home/zzy/data/raw-mzml/good-mzml/TOF_test/20170326-960MIX_SampleB_3.mzML,/home/zzy/data/raw-mzml/good-mzml/TOF_test/20170326-960MIX_SampleB_1.mzML,/home/zzy/data/raw-mzml/good-mzml/TOF_test/20170326-960MIX_SampleB_4.mzML
1,313.1734,12.32,3529474.702285207,698019.8444257526,2921945.6391070904,104886.09368255439
2,453.2079,15.8,34705.8385856608,74130.04418075006,38185.071428359835,81420.83473620837
3,495.2184,26.07,201819.46843901486,196146.1829044177,180708.6664345765,173753.48625050532
4,376.1464,12.96,16388057.453369597,14780650.255441457,11997782.567002509,13093277.096741311
5,531.1562,12.46,4431015.862770234,5606600.2786846645,4565137.118957639,6112971.124490823
6,407.2227,3.3,1583882.053251258,1801876.3581780628,1119143.7373056384,1774227.6897895203
7,278.1905,12.39,6863090.411925427,4199604.920981338,6903806.958665296,910600.9893564453
8,345.2421,25.02,94659.79831958297,92383.22035994797,88421.43723401913,92439.03748208402
9,268.1907,3.94,7148948.472639511,8074223.620870375,5921524.526223019,6933312.062093325
10,416.9905,24.58,9166093.621023322,9433168.088531628,7272926.799014374,5177388.109176847
11,264.1749,12.18,4983461.695115403,3452323.5143853333,4914123.016554062,816517.1599354238
12,320.1409,3.42,12337378.971210346,13513248.661095537,7161424.43492772,11915859.767260715
13,414.1546,5.18,5442900.957356541,6241761.798288076,4219755.42152085,6480681.737857565
14,270.1851,10.0,1305384.672593243,1027945.8258770772,1406524.1772606894,556593.9815734816
15,261.1963,6.83,53742297.327615954,60094171.34785875,41915343.459768705,55586253.482921064
16,340.1543,4.95,2874277.7109309756,2468175.838111844,2058285.0411171364,2694946.5417226995
17,214.1088,5.53,228215.3849577867,205120.65761797928,152484.50556503877,232040.09917148837
18,361.1992,8.59,3263661.8820834844,3449382.6932776766,3171650.726111256,3409517.2533525666
19,288.2323,9.9,25137139.974118233,23300433.83660032,19324593.665683635,9152709.462207176
20,315.2316,28.13,575511.5204309614,553666.0928562586,630959.1526080148,567662.2433318873
21,286.1914,4.3,13708972.298375625,14662831.005974729,12653830.637125155,10100191.121697556
22,249.0903,4.99,3705606.56050695,3594308.2456779955,3249522.4950978165,2993288.5035537593
23,277.0641,6.57,74949.79853620143,67663.17496918721,64725.802733025834,41277.998884951216
24,399.0755,11.84,180812.29762085457,142204.13651813503,185761.35693682855,53704.84252579727
25,371.1612,18.84,939631.5919976123,131073.0223614911,1340972.156854166,25542.210964897604
26,317.1642,3.75,391246.92880461086,424403.63836927863,325635.2502439615,448337.35829215107
27,408.1716,17.0,87345885.24807529,84641907.92254853,94098546.09007293,61510827.06289342
28,302.248,11.24,1208476.7090155547,259198.99892253685,1347595.6531188656,47986.23759996948
29,256.1808,4.2,9676665.938333431,8828892.28345066,9429964.57873174,5328314.888876118
30,279.1856,5.1,12661780.451069973,10142956.884070901,14032130.309062462,6655596.640422402
31,245.2014,9.47,28417419.618066303,19092601.00463497,24652067.937220886,6641808.497273004
32,180.1017,5.91,396289.83431449975,417643.34741698304,336911.6051074074,405429.6653205933
33,355.2015,4.36,2526080.4046384953,3029120.2404267313,1749426.2343676472,3315604.202150558
34,337.2121,3.78,726507.1147167841,696350.0134793834,547278.1658781379,817961.1774114853
35,310.1261,5.6,5605310.8203988755,5218650.365321669,5794474.572828397,4682158.549814319
36,327.1369,5.25,1763572.798088993,1541859.4974837224,1579989.5372565703,579700.4186931549
37,384.144,4.18,805351.2364194987,787347.1154007202,656362.8131141094,739025.985409108
38,235.1802,3.57,923880.5188220184,973151.5085255003,834570.4508285914,1139671.16115958
39,195.0917,3.52,4680290.793817375,4505982.884445744,4048528.9300686857,4449827.951841032
40,438.182,15.81,5130513.856070968,4665500.713371835,4598990.661978278,4255880.696246798
41,361.1199,31.6,588540.4996679283,538118.2512935693,624100.3671838706,626610.586345497
42,242.1175,25.46,126665.55721748405,108854.4737841723,104110.86181914841,100183.37643889598
43,430.2586,12.39,3433417.999266348,2961599.1590696285,3164323.6392146656,1227758.1671045066
44,180.1747,5.24,2647254.782227586,3360186.1027608765,1166782.8804993217,3624850.920011287
45,484.1226,14.09,3103335.3082966446,1444208.6788782384,2875430.250566449,383131.6142904422
46,480.2131,12.8,1576868.0000408373,313465.421375292,1323041.5834548755,36461.34081889374
47,254.1539,5.32,406282.49969271594,409008.33954830986,279715.294695403,352736.24078604096
48,285.0206,4.68,667299.7067240053,759257.1271744162,638598.0571538942,939790.7233072233
49,311.0809,7.22,333267.64979358413,425303.41352506424,304254.50890009844,470835.0615702092
50,397.0093,22.58,31954924.35374937,15374146.567262543,43959297.13667218,3154293.0959327356
51,338.2514,25.45,32712458.36841041,33882835.92055879,32676654.601404607,28182653.39915534
52,377.2109,31.56,124953.81976616141,137169.19405903263,149718.98281706154,128299.21300144248
53,381.0322,21.68,14390112.87872194,5198986.777361283,16900896.81918444,784292.0099816723
54,312.1378,16.24,18280926.947975863,17392192.926711816,17404118.19278643,17346292.436673027
55,404.0368,5.23,1404114.6917007505,1563643.0187238895,1302588.3516633054,1486325.6055213944
56,354.2429,20.1,14800083.071964059,5568396.206080631,19647813.955351133,865591.9726215149
57,324.196,10.55,36944253.99632879,31313442.042754963,36625865.204393625,11462537.994446825
58,607.3224,31.18,14387.145403816681,9044.801862164795,8417.503958556485,9616.166007929107
59,470.2307,16.48,2455743.237800056,1343444.7861748745,2636466.407857812,133295.48717095255
60,427.2136,4.62,2616437.0313757136,2682836.9998818994,2026829.9784749504,2523982.8043142846
61,349.2121,3.64,1656723.1113023506,2027668.8012469062,1385516.1568554768,1987966.781574485
62,400.1475,4.07,459863.6255817398,611201.5690832328,332391.40119584533,766026.4709155654
63,296.1469,11.69,16947640.325621635,14326874.98758056,14869469.161161328,6545549.672886683
64,318.2793,21.44,21133334.393126383,5254303.115360401,32776166.66650117,452855.2893268586
65,442.2221,17.92,17622958.697830927,19323513.9986554,16959166.684721168,17707280.23703399
66,914.5269,31.72,654708.7121033543,453980.6418727273,850561.4662456063,870416.2926540289
67,294.069,27.23,1244079.7481229168,1038741.7305476641,1146114.8922019417,1047024.0017649457
68,266.1653,6.48,30958745.691547994,28893437.492349852,24340710.71088083,27015442.089814812
69,345.1807,3.94,1856213.9599356148,2098922.054605309,1359292.5393007454,2139224.527952166
70,383.2803,5.33,12530.453243717286,1799.2792919450994,9083.038491652833,296.72116673926087
71,383.2789,31.12,40524.64317991338,45152.245345733565,32235.310524465138,49943.118388422175
72,333.1403,0.64,204186.49146685866,220882.58082105845,210797.84776824008,249078.73549610784
73,416.2774,18.99,6885531.663100045,5539440.741585585,5612954.209680181,5543326.378866559
74,346.1019,5.3,136287.13448275835,87069.76287219023,96575.70000506753,61487.95513855686
75,411.1975,12.3,944508.9312681032,892341.571332503,883065.6095682783,895125.6992140647
76,325.2163,25.66,2584815.0207016906,2635273.811647541,2715945.6674976926,2527658.0643794434
77,1019.4478,4.46,81472.31503946241,96606.62022077179,63116.14319677771,117294.2916817279
78,435.0565,29.5,7943863.355915744,8051831.129136985,7021661.191003515,6978282.679076011
79,364.0948,26.56,10229074.911863348,10645672.452840839,9697140.273011947,8402041.771511236
80,214.071,0.67,14583.885283276082,15658.664864295784,18511.824112861017,18122.04615281728
81,201.1385,5.12,142036.789817841,179928.9411886392,64544.2249942006,175659.48681546227
82,469.2698,5.36,15685374.060427312,15289953.06090931,10276397.332229555,13124080.312394474
83,312.1959,13.1,6225373.538858256,5047510.961646048,6143603.346260079,3348579.036388985
84,239.0743,15.17,2260888.7633629777,2149303.2019079765,2164909.3647070564,1935452.529367098
85,307.2267,17.53,1847814.5718562186,1860059.7998282996,1915617.3934084945,2153442.4874767303
86,325.1546,4.29,2177490.050171324,2209660.0000539366,1858188.6888224722,2065781.1832536515
87,329.2172,3.37,4570229.03348518,5415348.790859855,3084063.836275994,5525411.391984502
88,471.264,12.3,6714856.948572257,5422097.585201641,6375286.560163344,2192919.1627353113
89,612.307,25.49,11036122.720372546,9061315.351404663,3693852.728796551,3324237.9445618233
90,337.2176,13.04,4814829.939095535,5039303.683595253,4564654.627302125,4924535.85620614
91,368.1737,3.71,6742012.714796176,7361732.277060023,4733154.175203474,6869970.501191992
92,422.176,6.05,909539.2005641396,1186860.1491888168,920339.6392226191,1387224.3761187205
93,441.2419,8.4,21706984.79489441,19650878.35145563,20460323.162059218,14991354.883497184
94,258.1127,16.84,673774.6906665332,650402.6849557082,436984.5441524718,351680.4557067004
95,316.1766,3.28,943137.0570396828,1084818.1116017385,839423.0298895143,1297592.985454929
96,222.1854,4.09,9988345.868233852,10848553.150208753,8484388.60066659,10237594.096014185
97,836.3853,30.08,826764.4813910956,255719.3990819939,793183.2090820707,272862.2886895152
98,308.1756,3.71,1657323.0029308638,1983887.3626198717,1375008.4026829829,1869146.3867884455
99,542.3112,32.2,2917267.2110441537,3147171.601551152,2999974.602450352,2889483.0773613025
100,556.3274,32.61,13000654.55830703,12479455.109706856,13619186.347530674,11182133.051056884
101,438.1702,6.2,3991536.8622315163,4242750.706865893,2833209.155212673,3972362.205275684
102,256.0969,15.53,1381015.290618999,1448347.1325151853,1390381.7202796163,1514813.846755642
103,278.1214,24.24,1501248.9543036807,59540.220639137675,2535976.3773227483,531.5727596550983
104,335.1502,4.46,5962903.476999276,6435829.601659378,5370952.840933467,5539718.85945573
105,694.2863,25.95,6364190.071202617,4449594.779259926,5151801.08405707,1665121.8770008604
106,328.1908,6.34,13631165.675141927,12827646.096858101,11111077.15141766,9490621.605409307
107,247.1803,4.88,2402989.383448755,2467454.596137661,1496439.4086740387,2471445.7850487176
108,168.1742,3.63,267632.61736043775,249253.9706472403,259669.78515150945,243256.66291958297
109,348.1453,3.23,373605.8501998503,329520.3591161156,224546.75168910477,331958.27878053533
110,292.1114,3.22,239543.60338966886,212488.7075724288,268182.9337132997,155327.94171858658
111,502.2384,23.18,5256008.123448802,2911839.2357252324,6439290.682446304,812237.5279568743
112,632.2532,31.15,6335079.151443341,14482949.773788387,10279844.348722305,7380084.685822424
113,548.2423,22.09,2582817.4730663616,2814822.777970031,2519756.370375054,2433301.790642738
114,557.2059,4.72,1987340.335866196,703265.8668287877,2157710.1399846803,3702.9340943700013
115,484.1858,8.47,10264244.065192379,10135593.166468142,8000744.360794637,7079407.276786393
116,451.2005,7.81,3787586.9051007456,3735831.114834628,2424891.1917620394,3046570.4769631857
117,470.3052,27.72,33194725.401092175,48149083.104244016,14366741.464543972,48479076.12481627
118,449.1626,25.82,3257392.771658311,2898860.101657807,3038452.2697882587,2974983.013992767
119,349.1835,4.82,9826048.68220339,7812656.61720671,7875402.877419327,3699490.719391818
120,420.1363,13.86,5378193.148543262,5166141.299558992,5280818.326139124,4771208.491803157
121,367.1666,11.04,6190128.915091661,6321019.347651776,6149395.122476229,5911122.788461703
122,355.1022,3.34,54299.17382746818,54909.584825589714,32654.948880480384,48519.812484918
123,311.2005,21.85,2645724.4418355166,2918547.6496755835,2506473.3652884145,2648416.6136299856
124,295.1806,5.19,8098608.379924466,9283766.92561181,5870765.504921972,9430731.344876628
125,517.3534,30.95,44150.227940066194,37064.253698360364,37720.04619465445,45265.9141789523
126,289.1215,25.35,2752343.0912720403,2384331.274726067,2601606.075874665,2668791.569782088
127,269.105,3.56,1893514.587005192,1767184.4332994437,1755081.6707968102,1790827.9952007716
128,342.1695,3.32,1259033.6290006787,1490051.7884327618,1136174.1647724325,1557774.52304223
129,231.1493,24.21,6718368.848125108,6907361.410804451,6819842.966390974,6267480.46037852
130,325.1712,8.43,176704.7502403927,171581.00318225118,276176.7566290042,101077.97757513185
131,528.186,10.47,1288810.6431738092,1309083.6228348485,1242463.7260657838,799688.9397419429
132,475.1137,4.26,460606.26954130974,629270.3309936365,152796.45235545613,722886.0811068194
133,172.119,0.58,1172936.7489371903,1158563.9966047662,1207698.9603021264,1575534.6775887583
134,432.1946,3.62,96864.63253289249,109471.76174558488,90446.59184435202,103019.70531611012
135,387.2532,28.98,6448419.951986071,6529209.552666879,6699270.123978917,6359872.220627476
136,255.1128,10.47,1464798.3912602242,1451512.58924001,1477031.2289954436,1290872.5464801085
137,282.1603,5.24,8553858.781759154,8118536.439223591,8911076.407278452,8646733.332814522
138,329.1532,3.27,8071631.071491325,9213956.844874406,6125524.535850497,9190694.62622666
139,242.0803,0.6,745486.594066967,893592.6713813287,752085.3158927204,822403.3051880384
140,375.1836,12.34,14606357.770968659,12634836.998534314,14758551.53594508,3942334.9694941416
141,315.0722,11.99,582876.0137402111,556517.5094863618,574165.6792587063,554599.8705999447
142,433.2145,6.07,2069788.3274666518,2090863.820716788,2239642.59333457,1582104.6714888073
143,206.1399,3.71,5607060.295697807,3493779.718566287,6534912.106741882,616354.3972295856
144,288.1593,0.59,452514.1254180866,557248.347297635,461276.0453153593,600524.0908973691
145,415.2118,22.78,9244844.916852163,9433976.260548962,9306463.382278245,8291274.027469024
146,403.0424,27.42,4647099.9430483645,4876006.492482643,4592036.823147033,4160299.0011815983
147,455.1755,27.82,3660846.2799361693,3406446.1627483917,3654897.817367254,3151602.694490975
148,406.2084,3.76,912366.8158963431,1011791.5188183907,697016.9982020739,1197660.340835289
149,352.212,14.42,7339496.820753091,3253954.9131349823,7749887.385826776,663165.0908437822
150,510.1568,13.19,1417991.2282284799,376601.2316617714,1012044.6815051401,86321.85373208727
151,441.2036,21.57,1363058.3492694625,33278.95854417322,2650063.2508839695,2057.699298645307
152,319.0745,8.24,577229.752218046,647603.3924199309,604407.3783368982,603183.1698619033
153,845.4821,11.47,3646049.7825884395,3668513.101620402,3893611.556577873,3103808.6503325906
154,535.1577,28.13,9365935.448703172,10284093.752838885,8949180.291366797,9723165.416355079
155,540.2607,12.55,16172775.609343281,16936187.60596769,16229294.83590298,17082607.02281112
156,615.1235,24.23,4336.634444341127,0.0,38972.67054578345,109.46777690438718
157,448.2452,4.7,1989955.013615816,2601015.0840538703,2311560.8187865634,1841193.6726597901
158,445.1463,9.27,1925000.9896706096,2010465.3502663192,1507650.8180258083,1511634.3147897113
159,289.2276,5.56,15507126.9110711,14469309.240996117,11990917.415755033,12448852.232031606
160,371.1062,24.73,4607287.870879958,4345359.427526155,4456474.315633581,4696449.0343469335
161,483.0844,29.61,13795467.650134988,12056664.784881098,14099336.063200096,12927919.217872107
162,1270.4467,26.22,340.0113322689636,0.0,33378.337664487735,0.0
163,720.4335,24.74,9990991.212351348,7596691.044691657,9115511.923159909,12306858.299126705
164,564.3079,31.29,303875.59400844784,258176.1937741976,395292.7016148849,306712.6211208286
165,412.1917,26.95,932378.680408815,912694.0795568622,975841.6054340097,991584.9626054077
166,847.4493,22.47,4050080.2012427365,1049513.477357255,4602648.698373589,185050.009970206
167,294.1646,4.51,652272.8377595939,606036.637397645,392121.30581576016,407519.9207152129
168,329.1328,31.56,12351537.10779112,15956349.747218207,16024763.967877436,19900555.16161605
169,296.1858,4.41,8902664.243497984,9384849.867816249,7284908.90227413,8621305.989101306
170,221.1109,3.86,4185834.2723626276,5069996.391132912,3514724.774149512,3619964.030018003
171,304.2008,3.2,347213.05569593585,357653.4014795694,299911.7649736575,421218.3114715142
172,496.2416,4.53,2990439.241729362,2614438.6417069384,2909299.589918858,1374022.5226460113
173,379.1639,27.68,1342234.4960281434,1024577.7756263659,1173853.2033082657,1157411.0645037605
174,390.1576,4.43,469288.15341501136,533048.9663911938,294264.59882443794,551072.188209692
175,391.1471,3.27,312761.3749523924,378521.1692958368,326661.00429047097,384044.01931947516
176,285.0669,24.8,1131224.8848447588,1017959.6045324252,1091953.8923285631,1045292.4430800758
177,371.1259,8.02,1690236.3888327472,1545212.1325905893,1445356.2366583438,1297562.796491295
178,308.2586,24.7,8393689.980883121,8458234.679689761,4702279.544345483,5920690.472875183
179,376.1451,12.96,15792034.474170689,13138131.694223713,11417574.8417469,11009387.92234808
180,451.1646,28.83,5625573.321292967,6174550.494811607,5714890.067117204,6126227.695849113
181,227.1115,3.82,361241.0608534649,307523.19904687,431700.1005512293,139539.88396898872
182,616.0846,27.2,848338.0780848736,898914.502335759,836215.806522886,897850.1936613391
183,442.1883,15.58,4211135.678713962,2867456.3356295726,4211999.457404688,781895.9589683332
184,398.1978,10.95,12954851.284735048,13910594.593846425,13532213.113743443,12404738.556858594
185,267.1856,7.84,901725.1997729248,1057100.1297633217,568077.54731883,716209.685728919
186,460.1975,11.39,2230557.026406927,2127094.5976530816,2267454.0557626225,1929163.5278240456
187,493.2632,18.09,228156644.98467946,204363668.06484258,175388347.80660644,118185946.60901874
188,417.1279,25.46,1935426.1774755737,2124841.9168120627,1861800.9900160744,1952221.058662373
189,399.166,4.11,3769400.365072554,3886967.0426659803,3173996.764663141,3506199.132087987
190,200.1096,0.59,119955.50274386545,153666.62656330748,112028.86930748084,156896.2741668232
191,186.0911,6.22,59457.43483934248,54361.80021568654,66170.6456939139,35465.33802532991
192,316.0342,28.14,872264.4671608822,866286.1436710317,851775.8297995869,791110.5341621882
193,810.4553,32.27,12871.877905733667,12008.433861228033,12547.608497126877,13347.207899528745
194,394.1395,12.83,1907120.9964297314,1823762.8843410239,1788914.8906369694,683986.4136895072
195,486.2001,28.43,8446685.601673946,5707084.660634622,7884968.8536458155,1088932.9467123447
196,461.1596,27.85,1510875.3690299646,1626185.67648237,1447192.3896699501,1579750.7590042287
197,308.1427,3.91,1558389.0327074348,1593074.116279821,1413909.9323036508,1694247.333405016
198,416.1626,9.45,472560.966989018,6598.492378173378,1507813.149502951,793.513794630784
199,359.2441,3.18,636471.049740172,575985.0915629638,547191.1417955173,557730.0785409999
200,351.1951,32.4,123471.73757589358,116786.92076657886,124738.58577030014,125747.69792011389
201,302.1751,3.54,701146.5655435206,865633.5274594012,570858.4445723922,939142.7658829654
202,339.2171,3.79,7797.491853421109,10693.877885290478,4416.29357428917,14863.382177310908
203,331.0429,27.45,1210050.0339576139,1187734.8006299315,1188159.8659734337,984075.8235785144
204,192.1383,13.95,21526393.5869899,20431251.51269514,20757919.715590723,21096193.283823065
205,340.3688,29.09,3701752.6860168893,4268774.296272276,3581800.0610377984,4593704.873458348
206,555.2517,3.68,7408414.379606048,7774992.18819033,6269742.696995728,7728917.689309265
207,305.1085,29.93,30699858.075474605,23409813.898769468,24140587.005103856,23851441.719394553
208,109.0756,0.55,60518.88680765351,76931.39236929672,54311.166240496095,51220.06714364773
209,204.1382,18.34,25626790.7613269,25615822.760331817,26368289.436871108,26257982.629279528
210,291.1956,32.26,539647.104357919,637303.5928240607,679948.4250497741,761245.3245315589
211,362.2113,32.22,4873604.547947718,4318672.392444048,4255801.043235727,4011264.604918719
212,220.9531,8.85,902803.2812482023,892278.8304339874,896045.1743415731,860839.3867128012
213,279.1593,31.34,1777089.0288003734,1337433.5970411606,1392817.1301345932,1304927.8709135423
214,275.212,4.36,10482286.624124253,10860172.0350722,10419682.654541207,12911855.019645413
215,428.2543,6.77,5547641.465495236,5604605.861461969,3969907.047445178,5586508.072729205
216,214.0993,3.57,1481607.9493212576,1341331.246207412,1479547.02793688,1576176.7237461647
217,427.1165,4.29,2652937.462048334,2934348.9293857217,2394111.3577422216,2022987.412968945
218,347.2215,13.23,1850528.1148516468,1727876.9833098846,2038789.447767517,1773864.2731133427
219,488.1626,6.95,2165465.2597945374,2195020.573777987,1671774.7056094331,2101544.243495901
220,489.2277,10.47,12602010.232783843,11928884.437395371,10686038.615924772,6400911.919908819
221,478.3215,30.17,1681.6970778438067,788.2511993109447,2744.8999050160874,1057.3553596177667
222,464.3071,0.72,6747.096814958208,12096.957925228568,26.328750594376984,14157.870769702182
223,450.2886,33.7,46318.14370574276,48632.07030988905,45752.7922901788,53388.8719760464
224,233.0922,9.44,2348485.551535066,2294973.284897614,2476309.1569346637,2245889.817582751
225,558.2299,22.03,5296146.533817587,6175105.24122745,5232512.724398675,4916554.577900198
226,417.1177,3.4,1143343.1459792536,1155883.2411008086,1044435.9265016228,1090350.353689689
227,529.2286,30.87,9806180.537188865,10465509.44244901,10122915.457355995,10778162.683961522
228,359.1963,3.79,5624879.451848254,5869052.065049909,4470167.319322774,5876196.379506265
229,313.177,3.39,1846877.7804949319,2206647.283801077,1970234.7818243825,2312216.1101851235
230,330.1501,10.95,7323058.38378723,6952180.4285823675,6243272.6731939325,2825604.254067273
231,433.2223,22.78,5863787.67798306,5657621.920801138,5369248.276462047,5632135.190080589
232,234.1125,11.53,1012117.2632218857,933538.1356963599,997944.4605904783,923447.5480516932
233,413.1196,7.42,2146684.6221824307,2104303.701851208,1831687.7679861758,1386404.999268285
234,163.0858,5.69,587900.7936757122,606479.7919441375,548514.4970227235,635950.1932694011
235,316.2018,3.44,1263325.1476495662,1432752.2284052183,896824.328580627,1346460.9081882532
236,220.0968,6.85,1553986.9570024293,1705384.9202471217,1491234.6347119245,1780865.7524224226
237,223.0867,10.99,1569937.9153277292,100792.95376757203,2127972.106698273,6890.5441651703095
238,119.0602,5.16,401436.89553210884,427650.63091134565,427353.71216868114,470752.304016965
239,185.9774,10.96,94720.36904017246,83099.30599525683,85195.68979005869,80468.95001831773
240,226.1087,3.82,2577318.146889325,2300532.3018058417,2939489.775441527,1094563.582909154
241,296.2011,6.7,11617035.926782299,9936767.609947411,8459030.103718774,6235613.445781462
242,306.2068,3.2,9737.542770169177,11045.651857731966,8021.990647557957,9353.79685254052
243,425.2436,5.73,4492707.307554065,4891415.340143667,3673949.9873078046,5498958.559466792
244,457.2334,8.65,21293971.57939036,22885942.16677777,21816899.928787444,17220350.379159898
245,223.0755,21.21,6568671.154319994,6400140.718943753,6916070.344421343,5627438.266164621
246,433.874,3.5,916122.9598888095,931427.6472886172,829779.3611929226,1241667.979738949
247,156.1013,0.59,46643.33210933955,59356.754298477186,47060.13387025295,55014.62814819899
248,1135.377,0.97,732.5659848042085,1804.6171829339596,768.2456068554959,1061.7906866454023
249,329.1942,6.34,2202556.3142397455,2547783.4578506714,1225857.5364417168,2266078.85762632
250,175.0363,31.21,59468.4196981705,83334.60728340462,136439.92211246243,71860.30900468398
251,225.091,19.11,1509283.079037639,1426483.5150607869,1521026.4913656865,1358851.3002961364
252,189.0543,7.96,195062.63638423226,201262.73345770102,180401.58840854611,192977.95031738793
253,386.244,7.78,19923181.666047003,21899278.754159153,20363959.010129284,16035338.732774539
254,318.243,17.74,2309854.9178809533,290482.8176515803,4028390.560300908,50693.40921774165
255,325.114,3.17,81739.00017924645,77631.72107031845,74324.95101088716,79614.23065162249
256,325.1152,21.77,138508.57832473377,110417.7584113774,125118.41547928739,15633.76657316257
257,447.0919,6.47,1462254.9050166628,1445829.3751756218,1279703.688505851,1682186.5580876586
258,265.1909,0.59,172223.91932335263,207901.88235736414,170436.8650915927,192477.80171113566
259,249.1959,0.59,191463.76064340989,234128.17767000513,196829.86868686735,220933.28990421607
260,385.1296,4.51,993628.2132510814,1013316.5967090026,805912.231837231,903419.4785972219
261,343.1434,4.38,4415448.047801198,4702212.227645479,3242899.277522628,4416230.585693539
262,395.213,10.81,23372380.317891728,20080207.219631374,22829425.93688397,8516783.577048114
263,381.2538,12.02,6333970.083772909,7212706.234697653,5997982.460503577,8385852.188458015
264,453.261,4.83,7684039.414546275,3911270.672418545,6718311.948144241,789248.6981151087
265,330.1272,5.39,11067073.35653021,12769143.304735593,13680411.816296054,11728374.85680029
266,347.1249,3.96,559385.8744205488,623464.5534955391,417804.58687155717,638584.7504527452
267,618.2396,7.89,506613.2784457769,114265.6380048637,712767.372541439,7265.440678001281
268,501.161,22.01,36698980.59856688,12826528.621699853,55046349.65877348,1959683.9538314007
269,526.2176,23.1,29656587.426695302,23591462.373069234,28292162.27582768,19862211.91988885
270,334.1664,29.61,5773670.627109215,4985910.555640867,5450335.555233579,5435876.273087858
271,330.0582,25.7,393072.1715736355,412878.0801089246,391470.13115088677,400459.6882280589
272,397.1691,6.29,566002.6447548268,631600.4359206462,499776.5228178657,628085.8081803625
273,455.0437,26.85,4067110.8677919777,3818662.873139727,3535824.9490480134,3689342.9510631533
274,315.1502,7.5,2472282.963122211,2388294.2865218623,1928889.527679779,1687851.406631368
275,469.2459,7.16,4576498.446696302,3704496.871476787,4102081.250727517,3696444.8388550594
276,352.1818,5.17,2237384.654902108,2755150.3663768093,1438702.9434115973,2880858.161055551
277,322.141,5.35,263617.3047506719,271428.1972447226,281637.16630214895,115014.90893727228
278,501.2786,5.58,4362929.715689487,2910777.505815069,4580095.729241775,829902.8924982917
279,402.1926,26.33,12969891.962747779,13516424.810691217,14372534.194579527,13923399.682603229
280,287.1293,3.39,5145246.190556462,4127712.4462864,4470823.478168913,3557843.390838227
281,341.1524,3.42,1509940.65280415,1798825.2259670254,1104363.695304768,2188161.2462610546
282,481.2092,3.75,1800706.7449860969,1784223.8400359927,1602716.3322007915,1154564.4554110696
283,435.159,6.51,3549751.3455852214,3642816.525984872,2797920.452184143,2588431.0576122114
284,444.1191,26.9,11821831.921402272,10325710.083952872,10541318.824292911,11654016.191629818
285,541.1421,21.88,4915926.257755501,1627871.2390155306,5299933.503163695,269969.2341786975
286,479.1491,6.93,2765416.4197859145,1833486.9949259527,3003142.1603768566,300665.70402592
287,428.2709,18.57,2488225.255451832,633230.3790597671,4612744.730247527,96316.35788421037
288,546.2824,6.28,4657666.105302718,3582128.9178352444,4837351.183361022,2336019.0094880397
289,573.3429,3.92,539535.0253420814,312828.0650085993,522256.4830374049,69374.37152032167
290,435.2501,5.46,4338950.167924995,2597739.131507422,4515245.901128111,166977.99673494068
291,434.1688,12.73,6815523.169955634,6800369.421549958,5535284.9181307405,5289132.809435759
292,485.1883,5.56,4428764.331012889,4757676.6686932705,4484527.805339336,3151637.8823232474
293,478.1557,26.23,5639631.670709791,4986934.664402327,5792020.751563215,4607449.045500313
294,409.3322,3.53,1667964.7756721799,1433445.7837016762,1515133.260304771,1333589.0630087869
295,228.0342,6.04,1274477.8828544142,1607006.1607382866,648971.4666020677,1541769.2742511947
296,639.3768,13.6,11518881.27447354,11678961.838912677,10170594.313058421,10631788.30455662
297,628.1011,31.91,1269031.0618815478,968855.9244381073,1101402.005175761,1199534.547534799
298,342.1006,13.09,11323085.41299708,10229519.149693603,9721478.698485581,4889071.913148126
299,507.2333,4.11,1017937.9517711885,934637.7867130328,709880.3131743701,717727.6836814999
300,518.1647,27.73,9745768.115848698,7414402.040468094,8478338.345173601,6304132.331960838
301,414.2865,3.83,6796618.172340582,4872639.248529608,7022491.281917062,3214194.374463591
302,481.2919,4.64,2091335.0285497764,2396961.8266612194,2201866.720536113,2338916.114084687
303,501.2331,14.91,16164478.839255242,7758674.105872478,15863850.485091439,3061441.5919927843
304,334.0642,5.28,1073797.882871589,711468.3662008478,1078007.9259017857,4576.58675120316
305,310.1414,14.76,471885.0380257331,43215.69989836353,1106284.6351978648,9773.718923164493
306,448.198,14.54,7884740.452403263,5914546.24063359,8078510.226956372,2475768.6122066276
307,354.1268,5.62,2543786.2798460326,2719082.513240539,1718404.2414661827,2462520.362295588
308,592.0988,8.33,6838482.17759858,6692060.355038088,6476680.221966622,6041432.254852882
309,401.0467,9.03,4683325.90300213,4217025.604827447,4824767.847904043,2784127.6509818244
310,501.2051,10.03,16467574.27102696,11165217.556753447,13636562.143301517,8756936.172889037
311,499.2504,25.26,14371414.4682713,15147280.749507412,10652934.617822256,10659737.920201045
312,376.0823,5.49,2914462.038959392,3014158.64846169,1783386.3628335965,3279285.6348282034
313,557.0004,30.58,9901876.930030555,9951475.028761275,9518215.560052546,9393866.544506695
314,519.1233,26.83,16266045.597106801,15062948.745008614,14122100.91920882,13339639.240493732
315,388.1055,14.63,1414890.2200196949,1402763.659206826,1431042.0820958805,1493232.9202911104
316,327.012,22.3,1270941.7048069676,1412787.7610845128,1287895.5103965376,1524747.2504581884
317,474.2288,21.77,3782308.9415171985,3649135.6725743073,2786606.0650485423,1546743.7968922637
318,434.1895,10.41,9728511.465877486,9545713.71055518,8905357.14468114,5676308.455466642
319,438.0883,26.18,1461430.129665115,1472170.777153505,1509518.8780530635,1485844.0533152227
320,227.1544,5.1,12349527.011116708,12850339.636769285,9012980.176345225,12202236.491811853
321,354.0785,17.9,77408.6906085103,192473.12237243704,167049.97328554172,262840.9933759829
322,490.1985,16.95,803857.7113759316,125799.97176805191,1333176.137413479,37114.41595386351
323,561.1949,24.44,37037614.79831675,37518772.537214406,27345016.697106346,23421265.34586527
324,500.1623,11.53,2434972.9757900178,2127672.8939911695,2520624.9969934146,846117.7222224987
325,638.1752,32.33,6741229.174204534,5987464.753550576,6465117.33843615,6534916.309710413
326,389.0899,17.63,3961657.8161814674,4008600.6616072212,3674096.7871901924,3310944.512252899
327,413.0807,30.76,273224.3604387703,248784.56299541562,239122.79837979097,277628.2601363651
328,174.0535,5.35,167192.75385170718,74963.06315634449,169164.51730156282,4661.29731671684
329,813.2653,19.72,437015.73928865517,409752.4217311395,446741.4475140597,428860.55530262634
330,365.1609,15.51,3900595.283264022,4061352.3838678794,3389730.259724806,3702461.1965912506
331,362.2552,3.49,3833230.6493912945,4235349.2951684445,3297198.3794875313,4939703.190875833
332,272.9868,5.65,1064838.9759730145,913671.1861216817,1096873.1520904542,946544.1257722996
333,454.2596,6.43,1558237.6785968235,1588360.9486555406,1549876.8190748773,2009028.1733309627
334,463.2503,19.33,2396674.5817761375,847509.6847097169,2809425.4345028535,111344.33347349278
335,283.1442,8.06,2284098.1870033466,2491883.192261327,1946067.4442494716,2571629.6779191988
336,162.0544,3.67,471045.15820374177,513502.1837728225,418207.4149802658,462812.9366016765
337,480.1019,7.77,716587.9589843467,753999.2204867534,449086.3495301727,605181.4488120435
338,370.2489,5.57,9776187.69783941,8326498.785527647,7378351.671283677,8097070.988996821
339,974.3027,25.84,67856.43784636528,65969.15981860581,33797.551133394816,49729.03830470327
340,441.2756,3.87,2891044.0769671244,2565295.7614389434,2911015.4224425238,2205630.89092837
341,408.2503,10.3,3092047.6769691817,3145796.730656973,2996299.557671681,3140030.565491792
342,517.2253,24.41,126255.32380758946,196771.18656713847,718885.3796225821,927716.9691143502
343,418.1038,10.16,4811365.211443585,5540666.8466000045,4473055.369657129,5588922.624007215
344,280.0749,22.28,285716.1204796634,292550.0888625944,283676.9655747325,363151.9819461328
345,381.2761,5.34,1985431.7275811099,1829946.8461102422,1121024.7663566978,1293775.5170577886
346,368.2077,3.85,2385657.0733503224,2444124.495194327,1900913.6945701358,2021216.5926043135
347,353.1496,6.55,5281626.544890667,5402754.351249294,3338423.915408766,5712612.749737867
348,383.1476,6.9,3359308.313214367,1999029.5248096706,3188732.0054627773,85252.1088465646
349,380.1754,3.39,688894.7928380751,510219.233276113,599471.2598339937,210784.34683515062
350,405.0968,8.42,3892991.471031381,4018099.3633346274,3769839.9515966093,4126047.326444618
351,396.1663,6.29,2583960.2175243297,2694775.9349003145,2314441.5893366733,2725875.4561018273
352,251.1542,9.96,12950575.735926317,10671464.596551163,10859133.382665113,10161890.381378824
353,545.174,31.16,4047334.607419976,4420876.134672142,4567611.978744762,4582702.851260495
354,376.0291,4.8,2327266.088382544,2335553.884174964,1786021.7659816998,2147134.296375097
355,601.1745,31.9,1606995.7124896361,1414323.440125802,1712766.8551431517,1506124.2926867437
356,445.1455,9.27,1749539.2756721617,1920738.1179648256,1345232.3355344192,1360026.5205042926
357,416.2221,29.49,7726048.577663283,8569018.190997148,7514100.411047741,6874266.12552402
358,443.1733,9.04,8299998.412316817,8420473.165744899,5997423.277583576,4994568.484089709
359,378.1611,27.68,6598309.371324865,6364073.364051335,5412691.085726613,6055160.33092562
360,284.1062,4.01,1761496.6917092472,1994932.8426228692,1400744.7673298416,2153203.1195180714
361,384.208,21.21,5852425.899775425,4845386.585824275,5884300.023189149,2563440.4491396584
362,571.314,5.62,4790873.2688825065,4437279.5621030675,4240805.029330323,3406647.64834008
363,258.0327,6.99,291793.78233104397,345380.8747707267,299461.2393831665,394988.2751684771
364,367.1266,7.7,7977248.101859078,5921090.96252823,7182907.623679903,389463.8996892376
365,338.0859,3.25,299170.7025357628,329326.3414162982,247626.96813032532,312620.2606336709
366,312.1707,5.07,4688167.72998994,3860157.418793315,4304990.020333878,41101.9048511895
367,114.1271,0.59,26001.14854309732,24865.809839475733,26847.039098613055,26926.13449762279
368,505.0367,3.41,29015.031467828743,14865.600515454476,38983.77148494657,19519.14852604143
369,374.2335,8.88,131790.17809151692,132958.18508220892,138744.19428152524,126393.0920633787
370,588.9687,29.81,2546838.9123612307,2877538.2730884603,2791605.872767991,3369610.4118041047
371,473.3944,32.73,40683.22816536986,32655.285498908488,37486.67358684103,31950.81770237426
372,426.9834,18.55,3370877.3382776524,1376264.025804187,4016454.94912721,271272.4298155076
373,321.0981,3.77,2123303.6122256666,2508669.5716795977,1558669.9655877622,2755758.1236077584
374,370.137,18.33,1063222.6516868668,1139689.6678554015,1144780.3729447797,953050.309305063
375,215.0484,2.54,70311.0930095455,73227.31567352264,58754.02079189162,74224.00229309665
376,307.1666,6.64,12173070.281351544,9803685.66863216,14062575.756914506,1015386.681536095
377,502.1774,16.18,13503553.49209185,5698037.581148421,12681747.828491483,2081942.290466093
378,465.094,28.93,21369593.124991722,22020423.611654583,23415306.95966784,21228389.256622978
379,445.1627,14.76,3364657.849148212,3360881.540304018,3087813.7492932742,3155862.383325955
380,245.1397,3.19,220256.3415951894,250730.25847463583,187862.64803896964,302044.43257239315
381,393.2176,9.69,4832862.639035651,3947845.1708019217,4443957.629030267,3293360.04339618
382,393.2172,30.26,713785.8297661289,734689.8243610113,747081.4604869848,679543.7320144452
383,299.1578,16.78,23687026.40615034,10048736.972589571,28126863.150764517,2168508.8662501364
384,463.0855,31.45,22827279.80622399,28752257.182661906,22642142.64042141,21588428.174263455
385,445.1618,14.76,2822006.348954861,2902878.471599347,2734056.0910774856,2945951.0249484056
386,475.2451,8.93,7567059.41564383,7525382.641055819,6915535.057691804,6513540.899452012
387,527.3123,8.33,414904.13845660526,418130.8170347669,355671.6163689432,404004.2576786359
388,527.3123,9.92,200117.99374097772,194556.68542569276,139721.57795200712,162983.06550677
389,980.5712,31.6,1736062.1793362163,1223446.5186260408,1250469.8884335905,2302980.5847646412
390,204.0299,0.65,60848.577849252106,56558.1736599303,59060.88684115441,50483.032052140145
391,331.2606,31.11,1045644.4826307998,952096.436883414,867360.5842965874,1092919.5107745
392,398.1994,10.94,19514140.20843606,18829631.645437587,17132800.14389919,20094624.201137103
393,345.1464,3.76,641951.7158297565,532578.0588908102,607397.3090356529,169413.95529694442
394,426.1676,17.11,454654.53435530764,945187.8478537835,368102.00096705044,717002.9449706954
395,196.1695,14.74,75066.80411813046,69019.90014152862,75763.94164685835,80323.89677027272
396,166.1223,3.79,36655.48006717466,31949.43440291942,34156.892156797076,42391.80445834517
397,167.0851,7.84,1604033.802881557,2027051.3244847623,1034778.4214377259,1221690.6254070355
398,484.1613,15.53,2351129.6376234805,323869.85119408707,4814388.818829684,77803.8007895689
399,278.1905,9.99,29543718.14771751,29747057.796866026,31962522.432793584,14191431.710127845
400,146.1169,0.58,188123.4579298647,184566.2865838396,181169.38108458766,200323.86774586828
401,328.1578,3.35,2304457.956415973,2434013.8732194337,1979620.2825996391,2797964.7938315086
402,363.1452,4.27,7776466.3004676495,8158687.997984536,4917641.315767435,8293294.844370909
403,429.2171,10.02,5024263.500001933,1247573.1480303775,5189149.146009514,190379.7185991623
404,367.0074,24.97,1086411.5943050885,1021701.363326899,1032827.0987291905,1039746.3223576123
405,350.069,20.42,1676072.246830278,509389.0384428229,2233174.250288707,43542.07853449564
406,229.1334,3.58,127528.35993203119,137134.47178540257,125474.40888369479,118444.22926844466
407,500.277,5.59,12991400.160281429,13172377.112307465,13663006.520193074,12156986.725904986
408,366.0291,17.97,607722.2399953471,789882.5984367104,569248.0341794898,902425.1205183702
409,360.9906,28.99,112469.58767219495,132832.90189223454,126778.79523048963,112745.44475041589
410,374.2117,19.41,11270888.487119243,10342563.813294878,9364126.254614403,3672484.519308996
411,509.1142,28.61,6134096.806544931,6104390.129274635,6210462.241317473,5523868.56497663
412,525.1939,28.79,938414.8513747004,1058378.1526887596,1114767.7956461725,1063658.3847465946
413,352.0572,6.17,2211815.510394698,1530240.050684928,2281119.883623704,203801.40698760777
414,539.2532,4.04,5588438.824337765,5765272.850767553,5100120.620510573,4372137.676374085
415,312.1232,23.7,3558007.0506312097,3485840.146222988,3558770.977322787,3681540.3709652927
416,398.1708,3.51,1859638.116473441,2074221.1355253786,1503450.9734516945,2967977.1210598173
417,393.1643,4.69,3129248.446064682,3899642.2909376067,1596185.799703007,3848931.1707754717
418,358.1441,28.3,3651074.6419983064,3678749.447976788,3801078.7576159732,3806132.8597925254
419,606.401,3.48,535077.0059184487,431433.49935838324,687781.6188030955,339295.4270017554
420,261.1347,3.47,4411855.396330381,4895944.589532743,4800391.976496565,5613936.798963902
421,580.2794,5.76,2917872.3104216116,1138776.1871144758,2817149.2532710754,3976.6670100182328
422,495.9259,12.31,4739133.914747622,3562391.300532597,4420801.328193437,1578801.0574326464
423,310.1351,7.1,5269690.906033715,429654.60538858955,5881352.4029966155,2826.9670307105125
424,566.2902,25.4,8016688.196904208,8492518.701905437,7655589.714074101,8506376.422271697
425,407.1625,4.86,5544997.181420864,4229291.993244147,5302906.720598906,2442584.6539074434
426,351.1314,31.46,1377686.2873436953,1303011.9070492126,1426482.0411683663,1379475.8361135293
427,309.1598,5.24,4117287.5708903274,5060416.832434063,2483838.6162584084,5907078.450249887
428,324.0188,17.9,1399206.9651091532,1553842.1249891066,1710453.5347858868,1918794.1579712238
429,274.0144,24.92,16212.7753312602,15118.01902717974,13415.284393590757,14319.698624095547
430,529.2241,3.69,5800461.525393017,4142387.848869234,5087380.8211061135,2079334.548008688
431,365.1973,21.05,4761552.311985911,1352209.4825122152,7803982.457108895,143506.37693059814
432,570.3554,11.8,7549933.585918519,8477511.813345242,5824276.0509191705,7461299.42345512
433,373.1233,4.04,773794.7741845103,529413.0252004479,736973.5658817046,74866.01762514136
434,308.1966,4.97,1377233.6792519416,1004132.3213433987,1361348.6868674036,284389.18823257077
435,525.2641,3.95,2490043.5202874807,3257989.7176937168,1316764.4050914117,3063273.5208750595
436,476.1233,17.71,5043934.486800466,4909138.578220662,4478114.594210047,5484062.156824112
437,613.2122,7.45,707275.2557832466,653384.7782504954,636311.4189213084,598566.8495833706
438,271.1441,4.97,4208090.942437532,4098213.2961244183,2543175.459660959,5264947.789591974
439,468.1594,4.99,682277.516146605,412954.81999998813,759366.9636518796,60187.38991030926
440,434.171,18.49,6412135.756996012,6238668.742101041,5335126.519095419,4634522.408252169
441,478.0953,27.08,1942271.7485062543,1668566.5826782554,1958407.4030060426,1770883.4029625016
442,959.5209,9.88,120615.97893445723,115388.44792730571,95628.07834492096,114747.53304457545
443,412.321,9.82,13249315.404863996,15854101.79150255,7001100.0541374525,16431123.842604605
444,213.1023,4.05,5423422.053649459,6032093.695478736,4236254.8567251,6511439.105771784
445,361.1647,8.76,923494.4352953517,853331.16143604,913361.1311551302,867857.6091688882
446,432.0213,6.51,4568972.469219072,1789944.254594789,4556369.387039494,9623.855225039359
447,421.2738,32.13,1744498.0245814833,1754951.0565871818,1749345.5606545834,1709949.6248340455
448,363.1456,4.27,7776466.3004676495,8158687.997984536,4917641.315767435,8293294.844370909
449,633.2518,8.39,4710895.650500116,4547781.669704124,4498735.131619687,5156271.705032542
450,546.142,20.18,6697790.829103523,7022153.325987206,6413535.268292159,6997361.5866670525
451,329.0893,26.0,5715972.9309508465,4348843.609207187,5108977.65997917,2179564.2921311064
452,563.3447,3.57,406910.7040662394,504786.6328834356,263602.3119450521,658525.2600248288
453,192.0767,3.26,1421908.5867102416,1461742.535894587,1314472.1494920999,1497546.094764585
454,401.3047,33.36,304232.7889653625,219192.33685284917,319548.98115400784,216022.88558412477
455,359.2214,14.41,768856.55229897,801397.9406940248,741245.0114745662,780440.7886931032
456,560.2075,23.83,2066099.8666861956,470328.5821439341,4605658.004009698,83826.45838928276
457,435.2028,7.97,23221058.012714654,27382896.22592357,14494323.587820824,29665130.6972717
458,486.9431,30.82,1022068.4399829849,805786.1710542553,926507.8341436482,983561.6087913017
459,168.0326,35.89,3401.4054111333535,3056.932069442428,5610.539219196574,2683.41209120631
460,126.0544,0.68,395220.7895080781,109403.70530498507,397457.0702344362,127464.35070279658
461,459.0048,12.02,1322548.2910066862,1404947.6867803556,1306559.7350476591,1207249.0017144536
462,465.1002,26.19,2341674.1430783123,1849015.752540856,2135226.9445359064,2107274.3116540057
463,377.1606,3.52,805879.1391825959,768923.3457296969,687059.7304500289,520219.2627793499
464,542.2161,4.27,1675744.8164479434,1882069.914888049,660432.7418800618,2103696.957841398
465,524.036,6.79,2936869.188284234,3312732.6177912583,2582560.7980374307,3235361.2287140633
466,392.2582,32.1,2500976.661757593,2580056.0547304936,2450787.9765434405,2668840.0194864925
467,587.2867,5.9,10909477.496072054,11767173.61511571,7559794.408285593,10568173.45731475
468,433.193,27.82,2448621.425624486,2429200.784450304,2275002.332164806,2709919.3165133335
469,522.3181,3.95,1264671.040879806,1324245.3381655847,1164829.2037697032,1297169.4207518897
470,494.266,4.27,3619460.3339210628,2772003.9683203474,3086035.613387668,1179171.1084892259
471,136.0616,3.57,514602.54637750017,528969.0096131273,515989.38527177135,548956.5467309018
472,608.2268,24.99,1393072.7229162178,1030300.4517782505,1492096.1878991232,366108.3073983509
473,344.187,4.73,15428912.923023142,16932260.65120141,13568436.579519391,15560486.427345507
474,343.1235,31.51,5915.043009807461,10305.073190466772,10334.11788640995,13045.425848538891
475,384.1744,6.41,18507642.246251527,16941569.369130548,14986140.158493392,15606711.289287379
476,416.1883,5.13,378.658445359744,470.14021868694124,156.534095388991,458.8618145599221
477,311.139,21.62,989980.1576245944,999873.1780142027,1006874.3399325031,1031483.9529493721
478,468.2137,16.94,1078411.7604277974,1251916.2296715137,1064163.5602967732,1156719.1504391863
479,305.2476,25.81,2126000.1928158407,2004998.505547653,2222753.2945331424,1868147.9182235887
480,199.0867,3.34,1769207.2304288084,1842219.9122761525,1177947.0554520402,1964573.5882154205
481,318.1601,16.74,1312222.877803978,933605.4689460123,558880.7356841523,413209.40610584605
482,196.0887,4.47,3058127.3576343176,2586451.395827171,2779356.2461314234,2266798.232308322
483,283.1076,21.32,3353060.4384817234,3071920.943018368,3310295.586758219,3005315.148869631
484,361.2734,32.5,691833.0790401427,643252.5274195246,622283.0087520672,624747.5746086603
485,378.9834,4.45,969385.8441853522,902300.77462016,716574.8400448454,888730.1437751757
486,428.1557,3.59,87531.17384018397,97494.30276487768,67622.85382817083,79216.80341624701
487,205.0969,3.27,723133.4192221444,783208.9210669813,650735.8685676998,731380.8598071997
488,479.0259,29.08,2281835.7629497754,2586782.659087908,1978685.3879818453,2206550.5025866525
489,545.238,8.59,467414.65379818156,444054.62631391507,421610.67362922453,453421.3826321738
490,417.336,34.39,1145609.1207265905,1167444.458211397,1182126.724158084,1093600.0889750128
491,365.1963,21.05,867138.5166792247,156965.50210304675,1099409.846400306,10749.615507387625
492,366.1014,3.9,269076.56455450226,346929.0567966049,165624.61680601718,360766.32418178394
493,380.1688,4.85,195799.26074937443,108406.6324004065,213167.8870288851,6336.113826685271
494,289.1077,4.85,331654.42139197735,10028.582381645914,315984.03279357566,15127.198451421076
495,358.1569,3.54,1279156.1754403429,1517153.4301775703,953981.6695811106,1794892.3501995695
496,261.0315,25.83,2823.2220333268388,2841.3289939109154,2631.1379382969026,2523.74214322467
497,515.1372,31.28,6138246.642324125,11420878.425572783,9865902.675710756,9675016.147121487
498,412.2705,4.14,5355218.494006364,5249074.037763444,3892787.410745542,3924789.880391066
499,413.1973,4.29,4300626.126503538,4813530.378524569,2799278.470633119,4426669.551264652
500,348.1595,26.78,828634.2398567724,11796.747946825264,1576308.0457589603,5.987239428952975
501,521.1677,26.32,9945707.030825973,10309287.149718435,11048589.932531772,10905121.753961744
502,462.1573,8.0,1983260.3539721912,2535016.3772142534,1029445.0159561977,2360128.3892007624
503,367.2488,3.86,3032430.407904648,2571383.606813851,3236469.009760255,725138.7717962116
504,338.0857,15.86,1751158.321605237,1685463.4451774738,1828012.5533593665,1846218.269028759
505,430.1698,30.29,18658253.246573295,15767854.771137126,13993090.216631439,13856301.149109727
506,285.1058,18.04,3162367.519532116,4027468.884614783,2665013.2590493388,4718601.810537604
507,331.0568,25.83,3462212.7775892504,3820850.9525288087,3852557.6464046068,4068312.5738445
508,415.1872,4.03,1955442.533600107,2047632.18190709,2033809.7824501866,1262267.086628098
509,263.0815,13.92,990235.8226545345,952816.2715315752,994482.2088077908,1010074.5237961377
510,323.1025,13.74,1732592.045785379,1704883.111021316,1577284.9946243307,1716152.9134894793
511,411.1751,5.02,11091500.020689901,12449486.09812392,12391977.323569521,8834565.310847523
512,444.0999,24.62,1140529.4883911253,1068388.4577116983,1113151.6238183216,1029878.1849743399
513,600.1912,31.42,3225196.40479595,3385614.6919362163,2862978.615237193,3560866.6932752123
514,394.235,9.11,4817894.568123622,4360145.106409336,4664864.699848633,4065141.1818881044
515,361.0507,27.52,3378491.6763099055,2932372.7586810114,3424443.860813399,2986619.1788103106
516,326.1419,9.94,10413508.224836202,12988964.49422955,5353799.564000706,9808207.03550328
517,342.1811,13.75,3831594.112716793,3828460.170877807,3653107.1954501793,3854909.665424236
518,521.2672,31.31,21431728.49946031,16566110.372018445,20807532.22274774,16143186.78789604
519,455.2475,21.35,9764980.125187786,2995717.391941065,11635347.018566187,432544.1078680843
520,309.0906,31.22,5987684.073398691,5690485.957005462,6647853.717122251,4842607.485587518
521,356.0027,26.03,552857.2653994457,585406.601515017,565026.4512341565,589353.5707138135
522,499.226,4.06,1681759.0790594243,2088808.1570984027,1183188.6801519091,1835692.7193386396
523,555.0219,31.65,21305880.86600536,15602892.562477164,22405017.38533381,20803606.853128284
524,397.2345,4.4,3516643.2326098746,3022181.1354873185,2823121.5421345634,2372289.37601206
525,427.0553,13.45,3101721.6675452995,2301429.8698068024,2854604.612303322,701852.7276678812
526,449.1868,26.53,2450768.863560604,99603.60259268843,2256747.621631334,4367.296400670389
527,472.2292,16.48,973152.1429902776,418775.0388517874,1058551.9911580675,93961.88987588581
528,402.1474,8.55,5747922.301548023,2986707.7035882846,5398212.07774702,228707.17646785115
529,417.1669,7.51,7321280.747136948,2376072.210353957,7904268.73917969,57448.82648258805
530,346.1363,25.85,7229252.639833847,7084619.079984005,6797580.245009859,7657924.694991767
531,555.1387,15.84,1179593.8750794504,1245869.5254986624,1075731.9371151133,1002897.6228796177
532,373.1515,3.76,1406823.1800932677,1873666.3872354305,1168365.3570583533,1020604.2885531463
533,458.1645,8.65,302455.91334633465,416312.2678886975,244177.077934062,470939.85959713283
534,419.0728,28.41,1396425.474554765,1370143.4359503472,1330999.1127281338,1159518.9044078789
535,306.0306,8.21,497968.9945755985,30935.261882569495,619252.074275149,3156.7698340920883
536,336.134,5.87,710210.6118691347,689878.2749381107,397352.88508116873,544304.3939511278
537,464.1748,9.52,5502485.229141845,6891538.377413891,3199318.528204977,5043408.866330939
538,508.2454,4.48,1205369.8243513387,1013253.8232403588,997317.2950247559,415977.19748411136
539,513.2039,8.74,4153013.685776227,4061295.315715808,3317312.5893031633,2956938.0836769436
540,349.1349,8.44,1217666.8718635754,33566.512568448816,1486166.1751081713,545.6443469583165
541,444.2392,7.45,2864771.724664206,2515899.7972165574,2546663.084303724,1442454.3237129399
542,455.1119,12.89,20248200.54639597,20778606.904307052,19259832.767966546,14225689.262149466
543,462.3703,33.01,2072614.8042120312,2415430.3493203158,2620226.6507824883,2597512.9492189754
544,330.1715,14.53,16319050.763269044,12415824.989165941,13557653.88602511,10828503.117064375
545,332.168,32.14,4911418.585058185,4551460.602803044,4590715.203171372,4108551.7685940196
546,426.1921,3.96,3234208.0458017457,2974636.292497475,2923383.4652961954,1498463.9040698456
547,482.0816,29.75,4427643.89087159,4258840.652930543,4902689.568529282,5339466.205986178
548,569.2876,19.37,30254284.367110174,31639408.054285306,28680004.63243321,27012652.023693066
549,285.1035,14.96,1010492.3852532711,992966.0621664767,1001205.9536450559,1080575.5401541619
550,408.0206,9.27,17241379.41064849,17776039.476691943,16024322.849181425,17252189.417679176
551,282.1237,4.67,6711462.351450315,7178471.665878149,4408976.555502069,6566646.14662419
552,240.1703,15.11,1178785.5834485998,1319972.4150591572,1104668.0268908662,1375885.3526877763
553,440.11,31.2,1034581.731870753,894304.6881005949,1061154.0001756893,979854.9941997704
554,358.0844,30.59,5910295.048252007,5670336.66056914,5992504.171308843,5808078.412015344
555,391.1563,4.32,897380.9492963176,1054842.4258915724,678340.8642257279,1008734.0550929969
556,451.1183,27.67,953505.6337842578,959672.1871815654,1070943.742674488,1084803.8233021412
557,341.2086,6.19,8624574.109394247,10172824.18914823,8729359.590122985,8977899.71042711
558,182.0631,5.4,179300.7593722965,153133.2319467995,181217.04409414483,153228.9041031294
559,298.1184,3.82,2563781.908165132,3028995.160741781,2060104.3791155294,2492203.532093383
560,478.2084,24.39,8647299.786345363,8388298.572890682,9029328.961071745,8463023.811394904
561,237.1024,22.42,3327801.214945494,3692841.0649438896,3055727.719510788,3702048.5137521094
562,530.1298,29.27,119605.36288239907,3897.103830661178,435855.6762917878,41.7114702397412
563,497.2799,31.58,25784941.670288857,24024217.97729925,23200117.398864247,15165749.426981531
564,338.1645,3.46,3039923.9551219493,3378623.4922329523,2563453.802004881,3284487.8320807144
565,341.1067,5.51,3760979.061984031,3504405.400034132,3136747.280615717,3803463.168269727
566,307.0456,27.19,131209.72430392227,135972.86183596932,131024.75305072808,134217.8735629357
567,457.1759,27.51,5403579.550184462,4365628.817038905,5594994.65246999,3965624.0265919613
568,308.1283,16.78,11999326.873450749,12334744.962311383,13402103.730666274,11478526.357242778
569,402.1935,26.33,18402527.17931441,18639326.90003137,18700444.199203834,19875315.694113597
570,516.1946,9.59,11513694.869211651,166626.03294676705,17853368.15802908,2619.889299223102
571,235.0535,13.02,836829.5429910573,842051.1167297818,789283.3899396574,808944.5089171159
572,461.2409,12.85,12275763.393635469,8230661.840577478,13072541.324127166,2249533.8828620613
573,391.0085,21.25,872784.5362222806,929843.4050852733,884730.2397344734,941461.4823400319
574,566.2918,25.4,7564463.855734688,8449701.716146817,7655187.984792989,8471765.095643977
575,376.1458,12.96,16577836.650614476,16309319.59114699,12229826.272699188,13093277.096741311
576,447.2234,21.62,2995771.2507663397,3172923.8906847546,2781106.746795262,3140267.0609949995
577,455.0587,31.28,1222633.4830855478,1034985.1093438563,1233696.1187841357,1130878.2641136786
578,391.1853,4.64,4776669.654030339,5860828.058405801,5596695.768857046,6533576.476329961
579,513.2046,8.74,4466339.698287626,4484033.418200808,3330190.3364503053,3017142.076484614
580,385.2137,10.4,19941395.15501664,20621957.241758727,13800536.127834976,12103199.88096948
581,372.101,5.02,3428943.9070356134,3861475.941905037,3727179.8802203066,2325323.3453691714
582,370.2127,14.16,31227079.57987694,39403166.92567825,18713219.474196978,29989021.731755875
583,487.1662,4.05,2115837.891556464,2657106.35809345,742052.2495552122,3158835.405226184
584,360.0343,8.02,13048388.45650413,12849736.51263083,11126763.031327792,13677146.786236595
585,363.1613,22.41,1187217.1926363388,1424498.5390264872,1026923.1788396073,1539499.3555800244
586,429.147,17.85,10419659.405814806,8387088.870813083,13323215.478623163,9069706.895766124
587,446.1704,5.74,683637.9010801087,519105.7698396611,614343.6861345324,83555.32891094791
588,318.1124,21.95,348298.66574640706,327305.6195065615,283695.24674388004,311802.0010917755
589,348.1527,13.49,13699250.866510676,6066648.6969842,13765168.701047124,1445995.971303252
590,344.1871,4.73,15428912.923023142,16932260.65120141,13568436.579519391,15746714.374719352
591,378.107,4.07,3548147.027563476,4394051.932837858,2525502.2898323066,4545105.009814497
592,384.1122,8.21,3117067.599475236,3037289.819387849,2939425.120908596,2944519.568997933
593,324.0665,29.31,1818851.363235292,1967160.6474885568,1898160.1848242152,1851408.7344165756
594,252.102,25.76,2327954.268597076,2802326.184361657,2789424.7806205773,2907564.1293741874
595,334.0755,6.93,12872378.903059812,13578998.015419371,10522049.058441035,14203597.741158053
596,465.2193,32.47,3061064.090692756,2740616.5696122674,3460009.4374266895,3732675.3895569886
597,483.2316,32.47,60421392.45791831,55274741.60880911,62376180.733463466,58109804.073929384
598,376.0875,3.75,1433346.5112595418,1541314.8434701725,1011135.3708595766,1820384.26150884
599,371.1605,18.85,987892.3875578006,152893.45735778875,1309050.147105039,28157.39397311191
600,283.0303,26.35,1534910.1782933245,1649974.9118848483,1588675.3704258942,1711499.8166307227
601,548.2209,8.15,1992451.3057997131,1571199.3091868395,1971169.576095499,809992.9837281557
602,254.118,5.69,229294.11159804114,251320.34969586952,242275.9970203428,239506.2775056172
603,449.1683,29.17,4688489.228551026,4678846.848024127,4576739.757752013,4880470.439298745
604,315.1139,14.99,997900.4631215509,1037860.9642498252,1054435.9971806994,1185452.1214831264
605,532.2721,19.98,1744276.6982758197,1104980.5631150755,2006615.1118878888,438513.4331758599
606,493.9527,27.05,1296849.525618146,1126669.7216020098,1317171.5649609806,1282775.3572378806
607,336.1708,7.31,17619777.7427886,20758411.379736293,15009301.574320195,19241581.923043355
608,356.122,31.05,16260648.218656387,13732149.866926394,15470972.739690516,14711033.934460144
609,410.1933,32.44,9786095.985023303,7371363.509019421,8029562.829146355,7609536.865195396
610,315.1338,4.31,1409265.070364941,1393501.9466382815,1233240.6830967146,1569052.7177062933
611,434.2186,15.54,4328355.654984526,4416776.35337463,3992694.117821891,4471032.895441111
612,372.1267,27.4,5803102.302486109,5869793.903222136,5904505.457577247,5776495.426213328
613,325.9705,5.65,1523498.3414692949,1373172.684916286,1252092.0208763822,456518.35795926914
614,463.9731,29.88,1937962.2848533047,1768364.3529398702,1646612.0009365864,2213641.5282865358
615,366.064,16.61,683588.7316884461,737818.9964229688,524421.6753792616,744532.1778237355
616,321.0476,10.98,4919013.922861952,4503570.129645153,4690891.51911492,4146898.919755551
617,315.991,28.2,125394.32476078263,139177.27399992623,132221.0092222094,128919.15080233336
618,425.1161,13.32,1540878.1450996213,1671107.4460930096,1510085.3022427768,1506810.9626148117
619,299.1028,23.64,3616506.16247776,3869521.196372458,4188847.472343895,4845572.678214807
620,486.1696,4.79,731179.9625891238,658970.617857604,606191.5205950624,598170.7355187609
621,508.1371,6.6,2922621.3483800697,180009.16758422996,3134169.375666036,159.64040045331222
622,431.2552,5.11,2742025.5576674873,3746232.210978242,253909.94312181292,4439466.400489472
623,451.2141,10.9,4387324.617951749,3953739.3479357995,2804922.293737472,2007983.4384459872
624,441.0366,9.06,2396025.118965479,2278524.5955469315,2513485.44663476,2069026.7783664064
625,332.2007,13.77,68521.31651023362,25871.716416438765,84183.6111931708,5228.11527837127
626,282.1126,11.78,14614406.314141147,16014266.026978683,14918440.573144661,13584708.731101183
627,792.4889,31.41,73289.11359189718,73975.10228309418,78167.53024984649,87499.85315297928
628,399.1452,4.68,3406705.3891344485,3982257.5579550304,2570164.086422166,3649272.3853111234
629,352.1402,3.74,856319.8483630344,748519.6675132369,874455.4373354125,410468.2159596577
630,390.1035,14.63,502510.88642721745,498611.32678196277,531981.6142459933,496164.0569716262
631,470.1322,15.91,11886319.336286925,8600713.419475246,14688455.59201261,4373396.601066569
632,370.1652,3.39,1101196.032200451,568392.7065067968,1254509.074612137,206614.6916170988
633,372.1486,3.98,3305316.189921171,3703265.8763962956,2526530.9710772512,3503051.993103957
634,432.1056,4.97,4631450.017038971,3710421.1828116057,4784853.143878055,1007930.4546188468
635,320.1619,8.53,2439140.868744683,2482613.4726897795,2415805.8584551364,1940818.7906445798
636,470.1758,14.44,1392664.821544055,481630.8762434161,757158.7503798741,138893.7405588988
637,414.0483,23.71,1778433.0319792265,1660758.5879751001,1793521.0105595419,1856487.2504299157
638,309.1059,30.81,10544139.584891759,10273243.613350742,10271262.05752038,10798185.02118244
639,393.2286,12.87,2159934.953807166,336892.29710750916,1830828.7042229627,66236.0986915416
640,442.1217,21.46,2912065.5494152177,3134462.26074324,3194577.2403536825,3035699.4940012223
641,520.2222,12.94,13111489.872925581,12413222.623735828,12041843.645996405,10491576.757231452
642,487.1883,4.63,2295732.5558578204,2324178.833293576,1569818.7297553038,2245159.97610512
643,366.1381,26.81,4537355.257678105,4544365.275595709,4335170.677512974,4438219.07439686
644,473.1102,28.78,4576661.598405766,4425496.437647808,4516798.453031666,4533291.840538332
645,335.1116,20.78,4950095.313552807,5174089.251089325,5256526.142617829,5332029.016751808
646,454.2234,3.32,333772.8219522782,373921.3173959347,235581.38062437362,408794.84807308554
647,355.2242,9.33,12709372.202724397,12224588.844104057,11744902.973184958,11125890.67984527
648,369.0722,29.32,311546.7866974735,305443.1123376011,296801.0270133323,298084.3289496527
649,306.135,6.85,7045047.196035895,5858084.845697124,6434922.57842471,515281.8535867196
650,419.2443,6.5,5629682.645863747,4367193.337528348,3328028.8611726942,2095498.0047900747
651,429.0813,5.3,1732850.0308123073,1685267.8071478577,1311363.9308889168,1558310.909976004
652,365.2193,3.23,164140.56165616345,151420.69172524108,95135.59085169621,107817.57643395395
653,570.2438,13.41,18261982.50819064,19508024.33935613,13421821.9544348,16615925.089375101
654,511.1589,27.3,15432156.94495383,14406656.015619084,15557758.241827706,7994213.669746062
655,370.1364,28.14,9936002.477442231,10378336.334892731,10537100.144847142,9822562.173599098
656,538.1687,13.6,7571058.200448821,6318781.09508637,6148973.298647076,4167220.0554565117
657,380.1427,10.7,787013.6712949958,815073.3054563544,679467.3670087715,463082.3171376084
658,279.1704,9.58,6983334.203239274,6548060.397536951,5206557.52237488,5113938.140431835
659,614.2677,9.28,8490173.682029335,4320557.9282787,8804042.28774966,588709.5521725608
660,442.2224,17.92,18439902.89100722,19585799.98888242,17159132.899509452,17406341.950714584
661,440.027,21.35,1241413.3108535698,1324654.1701195731,1335828.2205516808,1458427.2579707687
662,569.2484,13.55,21440344.964250743,18839414.89258551,17796460.43053581,13413890.418184377
663,348.0567,27.9,10527657.88521541,10208133.981702782,11322396.615250511,10157809.187642377
664,316.0849,7.3,9564482.211625407,10871925.245734984,8693756.452955356,10259986.422478538
665,403.089,6.0,2931269.1063079787,448631.15385714645,3133209.7201722697,748.7457999559549
666,446.1965,6.74,3348975.7502817838,3518821.401107615,3413260.7617960502,3795558.3207687563
667,406.1343,31.92,13447270.949920665,11046412.769187761,12747388.059266038,10169509.904969424
668,416.1713,6.48,3365281.114916474,3961943.7506503523,2837965.489709343,2773430.160437055
669,377.0723,27.73,3118278.4445284614,2836907.1767043583,3059342.220400728,3187204.5212707096
670,384.0835,24.82,1568715.388428443,1548164.3557474138,1483114.0950387293,1673277.906879816
671,580.2915,28.05,1235968.0822172877,1302253.9753818451,1153326.5244053118,1276073.6306426988
672,400.0994,15.61,4569718.083787264,4048502.017140835,4805340.949440961,3907734.317488036
673,396.1717,10.27,5428183.382746201,5456451.455288372,5408208.323246804,4989788.42615963
674,446.1342,31.14,367025.509460745,397189.96032796265,409110.35855339124,442877.03759646055
675,441.2286,6.71,12051918.72352661,12569718.172975775,11948455.045153957,11843710.37132951
676,461.1585,25.81,4431732.878513703,4271452.520805172,1713543.1776272173,3605134.6880821157
677,570.191,3.66,405328.66478684585,340829.41243111703,326856.258428931,245698.52687967714
678,478.9827,31.26,980722.9340222297,1048662.7180317577,1121623.4502354153,1064547.3433769054
679,281.0324,18.81,313530.11409040925,299095.2875011791,316635.3340760383,282798.6396686361
680,380.1963,3.58,730462.156422779,888670.4389300667,556072.3901422233,1108964.615476304
681,394.2095,5.12,1376251.8338444883,1437219.3301925522,1356749.7916676567,875788.4602864537
682,369.1018,22.93,2614112.833003946,2567624.675061435,2645862.9222069583,2545829.890832431
683,370.1872,21.69,5304121.655033697,5047927.379287927,4982372.650542151,5590263.782341996
684,457.1905,26.7,8487222.392007925,8289971.867205299,6993002.994460217,6603218.864925167
685,589.3095,4.59,3511297.9497694373,4558441.078467723,1631983.523568728,5331720.430116443
686,249.0883,3.8,2243003.1484265556,1783859.6539231734,2618975.7123191454,455234.7930603682
687,451.0026,30.42,880824.9779163292,828586.3763813921,734149.8698517226,794348.2644874917
688,545.9482,31.21,77540.44671085663,58619.34415501647,76662.820452579,72181.9533712656
689,636.4953,3.34,141639.1925919759,107075.58490007654,59823.17134054779,138252.58590895036
690,424.169,16.79,9417691.85547809,3663668.138250417,10898492.131030194,214493.47823160392
691,462.2162,22.67,10047114.02334629,8534269.619804302,7417782.295021455,6359816.27489901
692,333.1701,32.14,1594596.9341096156,1549032.847608264,1769236.02722377,1520745.5285481536
693,510.261,7.56,1177923.9906581664,1092741.4690233278,931932.395099288,892381.6001842562
694,443.0497,31.04,4224555.038938198,3721625.13819234,3202696.020627522,4149918.1244359324
695,522.1596,23.71,58340131.06190779,17999583.694068164,61400706.870295085,1652588.1604922437
696,382.1968,3.35,290902.87665409205,246925.498188858,247068.13753069198,345840.32893738156
697,538.3236,16.99,6257587.963107931,6492742.551177715,5938263.0900457585,6184828.950649167
698,328.1479,26.2,1949070.001694483,80679.59343315255,3119442.694297101,3539.9342817222514
699,397.1311,13.44,3435336.5154934316,2618910.8319901587,3012768.550422042,1211990.9256577387
700,150.0773,0.6,280312.1883381969,264362.3825984083,267525.4295378821,367041.3004859031
701,415.2745,18.99,26716084.76168856,23678890.450260468,20282278.88833037,18093238.774998385
702,224.0058,5.47,212622.79457422212,209796.96735658447,171678.26575494313,205428.43794749276
703,234.1233,0.59,90168.3617253922,106550.80524167219,88042.76234805622,95218.10184681811
704,466.2338,7.68,7493745.609371049,8907800.33079722,4611808.256307553,7455159.721999075
705,506.1092,16.83,4520130.933837356,2346024.262454762,5295322.716997318,356651.62647843896
706,291.1602,0.64,643091.174360855,678258.3069675722,720797.4960389289,619517.8255451969
707,280.0848,6.98,5561165.227066199,5475566.527781436,5383470.07270449,5219788.447880458
708,312.0916,5.88,3934316.665327054,2552381.7996310834,4070484.4368132316,65007.39014972783
709,310.108,30.81,2681684.468390192,2567701.799314214,2529832.2096508453,2598702.6566833374
710,581.1556,6.93,6148772.085354755,3678727.721816917,6409831.122131555,188573.75855420734
711,499.2268,4.06,1949403.8867496806,2313008.861902194,1122413.073667993,1835692.7193386396
712,551.1871,3.7,140951.15814798645,146912.09548279477,114885.53862825564,166880.72561784444
713,513.2363,21.84,37287585.85605952,43528748.367901325,38675537.54441479,40008219.79631453
714,452.1692,17.31,13778485.01787172,13644245.915685281,9469547.30965987,9727610.248632029
715,431.0505,10.63,2518304.5273378994,2978877.6137407175,2676189.7573484527,2912797.8309244327
716,378.1342,5.64,2833602.3282690416,2814639.2568436735,3107850.0785593935,1888970.760884156
717,528.2489,7.84,1439728.3440085624,1492311.4642729377,1085350.9614707844,1519345.2953287668
718,406.1847,4.38,1959378.7429740587,1752989.485184478,2022196.1178690167,1704782.4608585755
719,371.0347,28.97,860384.5074169121,948083.0496582168,881212.2572119958,1036799.9248093417
720,470.1864,11.51,4107623.5740926717,4307061.490452062,4282422.590144758,4808738.664810793
721,321.098,3.77,2123303.6122256666,2508669.5716795977,1558669.9655877622,2755758.1236077584
722,285.0803,3.19,395785.00568022893,402605.8838075549,365919.52846523735,477215.606050372
723,433.0713,31.28,1136207.5391490338,1079449.765551288,1290794.5936697223,877189.0342974407
724,464.2762,3.56,896558.1293206911,1036537.402913273,508542.7311773865,1277043.3239805317
725,521.1292,11.5,4576010.5460152365,4225459.32270904,4158533.732040367,3958284.1193240513
726,338.1776,5.93,15962873.994073717,9891732.302860454,15237238.526760204,1833136.8570238727
727,272.0344,15.48,390365.98159735877,420281.40645083226,384795.7509400878,406137.0886155076
728,554.2312,24.25,192972.05074622727,1294.6932203231586,2715565.060282012,0.12251815901467228
729,491.105,13.16,6939256.354704737,7414300.309444103,7169257.942150641,5406525.523094878
730,439.223,30.57,8994467.740796383,7623985.9750180645,7951820.12670216,7300120.272128738
731,376.1626,9.51,13167382.754331239,14471647.334735502,11976438.987558516,15268242.777140917
732,383.1756,28.13,10358593.466132311,10822663.238751156,10215640.933969999,9909607.657461543
733,524.3346,13.41,17194464.936532192,15945821.52726009,16016033.93577797,16964273.80344665
734,376.1569,22.76,6795747.3037767345,3979002.697806345,7667741.899447614,1207318.5448842077
735,504.994,31.61,1757874.1933657555,1740122.2691141446,2305648.326230379,1957034.906602332
736,486.2611,4.03,7413861.719140804,8965722.915808694,7257844.326372248,7745759.497180067
737,392.2333,9.25,245774.38717659478,0.0,1935313.2265206268,104.56129611171764
738,275.1078,3.5,1668052.0040996117,1572023.6171036426,1742967.1038908015,1740052.3938047977
739,239.1163,27.73,1902779.7147168014,1707319.175080976,1962557.5628364582,1398356.7586230934
740,296.1393,3.36,1583239.2770443964,1390631.2447352721,1013020.8708790476,1766287.1059531993
741,283.1806,10.23,9365615.331668077,7957340.600423988,8024551.933048308,2180235.071655053
742,353.1133,25.96,3249743.107299283,3123444.134494032,2980741.0854830155,3209952.2652569585
743,353.1127,27.5,4077311.760688767,4155097.3006207896,3653226.3727374948,3976927.549150617
744,486.0951,7.88,3379825.247993358,3145551.527309781,3552366.255295293,2777790.197908935
745,408.1378,28.46,8044689.1099639945,7197076.941798119,7002948.348973758,6740928.620285937
746,408.1333,31.92,1070095.4751462913,1060040.69260609,1154070.033905422,1026286.8562939775
747,397.177,3.86,2731694.334510712,3241710.2149661593,1941687.530231122,2748560.456123352
748,397.1769,4.85,1087.2660053896616,840.6262419718119,995.6666243080014,957.4866180618722
749,448.1437,6.0,4482576.056027375,2656144.7102252124,4869269.789334853,76606.48383095415
750,448.2461,11.12,179566.21887273772,116036.22078021726,180215.15327846803,13781.695292613123
751,466.2449,9.32,13259804.086928343,11175260.100739373,11082734.880974457,7145654.416605922
752,466.245,8.69,22165621.571863748,21960884.689405795,20594288.815372635,22203650.7943792
753,533.2272,18.3,49587776.49866712,42205883.79725564,47314558.22032081,29586753.399748445
754,609.2954,3.88,1456324.952137965,2390459.401298042,686737.9977278877,1594188.6335974475
755,548.2211,8.15,1992451.3057997131,1574164.9716153315,2008692.0433411505,809992.9837281557
756,357.0843,15.04,111963.27202113748,105344.50214635367,104678.33115049858,105598.23134368133
757,309.1057,30.81,9844296.178574927,10273243.613350742,10271262.05752038,10798185.02118244
758,299.0795,14.19,247943.62000398105,304544.3283663718,228506.50856013614,280061.4360557131
759,299.0814,13.34,298723.52894968656,328459.18525991665,303230.6640335045,376003.00538788555
760,592.1881,31.53,10461.930009832533,13558.711479491041,14830.043761855983,12063.811281434628
761,359.1468,28.3,768445.6628947,789413.6858591214,817170.6886290496,768055.940768882
762,804.2916,3.42,197795.82477135878,188766.4269678308,171562.6175501403,258559.29522011863
763,533.2272,18.3,49587776.49866712,42205883.79725564,47314558.22032081,29586753.399748445
764,438.357,31.0,101918.07717742644,102650.560394864,95754.19060791549,114923.33642577026
765,447.2574,26.99,71376.51017964294,52565.974772286965,60260.60949110049,37525.691050737856
766,766.1635,31.79,4893.407046327899,3181.7337779462564,4337.206467574349,3097.7725151643176
767,313.1765,3.39,2180712.931479415,2468582.375560288,2116461.627667904,2562665.2690522647
768,313.173,5.07,936366.0008285772,586380.8130914099,945370.9208369576,2974.7641206720723
769,313.1768,32.26,509105.3750550439,547151.0061841983,617078.0958558676,520413.0179024083
770,268.1887,7.84,178353.64647145974,182588.00670174666,118704.58528422083,124386.66058328282
771,214.1106,7.45,1338463.6731871471,1195103.2281284695,1016521.1315945854,904868.4522095524
772,214.1103,28.41,3419897.5719622998,3528967.0547916046,3239030.0007978496,3050484.2217304534
773,361.1987,31.44,2925351.0926283807,2684269.5753936474,2916514.4145244835,2618834.885502632
774,371.16,9.65,7283096.638826925,6454861.770796709,5923610.935781167,4462010.197817133
775,337.2167,13.04,6511788.519332188,6975388.103245611,5821984.73582615,6578215.033359419
776,400.1473,4.68,869978.5332845165,1156619.3499409491,764888.8092182323,1201724.6350113568
777,400.1427,27.69,726007.3676619056,699973.5613279837,645794.7868847452,667821.5707920063
778,442.2233,3.24,686885.0585371226,602886.7059041078,547172.2347451246,412655.5107470149
779,383.2788,13.04,25184.826733193753,30786.284495985263,29165.922885514723,24376.9394251475
780,333.1411,13.48,80248.0099117889,44364.97676940602,72682.74652877329,6141.337061538392
781,346.1025,4.78,125952.89567806531,127632.25024357022,112379.00863988113,125132.85063669103
782,346.1022,13.08,72741.33253698761,46321.96045678351,71917.42610136991,9826.981575387457
783,411.196,32.44,2093817.667862914,1531079.7122894577,1684684.6886212723,1586711.6181676006
784,337.2127,3.78,755003.5539920616,757328.691424829,593130.955202118,817961.1774114853
785,316.1767,0.6,349107.2799729583,351692.83699142316,318666.3520092274,315928.25392718904
786,438.1719,32.47,157483.18653416584,184600.85663477698,175083.86589752175,276486.8464587703
787,256.0966,3.74,112059.30689477059,109586.0222517632,103739.95609702113,112169.81302594068
788,256.0992,5.93,1417553.548121668,1269057.9912545732,1572441.0269936924,365158.5916316676
789,247.1805,12.02,426490.61533753615,490036.40205533756,365641.79205939115,640467.1408520857
790,247.1804,24.68,238591.81807296592,219625.94848376032,249869.98826149807,238078.52112978607
791,348.1423,25.55,811103.9844637658,850047.6130397479,828428.4691977939,819324.1130462334
792,292.1086,28.81,140415.15609802527,168021.8228686003,132180.5999151796,159966.90292028434
793,502.2354,14.91,1493881.4936271796,287876.46748874354,1544366.0868203514,105483.23601918045
794,548.2492,29.31,188574.32195628242,139925.99074106952,174726.4567535959,74069.75742995953
795,420.1304,6.51,303701.71060140437,322066.2579260391,252622.97763649732,193416.06706064913
796,342.1691,0.59,355481.9328121868,444912.5805293615,379467.562813573,399579.7794062089
797,432.1896,14.95,5825.498619508404,483.99576271169985,12208.390258433788,59.10825375346811
798,255.1127,3.47,147380.82878619246,140974.1187545262,155651.7311283934,152193.22037027046
799,242.0805,2.01,3212229.9340547347,3256276.375941758,3031952.670561092,3028364.281136555
800,315.0768,31.05,181930.93179931867,170572.11886748826,203148.1076681503,169008.81494081736
801,288.1597,2.31,2775344.7644506753,3051856.6473395634,2773130.6477953047,2638448.7498703757
802,415.2113,11.83,4689964.753500796,4641302.273991246,4505113.660438953,4924847.000470542
803,415.2117,27.0,12705913.394765293,14099906.578113612,16403871.759335522,14110241.813528398
804,371.107,4.04,216189.1776392889,203339.31979486073,191095.38036251307,145678.91090649785
805,371.1059,23.76,2486176.5410229955,2252656.849784675,2417411.6904161423,2333398.2880443283
806,371.1008,31.39,92019.72188951488,18518.187557532612,55272.555662415776,121004.40234115318
807,371.1016,31.96,119795.8225385931,26876.15075411922,93147.30871431099,323921.6256847082
808,371.1016,32.74,342741.60062946286,290578.79512663686,399119.01173130714,840652.8186099827
809,371.1012,34.07,75644.53357034549,76734.44004313082,106809.13992378417,238758.37984236324
810,412.1958,18.18,5644978.427934966,6075065.402342661,3816289.978888527,5389707.756883195
811,412.1911,32.44,1114498.8647275027,681004.0732834844,945231.8529709042,731054.5804558785
812,296.1837,5.17,1619467.9328702858,1850605.7147015554,1163322.3348200803,1845295.5161598504
813,379.166,4.85,743478.3123588844,422618.65212818905,802643.3435075806,3562.4333593965484
814,379.1652,7.68,412274.19283259334,468610.1179923886,431489.91530602856,446916.29780510376
815,379.1615,9.51,297436.4384161225,295446.7989111168,284876.1347163801,284190.0548033564
816,379.1651,25.55,184020.99055772426,225261.07325183306,156638.34000163362,198871.09655898417
817,285.07,9.06,172882.04001100737,115222.86910385483,155578.2769608345,59292.12366000819
818,376.14,13.77,11896993.389611954,7843776.124533142,11939643.97458854,3651186.950285653
819,227.1142,10.9,278926.4227559345,346120.4293773407,283502.5185710703,310815.8798245579
820,460.192,26.7,126779.37674226669,117123.12339634595,108606.29074777955,101812.86985364152
821,200.1103,3.27,1857787.737093782,1836718.9362413082,1545207.866584988,1681068.434774071
822,186.0886,3.39,78062.3005449455,37413.615081046766,57643.80363561181,18385.707042513244
823,308.1404,9.28,746630.5056825234,595764.1444943509,692771.5281891247,132521.91057450967
824,109.0754,3.52,45163.54753570192,22303.351607771932,45654.04516546323,11961.643107102922
825,109.0755,4.85,91278.06516242094,53533.036278864834,121974.76415047892,42554.771859937726
826,478.3273,27.74,2336.578434737614,2604.655387771311,769.8263917770275,1791.2765977884678
827,313.1733,5.07,936366.0008285772,586380.8130914099,945370.9208369576,2974.7641206720723
828,313.174,12.32,3529474.702285207,698019.8444257526,2422915.5602218364,87277.62457633538
829,313.1772,32.27,456974.2819973687,536595.9576209208,561925.3541596757,547569.1503220624
830,330.1487,26.78,492601.23146570276,306575.0549635345,548874.4331801175,168656.33210973465
831,433.222,30.06,326178.0654913159,332361.16759344016,386876.45615323464,329760.75871467503
832,234.1125,29.49,228570.26361195356,234572.474400467,225234.0334900163,215241.78141599754
833,234.1125,30.57,62002.86669919154,59359.78239426062,54089.24300313242,58346.615123227246
834,220.0984,31.31,3407650.3696829136,2498697.1757822637,2420884.117574594,2399751.8388163773
835,154.0855,3.4,17294.66941384841,20683.215247984095,16644.704736705695,9209.001519421081
836,154.086,31.66,4702.444067839237,6952.090743016268,6850.929558307237,7498.552457954712
837,154.0859,31.72,3382.82246746815,5650.912304492548,4941.467264894691,7374.0604255743465
838,226.1114,10.9,6346987.761952279,7010781.154738249,6063850.595889631,5905234.642059774
839,156.1015,3.33,54900.8232490939,50071.25039409181,30648.393182113974,68876.36976764034
840,225.0915,10.98,154732.78612173052,74049.98389819454,208953.95231525053,30093.900444138373
841,325.1131,25.9,293285.44079719443,228988.0902861899,258694.54308184944,246757.01848454037
842,265.1912,2.17,1823585.154928058,1892670.9475077742,1741951.5741148647,1828235.4445109894
843,249.1963,1.55,1078207.9673452822,1116330.0811363747,1208468.161082936,948367.6463941445
844,249.196,18.99,778351.5481946798,767294.5290554749,810306.9327577741,597182.4286178455
845,397.1736,10.26,1436729.5153964837,1470945.8976027677,1351928.919144282,1463092.2227118318
846,481.2147,12.79,2683036.2848113575,1781717.7641897884,2479533.882207875,542272.3101401374
847,410.0126,29.75,6418.772628715791,6177.302341845927,12248.339328289232,6684.064784257484
848,410.0126,30.02,27988.411035979545,20405.108921912582,29144.468246821365,16017.150706287559
849,434.1698,18.48,7018883.931285735,8083548.011759971,4947305.383671836,6181444.995722664
850,478.1589,8.57,1135333.5733863653,1161536.6823584558,1063486.9261431166,874064.3221609257
851,507.2315,14.93,2536541.4927178184,738624.9360670671,1327984.6361663782,121887.72413792828
852,310.141,4.12,1360160.7960930613,1238152.6982052238,1261060.2954834236,516151.1738924771
853,471.1799,14.58,509872.90845787036,4936432.958362043,69838.77465730724,45148.45965185895
854,434.1953,27.82,618306.3903426554,658297.7086406297,559951.0148210586,672989.8645841877
855,354.0787,5.67,312317.55986978544,477663.9394289675,126898.94493919422,528848.1168819967
856,514.2009,7.15,354375.0718651422,687378.6817907677,338149.9981452453,589653.4579248484
857,514.2063,8.74,1467190.3401732955,1445484.741064671,1081975.8268920134,1027342.977830128
858,174.0574,4.43,216368.2281482857,252953.74593725268,162974.37977532265,190258.1345349251
859,174.0528,13.41,8134.713183407568,748.6969456235502,8271.681110845862,237.14868497802817
860,365.1583,4.28,202165.83215266402,194958.2776069454,158032.96408807556,245931.84561808695
861,454.2623,4.83,1981929.567573243,1088014.7866090105,1851588.1250508924,241160.982704031
862,463.2551,6.11,224661.73321411278,253417.25157414118,160173.79402726525,296534.40789152094
863,396.171,10.27,6226542.115412321,6400905.40636103,5960777.7258191295,5981287.400934751
864,378.1598,9.51,1475743.7241776097,1526437.0838015508,1264365.580980686,1688058.7596276847
865,400.1473,4.07,438260.7898343833,550952.9302119038,316017.2224676912,757999.6552761439
866,400.1472,4.68,832597.4633318547,1149246.5100562214,764888.8092182323,1201724.6350113568
867,400.1427,27.69,726007.3676619056,699973.5613279837,645794.7868847452,667821.5707920063
868,284.1099,21.32,352806.2027108511,431492.5256905669,338844.3571798896,461738.1709217269
869,571.3095,14.79,359514.65794588684,94758.1716629185,159162.953638372,8143.533680661867
870,258.033,6.29,321865.9904914275,349430.27629966446,307701.7192633274,330538.68915234134
871,114.1272,12.32,33687.30028128116,3296.7056718526883,54131.118415744466,284.4809707230136
872,500.1895,24.39,1401748.8893035632,1207540.7302368798,1400423.5742422787,1202304.7290622802
873,370.1372,28.14,10042518.060735304,10261568.595089924,9744540.454177534,9564883.89323119
874,445.1603,5.23,420709.16961374076,523442.5008176846,223851.29637134643,516227.4634074532
875,445.1602,5.23,420709.16961374076,523442.5008176846,229783.16248697514,516227.4634074532
876,390.1269,26.96,47238.08046503893,34071.73490451892,36175.77367503039,37219.180298508516
877,374.2115,18.53,12213159.260475608,10689470.933002304,11533171.381153388,3795786.435768202
878,312.1239,5.6,193218.8377946703,179551.457939231,128441.57167990509,112432.78041057147
879,312.123,21.26,5196609.084980006,5195129.3253166685,5559582.063958932,5278039.729959486
880,310.1342,16.77,301818.0988063114,287179.5454667928,277061.7954569858,296280.376882142
881,566.2917,7.75,8941473.291341448,8487688.315538805,8535673.893856011,4230754.441617721
882,309.1599,4.42,5447297.582603622,4991120.831345333,5544148.42845623,4857364.379027056
883,274.0156,32.26,4157.000794326801,6333.779821427188,8411.59758313382,5332.700780376004
884,373.1286,27.4,1122899.362408069,1132773.4276647237,1190935.6318849372,1045667.6801989753
885,434.1701,12.73,7141410.985877323,6875740.304829131,5707380.830368644,4548903.0742677795
886,633.2555,31.15,4172104.1241267305,6423314.034548411,5412657.45295391,4836071.861202659
887,192.0781,6.9,650366.6163062947,532949.1985432049,610602.7569690506,111222.61745816527
888,192.075,20.56,189138.62047604425,175938.36674343544,188677.10137776384,173949.5978912136
889,377.1599,22.76,1342306.1523833757,954088.4392016281,1648786.8445377965,307969.10443900165
890,392.2585,28.9,523534.70622674294,641843.5841378423,556604.072977043,500517.3165261871
891,248.05,2.01,15246.67609585038,17968.146223604304,12706.961348147166,15859.92250141718
892,248.0487,22.93,7224.902960559621,4171.760976328557,5296.473063159086,2527.173074534457
893,494.2657,18.09,64445470.23336782,41549199.45357718,73477301.51221979,17644210.94817679
894,343.1204,8.02,168907.6077054056,155011.36911120417,148020.17009607446,145593.14217259717
895,311.143,4.12,187069.6023812117,175234.78217065686,185504.0333788156,109469.21216160673
896,311.1379,7.1,757547.6377802553,67070.70266709804,803566.2905191137,1133.429628439051
897,196.0888,3.56,1641291.7625443134,1463091.5463067903,1533788.4047577064,1663915.949417457
898,283.1076,31.0,109538.27722384536,101591.06416452298,91387.09282718718,88597.91537240018
899,380.1665,27.68,206812.97179838966,186359.45374869803,103062.55119628075,222744.39187488388
900,289.1067,3.26,110951.9675779882,123718.0303177047,80273.2202098334,126416.21090096093
901,289.1081,7.45,142089.83502607222,140747.5789438803,128244.19662036574,120898.95208585064
902,289.1071,9.58,101762.0133954416,81472.68787105587,108752.1041217587,27481.18859562406
903,462.1575,14.56,162913.0507875429,26743.930359572674,151822.9489796564,4879.302446597445
904,285.1086,4.01,218133.44940237157,238505.90495058466,164664.10866092818,297497.6399809596
905,285.1037,14.96,1028127.1753654559,1049058.675975698,1052708.53233509,1187287.0176913359
906,263.0813,10.67,545499.9645511117,515602.5603593409,458724.78729283955,501685.8807086684
907,444.1046,4.05,194618.6188712314,248397.13601651974,79307.92036291651,347615.4669908693
908,394.2313,12.87,2489018.1477470594,2130063.9033143227,1963884.2432752422,639498.7243772342
909,394.237,31.56,28994.919321948615,31252.899995202803,33366.60864991002,29092.38664832145
910,451.1514,13.01,892335.3151372208,1009988.6492543176,931418.3122263763,877609.0277844014
911,472.2297,3.49,286230.37829922506,278390.76060633094,265896.6345542406,290508.1077732345
912,373.1569,18.85,113433.44293230589,17066.24077430329,148357.90270539932,2106.9132358959814
913,373.1569,31.61,31553.883088507173,42485.80191761553,43414.24147539083,34073.81979872118
914,336.1341,24.39,481005.6352125267,516236.3029688541,458541.4595725578,532592.832235227
915,285.1049,18.04,3880384.269876445,4443020.119445946,3297698.9388947426,4219701.702921917
916,237.1023,11.39,7259634.417139933,6623338.516251242,7488959.128251642,5909784.387529728
917,566.2928,7.75,8941473.291341448,8584023.130830366,8653827.778250363,4241522.480733944
918,376.1408,13.77,11457699.640839728,7761889.195965601,10971519.006891133,3474306.0191388736
919,446.1698,6.37,825651.7449978677,573871.9695107099,720469.310782444,474001.1494113067
920,446.1721,9.04,803909.7518753131,812254.8578392514,814537.4830026338,598723.578763781
921,446.1655,14.76,734867.3895230552,785691.9804375016,713499.7487442578,808029.2142854917
922,252.1052,5.53,196618.9653195693,120681.26084086717,169412.6302153129,25857.60055371101
923,252.0994,8.53,246191.49463093284,187178.7604446491,226571.53648096594,75993.20228102079
924,252.102,13.34,173957.9692550884,171431.22435065985,168961.0022842492,207160.49922924535
925,465.2177,5.67,3725515.343149315,3352985.8601744436,3621518.746127275,3640612.246068125
926,371.1599,9.65,7213931.45129157,7028021.521650498,6677944.340743255,6071176.891656917
927,254.1207,4.11,338810.7439901636,400264.81711723434,322870.5208643303,451504.08851327834
928,315.115,22.32,16089.337394345495,15470.267191284482,24046.880606342937,12029.978084379734
929,315.1139,24.44,461228.6696755559,511587.1110573937,178748.4145635836,629742.904314409
930,315.1157,31.59,152344.27413869527,132500.5686899266,129797.9713817548,177205.44617363327
931,410.1984,18.19,16972708.651989453,16656680.950921025,13792936.77728444,11397680.573124422
932,434.2179,6.07,467351.12201782246,500210.3573459902,560226.250527002,412545.9334032552
933,434.2243,22.78,1345377.1609084802,1395938.3889511481,1277426.8030696833,1395000.6480464824
934,431.2612,12.39,972805.8939664718,847891.592357266,922301.6259422327,275691.2490512709
935,390.1058,26.12,608874.3581426363,623807.3353275205,579420.4971220475,619561.4751581905
936,471.1803,14.58,509872.90845787036,4936432.958362043,69838.77465730724,43039.08691408849
937,487.1856,5.56,1727880.598494363,1803155.9152075865,1673957.6039215461,1251379.199662697
938,487.1857,8.46,826356.5889036446,829132.8985445573,501670.3866715954,850430.3161621577
939,369.0726,5.56,38650.72356401443,30354.16443313245,34139.31809749714,27029.666211414497
940,365.2162,6.51,176368.89341928458,227633.9409392009,127946.97125404532,227457.54286714757
941,380.1426,14.83,390016.50434623007,58611.10707405318,489850.972750915,12745.008122724095
942,442.2234,3.24,629574.2263330517,553800.698649698,542228.3101592205,412655.5107470149
943,442.2304,6.71,3022087.191339016,3321973.898535114,2987316.752111337,3313828.842964218
944,396.1664,6.29,2583960.2175243297,2673898.5775202834,2314441.5893366733,2725875.4561018273
945,396.1702,6.71,195822.4912316156,207896.34724306926,93368.34942705686,152545.00678612822
946,394.2097,12.35,174126.98075967643,169068.6046605269,150247.69246059857,183030.17723557347
947,394.2107,16.79,146217.97910940147,48072.401273928896,163812.55961165286,12308.030157528801
948,424.1735,26.33,2022760.2123824935,1814018.0131712575,2145938.07821056,1774631.8195875315
949,510.2641,3.66,492227.8261840895,652148.2620788508,304537.4985636503,571175.1509039386
950,234.1239,1.94,583732.9155186607,648342.6085926235,498560.5535194299,676664.5677562302
951,291.1604,2.24,1305845.9172527508,1452691.1624912163,1279902.1376367628,1328052.5273500877
952,312.0905,31.22,403011.26112402865,333729.6901859228,345430.96231329115,282067.7449720016
953,378.1369,13.77,1196395.54899967,878640.8738460254,1200798.8044896512,350482.97594469466
954,378.1343,27.8,1667714.1259568632,1465167.4389256192,1651983.288619666,1401867.8047874693
955,285.0803,23.71,424490.6595820501,165435.21509132296,587144.9251551396,11097.458852208667
956,376.1572,22.76,1415401.265918811,651907.4209724057,1049274.2725093788,93897.12976194895
957,376.1621,9.51,13167382.754331239,13683043.275385797,11976438.987558516,15268242.777140917
958,218.0811,3.79,755343.143335243,757623.20906198,682514.0390220683,699819.1720233677
959,353.1129,13.34,319714.48077550315,349598.9337802376,308406.37772173714,378813.7393827981
960,397.1746,10.26,1237799.127171695,1326321.035009876,1175927.622511554,1278646.2072701463
961,299.0823,13.34,327756.55762195226,399010.37525725726,314198.69350709545,364675.60397576913
962,383.046,13.06,96541.15009591634,92028.74486947227,80393.43225217069,79410.9441701895
963,383.0469,19.13,23928.355789986665,38964.65868609345,31294.67283737002,34516.93465492248
964,299.079,14.19,268291.54823428416,313923.09933565574,248295.2186824857,297822.170387159
965,299.0787,6.0,20668.281609102753,1727.6931568358727,19514.86257357124,444.72177593709904
966,299.0833,10.0,58843.30877781332,46837.68585886792,44586.459205955245,32037.70083352537
967,299.0792,23.27,104538.67913094598,117280.86735443481,95870.46900924158,109584.74795712242
968,325.177,6.07,2112288.346098012,2449480.513095633,2153349.2848294475,2052702.1794691484
969,359.1428,17.22,10849.105343217685,2218.1513518984793,94948.44188861808,0.0
970,359.1496,31.73,228668.82323767582,207804.44625695632,205599.51233959798,199683.0725355727
